sample_id	filename	coverage	total_gbp	download_url	s3_path	seq_plate_chemistry_version	library_id	instrument_model
HG00097	m84046_230716_051716_s3.hifi_reads.bc2086.bam	18.1	56.1	https://s3-us-west-2.amazonaws.com/human-pangenomics/working/HPRC/HG00097/raw_data/PacBio_HiFi/m84046_230716_051716_s3.hifi_reads.bc2086.bam	s3://human-pangenomics/working/HPRC/HG00097/raw_data/PacBio_HiFi/m84046_230716_051716_s3.hifi_reads.bc2086.bam	C1	PG00097.HFSS_m84046_230716_051716_s3	Revio
HG00097	m84046_230716_054822_s4.hifi_reads.bc2086.bam	19.2	59.5	https://s3-us-west-2.amazonaws.com/human-pangenomics/working/HPRC/HG00097/raw_data/PacBio_HiFi/m84046_230716_054822_s4.hifi_reads.bc2086.bam	s3://human-pangenomics/working/HPRC/HG00097/raw_data/PacBio_HiFi/m84046_230716_054822_s4.hifi_reads.bc2086.bam	C1	PG00097.HFSS_m84046_230716_054822_s4	Revio
HG00097	m84046_230718_223822_s1.hifi_reads.bc2086.bam	26.4	82.0	https://s3-us-west-2.amazonaws.com/human-pangenomics/working/HPRC/HG00097/raw_data/PacBio_HiFi/m84046_230718_223822_s1.hifi_reads.bc2086.bam	s3://human-pangenomics/working/HPRC/HG00097/raw_data/PacBio_HiFi/m84046_230718_223822_s1.hifi_reads.bc2086.bam	C1	PG00097.HFSS_m84046_230718_223822_s1	Revio
HG00099	m84046_230517_211630_s4.hifi_reads.bc2012.bam	19.8	61.5	https://s3-us-west-2.amazonaws.com/human-pangenomics/working/HPRC/HG00099/raw_data/PacBio_HiFi/m84046_230517_211630_s4.hifi_reads.bc2012.bam	s3://human-pangenomics/working/HPRC/HG00099/raw_data/PacBio_HiFi/m84046_230517_211630_s4.hifi_reads.bc2012.bam	C1	PG00099_1.HFSS_m84046_230517_211630_s4	Revio
HG00126	m84046_230602_203207_s4.hifi_reads.bc2043.bam	10.1	31.2	https://s3-us-west-2.amazonaws.com/human-pangenomics/working/HPRC/HG00126/raw_data/PacBio_HiFi/m84046_230602_203207_s4.hifi_reads.bc2043.bam	s3://human-pangenomics/working/HPRC/HG00126/raw_data/PacBio_HiFi/m84046_230602_203207_s4.hifi_reads.bc2043.bam	C1	PG00126.HFSS_m84046_230602_203207_s4	Revio
HG00126	m84046_230617_043254_s3.hifi_reads.bc2043.bam	7.9	24.4	https://s3-us-west-2.amazonaws.com/human-pangenomics/working/HPRC/HG00126/raw_data/PacBio_HiFi/m84046_230617_043254_s3.hifi_reads.bc2043.bam	s3://human-pangenomics/working/HPRC/HG00126/raw_data/PacBio_HiFi/m84046_230617_043254_s3.hifi_reads.bc2043.bam	C1	PG00126.HFSS_m84046_230617_043254_s3	Revio
HG00126	m84046_230617_050400_s4.hifi_reads.bc2043.bam	8.7	27.0	https://s3-us-west-2.amazonaws.com/human-pangenomics/working/HPRC/HG00126/raw_data/PacBio_HiFi/m84046_230617_050400_s4.hifi_reads.bc2043.bam	s3://human-pangenomics/working/HPRC/HG00126/raw_data/PacBio_HiFi/m84046_230617_050400_s4.hifi_reads.bc2043.bam	C1	PG00126.HFSS_m84046_230617_050400_s4	Revio
HG00126	m84046_230621_231827_s1.hifi_reads.bc2043.bam	17.9	55.4	https://s3-us-west-2.amazonaws.com/human-pangenomics/working/HPRC/HG00126/raw_data/PacBio_HiFi/m84046_230621_231827_s1.hifi_reads.bc2043.bam	s3://human-pangenomics/working/HPRC/HG00126/raw_data/PacBio_HiFi/m84046_230621_231827_s1.hifi_reads.bc2043.bam	C1	PG00126.HFSS_m84046_230621_231827_s1	Revio
HG00126	m84046_230621_234848_s2.hifi_reads.bc2043.bam	19.2	59.6	https://s3-us-west-2.amazonaws.com/human-pangenomics/working/HPRC/HG00126/raw_data/PacBio_HiFi/m84046_230621_234848_s2.hifi_reads.bc2043.bam	s3://human-pangenomics/working/HPRC/HG00126/raw_data/PacBio_HiFi/m84046_230621_234848_s2.hifi_reads.bc2043.bam	C1	PG00126.HFSS_m84046_230621_234848_s2	Revio
HG00128	m84046_230602_203207_s4.hifi_reads.bc2044.bam	10.7	33.2	https://s3-us-west-2.amazonaws.com/human-pangenomics/working/HPRC/HG00128/raw_data/PacBio_HiFi/m84046_230602_203207_s4.hifi_reads.bc2044.bam	s3://human-pangenomics/working/HPRC/HG00128/raw_data/PacBio_HiFi/m84046_230602_203207_s4.hifi_reads.bc2044.bam	C1	PG00128.HFSS_m84046_230602_203207_s4	Revio
HG00128	m84046_230617_043254_s3.hifi_reads.bc2044.bam	13.9	43.1	https://s3-us-west-2.amazonaws.com/human-pangenomics/working/HPRC/HG00128/raw_data/PacBio_HiFi/m84046_230617_043254_s3.hifi_reads.bc2044.bam	s3://human-pangenomics/working/HPRC/HG00128/raw_data/PacBio_HiFi/m84046_230617_043254_s3.hifi_reads.bc2044.bam	C1	PG00128.HFSS_m84046_230617_043254_s3	Revio
HG00128	m84046_230617_050400_s4.hifi_reads.bc2044.bam	15.2	47.0	https://s3-us-west-2.amazonaws.com/human-pangenomics/working/HPRC/HG00128/raw_data/PacBio_HiFi/m84046_230617_050400_s4.hifi_reads.bc2044.bam	s3://human-pangenomics/working/HPRC/HG00128/raw_data/PacBio_HiFi/m84046_230617_050400_s4.hifi_reads.bc2044.bam	C1	PG00128.HFSS_m84046_230617_050400_s4	Revio
HG00128	m84046_230630_233157_s3.bc2069--bc2069.bam	26.5	82.2	https://s3-us-west-2.amazonaws.com/human-pangenomics/working/HPRC/HG00128/raw_data/PacBio_HiFi/m84046_230630_233157_s3.bc2069--bc2069.bam	s3://human-pangenomics/working/HPRC/HG00128/raw_data/PacBio_HiFi/m84046_230630_233157_s3.bc2069--bc2069.bam	C1	PG00128.HFSS2_m84046_230630_233157_s3	Revio
HG00133	m84046_230602_203207_s4.hifi_reads.bc2045.bam	10.2	31.6	https://s3-us-west-2.amazonaws.com/human-pangenomics/working/HPRC/HG00133/raw_data/PacBio_HiFi/m84046_230602_203207_s4.hifi_reads.bc2045.bam	s3://human-pangenomics/working/HPRC/HG00133/raw_data/PacBio_HiFi/m84046_230602_203207_s4.hifi_reads.bc2045.bam	C1	PG00133.HFSS_m84046_230602_203207_s4	Revio
HG00133	m84046_230617_043254_s3.hifi_reads.bc2045.bam	8.6	26.6	https://s3-us-west-2.amazonaws.com/human-pangenomics/working/HPRC/HG00133/raw_data/PacBio_HiFi/m84046_230617_043254_s3.hifi_reads.bc2045.bam	s3://human-pangenomics/working/HPRC/HG00133/raw_data/PacBio_HiFi/m84046_230617_043254_s3.hifi_reads.bc2045.bam	C1	PG00133.HFSS_m84046_230617_043254_s3	Revio
HG00133	m84046_230617_050400_s4.hifi_reads.bc2045.bam	9.7	30.1	https://s3-us-west-2.amazonaws.com/human-pangenomics/working/HPRC/HG00133/raw_data/PacBio_HiFi/m84046_230617_050400_s4.hifi_reads.bc2045.bam	s3://human-pangenomics/working/HPRC/HG00133/raw_data/PacBio_HiFi/m84046_230617_050400_s4.hifi_reads.bc2045.bam	C1	PG00133.HFSS_m84046_230617_050400_s4	Revio
HG00133	m84046_230621_231827_s1.hifi_reads.bc2045.bam	14.3	44.4	https://s3-us-west-2.amazonaws.com/human-pangenomics/working/HPRC/HG00133/raw_data/PacBio_HiFi/m84046_230621_231827_s1.hifi_reads.bc2045.bam	s3://human-pangenomics/working/HPRC/HG00133/raw_data/PacBio_HiFi/m84046_230621_231827_s1.hifi_reads.bc2045.bam	C1	PG00133.HFSS_m84046_230621_231827_s1	Revio
HG00133	m84046_230621_234848_s2.hifi_reads.bc2045.bam	15.6	48.3	https://s3-us-west-2.amazonaws.com/human-pangenomics/working/HPRC/HG00133/raw_data/PacBio_HiFi/m84046_230621_234848_s2.hifi_reads.bc2045.bam	s3://human-pangenomics/working/HPRC/HG00133/raw_data/PacBio_HiFi/m84046_230621_234848_s2.hifi_reads.bc2045.bam	C1	PG00133.HFSS_m84046_230621_234848_s2	Revio
HG00133	m84046_230719_001055_s4.hifi_reads.bc2085.bam	7.6	23.5	https://s3-us-west-2.amazonaws.com/human-pangenomics/working/HPRC/HG00133/raw_data/PacBio_HiFi/m84046_230719_001055_s4.hifi_reads.bc2085.bam	s3://human-pangenomics/working/HPRC/HG00133/raw_data/PacBio_HiFi/m84046_230719_001055_s4.hifi_reads.bc2085.bam	C1	PG00133.HFSS2_m84046_230719_001055_s4	Revio
HG00140	m84081_230628_194051_s3.hifi_reads.bc1018.bam	9.6	29.7	https://s3-us-west-2.amazonaws.com/human-pangenomics/working/HPRC/HG00140/raw_data/PacBio_HiFi/m84081_230628_194051_s3.hifi_reads.bc1018.bam	s3://human-pangenomics/working/HPRC/HG00140/raw_data/PacBio_HiFi/m84081_230628_194051_s3.hifi_reads.bc1018.bam	C1	HG00140_lib1	Revio
HG00140	m84081_230628_201157_s4.hifi_reads.bc1018.bam	10.2	31.6	https://s3-us-west-2.amazonaws.com/human-pangenomics/working/HPRC/HG00140/raw_data/PacBio_HiFi/m84081_230628_201157_s4.hifi_reads.bc1018.bam	s3://human-pangenomics/working/HPRC/HG00140/raw_data/PacBio_HiFi/m84081_230628_201157_s4.hifi_reads.bc1018.bam	C1	HG00140_lib1	Revio
HG00146	m84081_230616_182824_s3.hifi_reads.bc2013.bam	36.5	113.2	https://s3-us-west-2.amazonaws.com/human-pangenomics/working/HPRC/HG00146/raw_data/PacBio_HiFi/m84081_230616_182824_s3.hifi_reads.bc2013.bam	s3://human-pangenomics/working/HPRC/HG00146/raw_data/PacBio_HiFi/m84081_230616_182824_s3.hifi_reads.bc2013.bam	C1	HG00146_lib1_m84081_230616_182824_s3_m84081_230616_182824_s3	Revio
HG00146	m84081_230616_185930_s4.hifi_reads.bc2013.bam	36.1	112.1	https://s3-us-west-2.amazonaws.com/human-pangenomics/working/HPRC/HG00146/raw_data/PacBio_HiFi/m84081_230616_185930_s4.hifi_reads.bc2013.bam	s3://human-pangenomics/working/HPRC/HG00146/raw_data/PacBio_HiFi/m84081_230616_185930_s4.hifi_reads.bc2013.bam	C1	HG00146_lib1_m84081_230616_185930_s4_m84081_230616_185930_s4	Revio
HG002	m84005_220827_014912_s1.hifi_reads.bam	28.1	87.3	https://s3-us-west-2.amazonaws.com/human-pangenomics/working/HPRC_PLUS/HG002/raw_data/PacBio_HiFi/wMods/m84005_220827_014912_s1.hifi_reads.bam	s3://human-pangenomics/working/HPRC_PLUS/HG002/raw_data/PacBio_HiFi/wMods/m84005_220827_014912_s1.hifi_reads.bam			Revio
HG002	m84005_220919_232112_s2.hifi_reads.bam	29.8	92.3	https://s3-us-west-2.amazonaws.com/human-pangenomics/working/HPRC_PLUS/HG002/raw_data/PacBio_HiFi/wMods/m84005_220919_232112_s2.hifi_reads.bam	s3://human-pangenomics/working/HPRC_PLUS/HG002/raw_data/PacBio_HiFi/wMods/m84005_220919_232112_s2.hifi_reads.bam			Revio
HG002	m84011_220902_175841_s1.hifi_reads.bam	32.6	101.1	https://s3-us-west-2.amazonaws.com/human-pangenomics/working/HPRC_PLUS/HG002/raw_data/PacBio_HiFi/wMods/m84011_220902_175841_s1.hifi_reads.bam	s3://human-pangenomics/working/HPRC_PLUS/HG002/raw_data/PacBio_HiFi/wMods/m84011_220902_175841_s1.hifi_reads.bam			Revio
HG002	m84039_230117_233243_s1.hifi_reads.default.bam		0.0	https://s3-us-west-2.amazonaws.com/human-pangenomics/working/HPRC_PLUS/HG002/raw_data/PacBio_HiFi/wMods/m84039_230117_233243_s1.hifi_reads.default.bam	s3://human-pangenomics/working/HPRC_PLUS/HG002/raw_data/PacBio_HiFi/wMods/m84039_230117_233243_s1.hifi_reads.default.bam			Revio
HG00232	m84081_230623_202140_s1.hifi_reads.bc2014.bam	26.2	81.3	https://s3-us-west-2.amazonaws.com/human-pangenomics/working/HPRC/HG00232/raw_data/PacBio_HiFi/m84081_230623_202140_s1.hifi_reads.bc2014.bam	s3://human-pangenomics/working/HPRC/HG00232/raw_data/PacBio_HiFi/m84081_230623_202140_s1.hifi_reads.bc2014.bam	C1	HG00232_lib1_m84081_230623_202140_s1_m84081_230623_202140_s1	Revio
HG00232	m84081_230623_205201_s2.hifi_reads.bc2014.bam	26.7	82.6	https://s3-us-west-2.amazonaws.com/human-pangenomics/working/HPRC/HG00232/raw_data/PacBio_HiFi/m84081_230623_205201_s2.hifi_reads.bc2014.bam	s3://human-pangenomics/working/HPRC/HG00232/raw_data/PacBio_HiFi/m84081_230623_205201_s2.hifi_reads.bc2014.bam	C1	HG00232_lib1_m84081_230623_205201_s2_m84081_230623_205201_s2	Revio
HG00232	m84081_230714_201817_s1.hifi_reads.bc2014.bam	2.0	6.3	https://s3-us-west-2.amazonaws.com/human-pangenomics/working/HPRC/HG00232/raw_data/PacBio_HiFi/m84081_230714_201817_s1.hifi_reads.bc2014.bam	s3://human-pangenomics/working/HPRC/HG00232/raw_data/PacBio_HiFi/m84081_230714_201817_s1.hifi_reads.bc2014.bam	C1	HG00232_lib1_m84081_230714_201817_s1_m84081_230714_201817_s1	Revio
HG00232	m84081_230714_205519_s2.hifi_reads.bc2014.bam	2.3	7.0	https://s3-us-west-2.amazonaws.com/human-pangenomics/working/HPRC/HG00232/raw_data/PacBio_HiFi/m84081_230714_205519_s2.hifi_reads.bc2014.bam	s3://human-pangenomics/working/HPRC/HG00232/raw_data/PacBio_HiFi/m84081_230714_205519_s2.hifi_reads.bc2014.bam	C1	HG00232_lib1_m84081_230714_205519_s2_m84081_230714_205519_s2	Revio
HG00232	m84081_230714_212624_s3.hifi_reads.bc2014.bam	2.5	7.6	https://s3-us-west-2.amazonaws.com/human-pangenomics/working/HPRC/HG00232/raw_data/PacBio_HiFi/m84081_230714_212624_s3.hifi_reads.bc2014.bam	s3://human-pangenomics/working/HPRC/HG00232/raw_data/PacBio_HiFi/m84081_230714_212624_s3.hifi_reads.bc2014.bam	C1	HG00232_lib1_m84081_230714_212624_s3_m84081_230714_212624_s3	Revio
HG00232	m84081_230714_215730_s4.hifi_reads.bc2014.bam	2.6	8.0	https://s3-us-west-2.amazonaws.com/human-pangenomics/working/HPRC/HG00232/raw_data/PacBio_HiFi/m84081_230714_215730_s4.hifi_reads.bc2014.bam	s3://human-pangenomics/working/HPRC/HG00232/raw_data/PacBio_HiFi/m84081_230714_215730_s4.hifi_reads.bc2014.bam	C1	HG00232_lib1_m84081_230714_215730_s4_m84081_230714_215730_s4	Revio
HG00235	m84091_230721_141900_s2.hifi_reads.bc1008.bam	29.2	90.6	https://s3-us-west-2.amazonaws.com/human-pangenomics/working/HPRC/HG00235/raw_data/PacBio_HiFi/m84091_230721_141900_s2.hifi_reads.bc1008.bam	s3://human-pangenomics/working/HPRC/HG00235/raw_data/PacBio_HiFi/m84091_230721_141900_s2.hifi_reads.bc1008.bam	C1	HG00235_PB1_m84091_230721_141900_s2	Revio
HG00235	m84091_230724_170222_s4.hifi_reads.bc1008.bam	32.4	100.4	https://s3-us-west-2.amazonaws.com/human-pangenomics/working/HPRC/HG00235/raw_data/PacBio_HiFi/m84091_230724_170222_s4.hifi_reads.bc1008.bam	s3://human-pangenomics/working/HPRC/HG00235/raw_data/PacBio_HiFi/m84091_230724_170222_s4.hifi_reads.bc1008.bam	C1	HG00235_PB1_m84091_230724_170222_s4	Revio
HG00253	m84091_230721_134835_s1.hifi_reads.bc1003.bam	36.0	111.7	https://s3-us-west-2.amazonaws.com/human-pangenomics/working/HPRC/HG00253/raw_data/PacBio_HiFi/m84091_230721_134835_s1.hifi_reads.bc1003.bam	s3://human-pangenomics/working/HPRC/HG00253/raw_data/PacBio_HiFi/m84091_230721_134835_s1.hifi_reads.bc1003.bam	C1	HG00253_PB1_m84091_230721_134835_s1	Revio
HG00253	m84091_230727_143029_s4.hifi_reads.bc1003.bam	28.9	89.5	https://s3-us-west-2.amazonaws.com/human-pangenomics/working/HPRC/HG00253/raw_data/PacBio_HiFi/m84091_230727_143029_s4.hifi_reads.bc1003.bam	s3://human-pangenomics/working/HPRC/HG00253/raw_data/PacBio_HiFi/m84091_230727_143029_s4.hifi_reads.bc1003.bam	C1	HG00253_PB1_m84091_230727_143029_s4	Revio
HG00272	m84046_230716_051716_s3.hifi_reads.bc2087.bam	18.0	55.9	https://s3-us-west-2.amazonaws.com/human-pangenomics/working/HPRC/HG00272/raw_data/PacBio_HiFi/m84046_230716_051716_s3.hifi_reads.bc2087.bam	s3://human-pangenomics/working/HPRC/HG00272/raw_data/PacBio_HiFi/m84046_230716_051716_s3.hifi_reads.bc2087.bam	C1	PG00272.HFSS_m84046_230716_051716_s3	Revio
HG00272	m84046_230716_054822_s4.hifi_reads.bc2087.bam	19.1	59.3	https://s3-us-west-2.amazonaws.com/human-pangenomics/working/HPRC/HG00272/raw_data/PacBio_HiFi/m84046_230716_054822_s4.hifi_reads.bc2087.bam	s3://human-pangenomics/working/HPRC/HG00272/raw_data/PacBio_HiFi/m84046_230716_054822_s4.hifi_reads.bc2087.bam	C1	PG00272.HFSS_m84046_230716_054822_s4	Revio
HG00272	m84046_230718_223822_s1.hifi_reads.bc2087.bam	9.2	28.6	https://s3-us-west-2.amazonaws.com/human-pangenomics/working/HPRC/HG00272/raw_data/PacBio_HiFi/m84046_230718_223822_s1.hifi_reads.bc2087.bam	s3://human-pangenomics/working/HPRC/HG00272/raw_data/PacBio_HiFi/m84046_230718_223822_s1.hifi_reads.bc2087.bam	C1	PG00272.HFSS_m84046_230718_223822_s1	Revio
HG00272	m84046_230719_001055_s4.hifi_reads.bc2087.bam	21.5	66.5	https://s3-us-west-2.amazonaws.com/human-pangenomics/working/HPRC/HG00272/raw_data/PacBio_HiFi/m84046_230719_001055_s4.hifi_reads.bc2087.bam	s3://human-pangenomics/working/HPRC/HG00272/raw_data/PacBio_HiFi/m84046_230719_001055_s4.hifi_reads.bc2087.bam	C1	PG00272.HFSS_m84046_230719_001055_s4	Revio
HG00280	m84046_230628_213236_s2.hifi_reads.bc2051.bam	17.9	55.6	https://s3-us-west-2.amazonaws.com/human-pangenomics/working/HPRC/HG00280/raw_data/PacBio_HiFi/m84046_230628_213236_s2.hifi_reads.bc2051.bam	s3://human-pangenomics/working/HPRC/HG00280/raw_data/PacBio_HiFi/m84046_230628_213236_s2.hifi_reads.bc2051.bam	C1	PG00280.HFSS_m84046_230628_213236_s2	Revio
HG00290	m84046_230623_203534_s4.hifi_reads.bc2052.bam	15.8	48.9	https://s3-us-west-2.amazonaws.com/human-pangenomics/working/HPRC/HG00290/raw_data/PacBio_HiFi/m84046_230623_203534_s4.hifi_reads.bc2052.bam	s3://human-pangenomics/working/HPRC/HG00290/raw_data/PacBio_HiFi/m84046_230623_203534_s4.hifi_reads.bc2052.bam	C1	PG00290.HFSS_m84046_230623_203534_s4	Revio
HG00290	m84046_230627_201017_s1.hifi_reads.bc2052.bam	16.8	52.1	https://s3-us-west-2.amazonaws.com/human-pangenomics/working/HPRC/HG00290/raw_data/PacBio_HiFi/m84046_230627_201017_s1.hifi_reads.bc2052.bam	s3://human-pangenomics/working/HPRC/HG00290/raw_data/PacBio_HiFi/m84046_230627_201017_s1.hifi_reads.bc2052.bam	C1	PG00290.HFSS_m84046_230627_201017_s1	Revio
HG00290	m84046_230627_204123_s2.hifi_reads.bc2052.bam	19.1	59.2	https://s3-us-west-2.amazonaws.com/human-pangenomics/working/HPRC/HG00290/raw_data/PacBio_HiFi/m84046_230627_204123_s2.hifi_reads.bc2052.bam	s3://human-pangenomics/working/HPRC/HG00290/raw_data/PacBio_HiFi/m84046_230627_204123_s2.hifi_reads.bc2052.bam	C1	PG00290.HFSS_m84046_230627_204123_s2	Revio
HG00290	m84046_230630_233157_s3.bc2052--bc2052.bam	8.0	24.7	https://s3-us-west-2.amazonaws.com/human-pangenomics/working/HPRC/HG00290/raw_data/PacBio_HiFi/m84046_230630_233157_s3.bc2052--bc2052.bam	s3://human-pangenomics/working/HPRC/HG00290/raw_data/PacBio_HiFi/m84046_230630_233157_s3.bc2052--bc2052.bam	C1	PG00290.HFSS_m84046_230630_233157_s3	Revio
HG00290	m84046_230712_224626_s1.hifi_reads.bc2052.bam	3.6	11.1	https://s3-us-west-2.amazonaws.com/human-pangenomics/working/HPRC/HG00290/raw_data/PacBio_HiFi/m84046_230712_224626_s1.hifi_reads.bc2052.bam	s3://human-pangenomics/working/HPRC/HG00290/raw_data/PacBio_HiFi/m84046_230712_224626_s1.hifi_reads.bc2052.bam	C1	PG00290.HFSS_m84046_230712_224626_s1	Revio
HG00320	m84081_230610_202430_s3.hifi_reads.bc2011.bam	28.8	89.2	https://s3-us-west-2.amazonaws.com/human-pangenomics/working/HPRC/HG00320/raw_data/PacBio_HiFi/m84081_230610_202430_s3.hifi_reads.bc2011.bam	s3://human-pangenomics/working/HPRC/HG00320/raw_data/PacBio_HiFi/m84081_230610_202430_s3.hifi_reads.bc2011.bam	C1	HG00320_lib1_m84081_230610_202430_s3_m84081_230610_202430_s3	Revio
HG00320	m84081_230610_205536_s4.hifi_reads.bc2011.bam	39.5	122.3	https://s3-us-west-2.amazonaws.com/human-pangenomics/working/HPRC/HG00320/raw_data/PacBio_HiFi/m84081_230610_205536_s4.hifi_reads.bc2011.bam	s3://human-pangenomics/working/HPRC/HG00320/raw_data/PacBio_HiFi/m84081_230610_205536_s4.hifi_reads.bc2011.bam	C1	HG00320_lib1_m84081_230610_205536_s4_m84081_230610_205536_s4	Revio
HG00321	m84081_230623_212309_s3.hifi_reads.bc2015.bam	28.3	87.8	https://s3-us-west-2.amazonaws.com/human-pangenomics/working/HPRC/HG00321/raw_data/PacBio_HiFi/m84081_230623_212309_s3.hifi_reads.bc2015.bam	s3://human-pangenomics/working/HPRC/HG00321/raw_data/PacBio_HiFi/m84081_230623_212309_s3.hifi_reads.bc2015.bam	C1	HG00321_lib1_m84081_230623_212309_s3_m84081_230623_212309_s3	Revio
HG00321	m84081_230623_215414_s4.hifi_reads.bc2015.bam	28.1	87.1	https://s3-us-west-2.amazonaws.com/human-pangenomics/working/HPRC/HG00321/raw_data/PacBio_HiFi/m84081_230623_215414_s4.hifi_reads.bc2015.bam	s3://human-pangenomics/working/HPRC/HG00321/raw_data/PacBio_HiFi/m84081_230623_215414_s4.hifi_reads.bc2015.bam	C1	HG00321_lib1_m84081_230623_215414_s4_m84081_230623_215414_s4	Revio
HG00321	m84081_230630_190803_s1.hifi_reads.bc2015.bam	2.2	6.7	https://s3-us-west-2.amazonaws.com/human-pangenomics/working/HPRC/HG00321/raw_data/PacBio_HiFi/m84081_230630_190803_s1.hifi_reads.bc2015.bam	s3://human-pangenomics/working/HPRC/HG00321/raw_data/PacBio_HiFi/m84081_230630_190803_s1.hifi_reads.bc2015.bam	C1	HG00321_lib1_m84081_230630_190803_s1_m84081_230630_190803_s1	Revio
HG00321	m84081_230630_193909_s2.hifi_reads.bc2015.bam	2.6	7.9	https://s3-us-west-2.amazonaws.com/human-pangenomics/working/HPRC/HG00321/raw_data/PacBio_HiFi/m84081_230630_193909_s2.hifi_reads.bc2015.bam	s3://human-pangenomics/working/HPRC/HG00321/raw_data/PacBio_HiFi/m84081_230630_193909_s2.hifi_reads.bc2015.bam	C1	HG00321_lib1_m84081_230630_193909_s2_m84081_230630_193909_s2	Revio
HG00323	m84081_230623_212309_s3.hifi_reads.bc1016.bam	3.2	10.0	https://s3-us-west-2.amazonaws.com/human-pangenomics/working/HPRC/HG00323/raw_data/PacBio_HiFi/m84081_230623_212309_s3.hifi_reads.bc1016.bam	s3://human-pangenomics/working/HPRC/HG00323/raw_data/PacBio_HiFi/m84081_230623_212309_s3.hifi_reads.bc1016.bam	C1	HG00323_lib1	Revio
HG00323	m84081_230623_215414_s4.hifi_reads.bc1016.bam	3.2	9.9	https://s3-us-west-2.amazonaws.com/human-pangenomics/working/HPRC/HG00323/raw_data/PacBio_HiFi/m84081_230623_215414_s4.hifi_reads.bc1016.bam	s3://human-pangenomics/working/HPRC/HG00323/raw_data/PacBio_HiFi/m84081_230623_215414_s4.hifi_reads.bc1016.bam	C1	HG00323_lib1	Revio
HG00323	m84081_230624_203119_s1.hifi_reads.bc1016.bam	3.0	9.3	https://s3-us-west-2.amazonaws.com/human-pangenomics/working/HPRC/HG00323/raw_data/PacBio_HiFi/m84081_230624_203119_s1.hifi_reads.bc1016.bam	s3://human-pangenomics/working/HPRC/HG00323/raw_data/PacBio_HiFi/m84081_230624_203119_s1.hifi_reads.bc1016.bam	C1	HG00323_lib1	Revio
HG00323	m84081_230624_210225_s2.hifi_reads.bc1016.bam	3.2	9.9	https://s3-us-west-2.amazonaws.com/human-pangenomics/working/HPRC/HG00323/raw_data/PacBio_HiFi/m84081_230624_210225_s2.hifi_reads.bc1016.bam	s3://human-pangenomics/working/HPRC/HG00323/raw_data/PacBio_HiFi/m84081_230624_210225_s2.hifi_reads.bc1016.bam	C1	HG00323_lib1	Revio
HG00323	m84081_230624_213331_s3.hifi_reads.bc1016.bam	4.7	14.4	https://s3-us-west-2.amazonaws.com/human-pangenomics/working/HPRC/HG00323/raw_data/PacBio_HiFi/m84081_230624_213331_s3.hifi_reads.bc1016.bam	s3://human-pangenomics/working/HPRC/HG00323/raw_data/PacBio_HiFi/m84081_230624_213331_s3.hifi_reads.bc1016.bam	C1	HG00323_lib1	Revio
HG00323	m84081_230624_220437_s4.hifi_reads.bc1016.bam	4.3	13.2	https://s3-us-west-2.amazonaws.com/human-pangenomics/working/HPRC/HG00323/raw_data/PacBio_HiFi/m84081_230624_220437_s4.hifi_reads.bc1016.bam	s3://human-pangenomics/working/HPRC/HG00323/raw_data/PacBio_HiFi/m84081_230624_220437_s4.hifi_reads.bc1016.bam	C1	HG00323_lib1	Revio
HG00329	m84091_230712_173338_s3.hifi_reads.bc1019.bam	34.2	106.1	https://s3-us-west-2.amazonaws.com/human-pangenomics/working/HPRC/HG00329/raw_data/PacBio_HiFi/m84091_230712_173338_s3.hifi_reads.bc1019.bam	s3://human-pangenomics/working/HPRC/HG00329/raw_data/PacBio_HiFi/m84091_230712_173338_s3.hifi_reads.bc1019.bam	C1	HG00329_PB1_m84091_230712_173338_s3	Revio
HG00329	m84091_230719_165228_s3.hifi_reads.bc1019.bam	27.9	86.6	https://s3-us-west-2.amazonaws.com/human-pangenomics/working/HPRC/HG00329/raw_data/PacBio_HiFi/m84091_230719_165228_s3.hifi_reads.bc1019.bam	s3://human-pangenomics/working/HPRC/HG00329/raw_data/PacBio_HiFi/m84091_230719_165228_s3.hifi_reads.bc1019.bam	C1	HG00329_PB1_m84091_230719_165228_s3	Revio
HG00344	m84046_230715_060901_s1.hifi_reads.bc2083.bam	19.6	60.7	https://s3-us-west-2.amazonaws.com/human-pangenomics/working/HPRC/HG00344/raw_data/PacBio_HiFi/m84046_230715_060901_s1.hifi_reads.bc2083.bam	s3://human-pangenomics/working/HPRC/HG00344/raw_data/PacBio_HiFi/m84046_230715_060901_s1.hifi_reads.bc2083.bam	C1	PG00344.HFSS2_m84046_230715_060901_s1	Revio
HG00344	m84046_230715_064007_s2.hifi_reads.bc2083.bam	20.6	63.9	https://s3-us-west-2.amazonaws.com/human-pangenomics/working/HPRC/HG00344/raw_data/PacBio_HiFi/m84046_230715_064007_s2.hifi_reads.bc2083.bam	s3://human-pangenomics/working/HPRC/HG00344/raw_data/PacBio_HiFi/m84046_230715_064007_s2.hifi_reads.bc2083.bam	C1	PG00344.HFSS2_m84046_230715_064007_s2	Revio
HG00344	m84046_230718_233949_s3.hifi_reads.bc2083.bam	25.1	77.9	https://s3-us-west-2.amazonaws.com/human-pangenomics/working/HPRC/HG00344/raw_data/PacBio_HiFi/m84046_230718_233949_s3.hifi_reads.bc2083.bam	s3://human-pangenomics/working/HPRC/HG00344/raw_data/PacBio_HiFi/m84046_230718_233949_s3.hifi_reads.bc2083.bam	C1	PG00344.HFSS2_m84046_230718_233949_s3	Revio
HG00350	m84046_230701_000218_s4.hifi_reads.bc2048.bam	21.3	66.0	https://s3-us-west-2.amazonaws.com/human-pangenomics/working/HPRC/HG00350/raw_data/PacBio_HiFi/m84046_230701_000218_s4.hifi_reads.bc2048.bam	s3://human-pangenomics/working/HPRC/HG00350/raw_data/PacBio_HiFi/m84046_230701_000218_s4.hifi_reads.bc2048.bam	C1	PG00350.HFSS_m84046_230701_000218_s4	Revio
HG00350	m84046_230703_222200_s3.hifi_reads.bc2048.bam	37.8	117.0	https://s3-us-west-2.amazonaws.com/human-pangenomics/working/HPRC/HG00350/raw_data/PacBio_HiFi/m84046_230703_222200_s3.hifi_reads.bc2048.bam	s3://human-pangenomics/working/HPRC/HG00350/raw_data/PacBio_HiFi/m84046_230703_222200_s3.hifi_reads.bc2048.bam	C1	PG00350.HFSS_m84046_230703_222200_s3	Revio
HG00350	m84046_230712_231732_s2.hifi_reads.bc2048.bam	6.7	20.6	https://s3-us-west-2.amazonaws.com/human-pangenomics/working/HPRC/HG00350/raw_data/PacBio_HiFi/m84046_230712_231732_s2.hifi_reads.bc2048.bam	s3://human-pangenomics/working/HPRC/HG00350/raw_data/PacBio_HiFi/m84046_230712_231732_s2.hifi_reads.bc2048.bam	C1	PG00350.HFSS_m84046_230712_231732_s2	Revio
HG00408	m84081_230721_175633_s1.hifi_reads.bc1002.bam	9.8	30.4	https://s3-us-west-2.amazonaws.com/human-pangenomics/working/HPRC/HG00408/raw_data/PacBio_HiFi/m84081_230721_175633_s1.hifi_reads.bc1002.bam	s3://human-pangenomics/working/HPRC/HG00408/raw_data/PacBio_HiFi/m84081_230721_175633_s1.hifi_reads.bc1002.bam	C1	HG00408_lib1	Revio
HG00408	m84081_230721_182654_s2.hifi_reads.bc1002.bam	10.2	31.5	https://s3-us-west-2.amazonaws.com/human-pangenomics/working/HPRC/HG00408/raw_data/PacBio_HiFi/m84081_230721_182654_s2.hifi_reads.bc1002.bam	s3://human-pangenomics/working/HPRC/HG00408/raw_data/PacBio_HiFi/m84081_230721_182654_s2.hifi_reads.bc1002.bam	C1	HG00408_lib1	Revio
HG00423	m84081_231112_030942_s3.hifi_reads.bc2078.bam	7.5	23.1	https://s3-us-west-2.amazonaws.com/human-pangenomics/working/HPRC/HG00423/raw_data/PacBio_HiFi/m84081_231112_030942_s3.hifi_reads.bc2078.bam	s3://human-pangenomics/working/HPRC/HG00423/raw_data/PacBio_HiFi/m84081_231112_030942_s3.hifi_reads.bc2078.bam	C1	HG00423_lib1_m84081_231112_030942_s3	Revio
HG00544	m84081_231117_211338_s4.hifi_reads.bc2086.bam	10.9	33.6	https://s3-us-west-2.amazonaws.com/human-pangenomics/working/HPRC/HG00544/raw_data/PacBio_HiFi/m84081_231117_211338_s4.hifi_reads.bc2086.bam	s3://human-pangenomics/working/HPRC/HG00544/raw_data/PacBio_HiFi/m84081_231117_211338_s4.hifi_reads.bc2086.bam	C1	HG00544_lib1_m84081_231117_211338_s4	Revio
HG00544	m84081_231119_032407_s4.hifi_reads.bc2086.bam	10.3	32.0	https://s3-us-west-2.amazonaws.com/human-pangenomics/working/HPRC/HG00544/raw_data/PacBio_HiFi/m84081_231119_032407_s4.hifi_reads.bc2086.bam	s3://human-pangenomics/working/HPRC/HG00544/raw_data/PacBio_HiFi/m84081_231119_032407_s4.hifi_reads.bc2086.bam	C1	HG00544_lib1_m84081_231119_032407_s4	Revio
HG00558	m84046_230519_231055_s2.hifi_reads.bc1016.bam	8.2	25.5	https://s3-us-west-2.amazonaws.com/human-pangenomics/working/HPRC/HG00558/raw_data/PacBio_HiFi/m84046_230519_231055_s2.hifi_reads.bc1016.bam	s3://human-pangenomics/working/HPRC/HG00558/raw_data/PacBio_HiFi/m84046_230519_231055_s2.hifi_reads.bc1016.bam	C1	HG00558.HFSS_m84046_230519_231055_s2	Revio
HG00558	m84046_230602_213334_s2.hifi_reads.bc1016.bam	4.0	12.4	https://s3-us-west-2.amazonaws.com/human-pangenomics/working/HPRC/HG00558/raw_data/PacBio_HiFi/m84046_230602_213334_s2.hifi_reads.bc1016.bam	s3://human-pangenomics/working/HPRC/HG00558/raw_data/PacBio_HiFi/m84046_230602_213334_s2.hifi_reads.bc1016.bam	C1	HG00558.HFSS_m84046_230602_213334_s2	Revio
HG00558	m84046_230623_210640_s1.hifi_reads.bc1016.bam	2.8	8.8	https://s3-us-west-2.amazonaws.com/human-pangenomics/working/HPRC/HG00558/raw_data/PacBio_HiFi/m84046_230623_210640_s1.hifi_reads.bc1016.bam	s3://human-pangenomics/working/HPRC/HG00558/raw_data/PacBio_HiFi/m84046_230623_210640_s1.hifi_reads.bc1016.bam	C1	HG00558.HFSS_m84046_230623_210640_s1	Revio
HG00558	m84046_230720_182350_s1.hifi_reads.bc2004.bam	7.5	23.1	https://s3-us-west-2.amazonaws.com/human-pangenomics/working/HPRC/HG00558/raw_data/PacBio_HiFi/m84046_230720_182350_s1.hifi_reads.bc2004.bam	s3://human-pangenomics/working/HPRC/HG00558/raw_data/PacBio_HiFi/m84046_230720_182350_s1.hifi_reads.bc2004.bam	C1	HG00558.HFSS2_m84046_230720_182350_s1	Revio
HG00597	m84081_230721_175633_s1.hifi_reads.bc1021.bam	11.0	34.2	https://s3-us-west-2.amazonaws.com/human-pangenomics/working/HPRC/HG00597/raw_data/PacBio_HiFi/m84081_230721_175633_s1.hifi_reads.bc1021.bam	s3://human-pangenomics/working/HPRC/HG00597/raw_data/PacBio_HiFi/m84081_230721_175633_s1.hifi_reads.bc1021.bam	C1	HG00597_lib1	Revio
HG00597	m84081_230721_182654_s2.hifi_reads.bc1021.bam	11.4	35.3	https://s3-us-west-2.amazonaws.com/human-pangenomics/working/HPRC/HG00597/raw_data/PacBio_HiFi/m84081_230721_182654_s2.hifi_reads.bc1021.bam	s3://human-pangenomics/working/HPRC/HG00597/raw_data/PacBio_HiFi/m84081_230721_182654_s2.hifi_reads.bc1021.bam	C1	HG00597_lib1	Revio
HG00609	m84081_231124_014115_s1.hifi_reads.bc2090.bam	11.0	34.1	https://s3-us-west-2.amazonaws.com/human-pangenomics/working/HPRC/HG00609/raw_data/PacBio_HiFi/m84081_231124_014115_s1.hifi_reads.bc2090.bam	s3://human-pangenomics/working/HPRC/HG00609/raw_data/PacBio_HiFi/m84081_231124_014115_s1.hifi_reads.bc2090.bam	C1	HG00609_lib1_m84081_231124_014115_s1	Revio
HG00609	m84081_231124_021221_s2.hifi_reads.bc2090.bam	9.4	29.1	https://s3-us-west-2.amazonaws.com/human-pangenomics/working/HPRC/HG00609/raw_data/PacBio_HiFi/m84081_231124_021221_s2.hifi_reads.bc2090.bam	s3://human-pangenomics/working/HPRC/HG00609/raw_data/PacBio_HiFi/m84081_231124_021221_s2.hifi_reads.bc2090.bam	C1	HG00609_lib1_m84081_231124_021221_s2	Revio
HG00609	m84081_231124_024327_s3.hifi_reads.bc2090.bam	10.4	32.2	https://s3-us-west-2.amazonaws.com/human-pangenomics/working/HPRC/HG00609/raw_data/PacBio_HiFi/m84081_231124_024327_s3.hifi_reads.bc2090.bam	s3://human-pangenomics/working/HPRC/HG00609/raw_data/PacBio_HiFi/m84081_231124_024327_s3.hifi_reads.bc2090.bam	C1	HG00609_lib1_m84081_231124_024327_s3	Revio
HG00621	m84081_231222_081401_s1.hifi_reads.bc2027.bam	2.1	6.4	https://s3-us-west-2.amazonaws.com/human-pangenomics/working/HPRC/HG00621/raw_data/PacBio_HiFi/m84081_231222_081401_s1.hifi_reads.bc2027.bam	s3://human-pangenomics/working/HPRC/HG00621/raw_data/PacBio_HiFi/m84081_231222_081401_s1.hifi_reads.bc2027.bam	C1	HG00621_lib1_m84081_231222_081401_s1	Revio
HG00621	m84081_231222_101332_s2.hifi_reads.bc2027.bam	2.8	8.6	https://s3-us-west-2.amazonaws.com/human-pangenomics/working/HPRC/HG00621/raw_data/PacBio_HiFi/m84081_231222_101332_s2.hifi_reads.bc2027.bam	s3://human-pangenomics/working/HPRC/HG00621/raw_data/PacBio_HiFi/m84081_231222_101332_s2.hifi_reads.bc2027.bam	C1	HG00621_lib1_m84081_231222_101332_s2	Revio
HG00621	m84081_231222_121301_s3.hifi_reads.bc2027.bam	2.8	8.8	https://s3-us-west-2.amazonaws.com/human-pangenomics/working/HPRC/HG00621/raw_data/PacBio_HiFi/m84081_231222_121301_s3.hifi_reads.bc2027.bam	s3://human-pangenomics/working/HPRC/HG00621/raw_data/PacBio_HiFi/m84081_231222_121301_s3.hifi_reads.bc2027.bam	C1	HG00621_lib1_m84081_231222_121301_s3	Revio
HG00621	m84081_231222_141231_s4.hifi_reads.bc2027.bam	2.8	8.7	https://s3-us-west-2.amazonaws.com/human-pangenomics/working/HPRC/HG00621/raw_data/PacBio_HiFi/m84081_231222_141231_s4.hifi_reads.bc2027.bam	s3://human-pangenomics/working/HPRC/HG00621/raw_data/PacBio_HiFi/m84081_231222_141231_s4.hifi_reads.bc2027.bam	C1	HG00621_lib1_m84081_231222_141231_s4	Revio
HG00639	m84046_230707_192442_s1.hifi_reads.bc2059.bam	22.3	69.0	https://s3-us-west-2.amazonaws.com/human-pangenomics/working/HPRC/HG00639/raw_data/PacBio_HiFi/m84046_230707_192442_s1.hifi_reads.bc2059.bam	s3://human-pangenomics/working/HPRC/HG00639/raw_data/PacBio_HiFi/m84046_230707_192442_s1.hifi_reads.bc2059.bam	C1	HG00639.HFSS2_m84046_230707_192442_s1	Revio
HG00642	m84046_230531_221339_s3.hifi_reads.default.bam	17.0	52.6	https://s3-us-west-2.amazonaws.com/human-pangenomics/working/HPRC/HG00642/raw_data/PacBio_HiFi/m84046_230531_221339_s3.hifi_reads.default.bam	s3://human-pangenomics/working/HPRC/HG00642/raw_data/PacBio_HiFi/m84046_230531_221339_s3.hifi_reads.default.bam	C1	HG00642.HFSS_m84046_230531_221339_s3	Revio
HG00658	m84091_230905_192642_s1.hifi_reads.bc1018.bam	9.3	28.9	https://s3-us-west-2.amazonaws.com/human-pangenomics/working/HPRC/HG00658/raw_data/PacBio_HiFi/m84091_230905_192642_s1.hifi_reads.bc1018.bam	s3://human-pangenomics/working/HPRC/HG00658/raw_data/PacBio_HiFi/m84091_230905_192642_s1.hifi_reads.bc1018.bam	C1	HG00658_PB3_m84091_230905_192642_s1.hifi_reads.bc1018.bam	Revio
HG00658	m84091_230905_195701_s2.hifi_reads.bc1018.bam	9.1	28.1	https://s3-us-west-2.amazonaws.com/human-pangenomics/working/HPRC/HG00658/raw_data/PacBio_HiFi/m84091_230905_195701_s2.hifi_reads.bc1018.bam	s3://human-pangenomics/working/HPRC/HG00658/raw_data/PacBio_HiFi/m84091_230905_195701_s2.hifi_reads.bc1018.bam	C1	HG00658_PB3_m84091_230905_195701_s2.hifi_reads.bc1018.bam	Revio
HG00658	m84091_230905_202807_s3.hifi_reads.bc1018.bam	9.1	28.4	https://s3-us-west-2.amazonaws.com/human-pangenomics/working/HPRC/HG00658/raw_data/PacBio_HiFi/m84091_230905_202807_s3.hifi_reads.bc1018.bam	s3://human-pangenomics/working/HPRC/HG00658/raw_data/PacBio_HiFi/m84091_230905_202807_s3.hifi_reads.bc1018.bam	C1	HG00658_PB3_m84091_230905_202807_s3.hifi_reads.bc1018.bam	Revio
HG00673	m84081_231222_081401_s1.hifi_reads.bc2028.bam	2.5	7.7	https://s3-us-west-2.amazonaws.com/human-pangenomics/working/HPRC/HG00673/raw_data/PacBio_HiFi/m84081_231222_081401_s1.hifi_reads.bc2028.bam	s3://human-pangenomics/working/HPRC/HG00673/raw_data/PacBio_HiFi/m84081_231222_081401_s1.hifi_reads.bc2028.bam	C1	HG00673_lib1_m84081_231222_081401_s1	Revio
HG00673	m84081_231222_101332_s2.hifi_reads.bc2028.bam	3.3	10.2	https://s3-us-west-2.amazonaws.com/human-pangenomics/working/HPRC/HG00673/raw_data/PacBio_HiFi/m84081_231222_101332_s2.hifi_reads.bc2028.bam	s3://human-pangenomics/working/HPRC/HG00673/raw_data/PacBio_HiFi/m84081_231222_101332_s2.hifi_reads.bc2028.bam	C1	HG00673_lib1_m84081_231222_101332_s2	Revio
HG00673	m84081_231222_121301_s3.hifi_reads.bc2028.bam	3.4	10.5	https://s3-us-west-2.amazonaws.com/human-pangenomics/working/HPRC/HG00673/raw_data/PacBio_HiFi/m84081_231222_121301_s3.hifi_reads.bc2028.bam	s3://human-pangenomics/working/HPRC/HG00673/raw_data/PacBio_HiFi/m84081_231222_121301_s3.hifi_reads.bc2028.bam	C1	HG00673_lib1_m84081_231222_121301_s3	Revio
HG00673	m84081_231222_141231_s4.hifi_reads.bc2028.bam	3.4	10.4	https://s3-us-west-2.amazonaws.com/human-pangenomics/working/HPRC/HG00673/raw_data/PacBio_HiFi/m84081_231222_141231_s4.hifi_reads.bc2028.bam	s3://human-pangenomics/working/HPRC/HG00673/raw_data/PacBio_HiFi/m84081_231222_141231_s4.hifi_reads.bc2028.bam	C1	HG00673_lib1_m84081_231222_141231_s4	Revio
HG00706	m84091_230817_140121_s1.hifi_reads.bc1011.bam	25.4	78.6	https://s3-us-west-2.amazonaws.com/human-pangenomics/working/HPRC/HG00706/raw_data/PacBio_HiFi/m84091_230817_140121_s1.hifi_reads.bc1011.bam	s3://human-pangenomics/working/HPRC/HG00706/raw_data/PacBio_HiFi/m84091_230817_140121_s1.hifi_reads.bc1011.bam	C1	HG00706_PB3_m84091_230817_140121_s1.hifi_reads.bc1011.bam	Revio
HG00738	m84081_231112_034048_s4.hifi_reads.bc2079.bam	30.5	94.6	https://s3-us-west-2.amazonaws.com/human-pangenomics/working/HPRC/HG00738/raw_data/PacBio_HiFi/m84081_231112_034048_s4.hifi_reads.bc2079.bam	s3://human-pangenomics/working/HPRC/HG00738/raw_data/PacBio_HiFi/m84081_231112_034048_s4.hifi_reads.bc2079.bam	C1	HG00738_lib1_m84081_231112_034048_s4	Revio
HG00741	m84081_231222_081401_s1.hifi_reads.bc2024.bam	2.9	8.9	https://s3-us-west-2.amazonaws.com/human-pangenomics/working/HPRC/HG00741/raw_data/PacBio_HiFi/m84081_231222_081401_s1.hifi_reads.bc2024.bam	s3://human-pangenomics/working/HPRC/HG00741/raw_data/PacBio_HiFi/m84081_231222_081401_s1.hifi_reads.bc2024.bam	C1	HG00741_lib1_m84081_231222_081401_s1	Revio
HG00741	m84081_231222_101332_s2.hifi_reads.bc2024.bam	3.8	11.7	https://s3-us-west-2.amazonaws.com/human-pangenomics/working/HPRC/HG00741/raw_data/PacBio_HiFi/m84081_231222_101332_s2.hifi_reads.bc2024.bam	s3://human-pangenomics/working/HPRC/HG00741/raw_data/PacBio_HiFi/m84081_231222_101332_s2.hifi_reads.bc2024.bam	C1	HG00741_lib1_m84081_231222_101332_s2	Revio
HG00741	m84081_231222_121301_s3.hifi_reads.bc2024.bam	3.9	12.0	https://s3-us-west-2.amazonaws.com/human-pangenomics/working/HPRC/HG00741/raw_data/PacBio_HiFi/m84081_231222_121301_s3.hifi_reads.bc2024.bam	s3://human-pangenomics/working/HPRC/HG00741/raw_data/PacBio_HiFi/m84081_231222_121301_s3.hifi_reads.bc2024.bam	C1	HG00741_lib1_m84081_231222_121301_s3	Revio
HG00741	m84081_231222_141231_s4.hifi_reads.bc2024.bam	3.8	11.9	https://s3-us-west-2.amazonaws.com/human-pangenomics/working/HPRC/HG00741/raw_data/PacBio_HiFi/m84081_231222_141231_s4.hifi_reads.bc2024.bam	s3://human-pangenomics/working/HPRC/HG00741/raw_data/PacBio_HiFi/m84081_231222_141231_s4.hifi_reads.bc2024.bam	C1	HG00741_lib1_m84081_231222_141231_s4	Revio
HG01071	m84081_231222_081401_s1.hifi_reads.bc2026.bam	3.3	10.3	https://s3-us-west-2.amazonaws.com/human-pangenomics/working/HPRC/HG01071/raw_data/PacBio_HiFi/m84081_231222_081401_s1.hifi_reads.bc2026.bam	s3://human-pangenomics/working/HPRC/HG01071/raw_data/PacBio_HiFi/m84081_231222_081401_s1.hifi_reads.bc2026.bam	C1	HG01071_lib1_m84081_231222_081401_s1	Revio
HG01071	m84081_231222_101332_s2.hifi_reads.bc2026.bam	4.4	13.6	https://s3-us-west-2.amazonaws.com/human-pangenomics/working/HPRC/HG01071/raw_data/PacBio_HiFi/m84081_231222_101332_s2.hifi_reads.bc2026.bam	s3://human-pangenomics/working/HPRC/HG01071/raw_data/PacBio_HiFi/m84081_231222_101332_s2.hifi_reads.bc2026.bam	C1	HG01071_lib1_m84081_231222_101332_s2	Revio
HG01071	m84081_231222_121301_s3.hifi_reads.bc2026.bam	4.5	13.9	https://s3-us-west-2.amazonaws.com/human-pangenomics/working/HPRC/HG01071/raw_data/PacBio_HiFi/m84081_231222_121301_s3.hifi_reads.bc2026.bam	s3://human-pangenomics/working/HPRC/HG01071/raw_data/PacBio_HiFi/m84081_231222_121301_s3.hifi_reads.bc2026.bam	C1	HG01071_lib1_m84081_231222_121301_s3	Revio
HG01071	m84081_231222_141231_s4.hifi_reads.bc2026.bam	4.4	13.8	https://s3-us-west-2.amazonaws.com/human-pangenomics/working/HPRC/HG01071/raw_data/PacBio_HiFi/m84081_231222_141231_s4.hifi_reads.bc2026.bam	s3://human-pangenomics/working/HPRC/HG01071/raw_data/PacBio_HiFi/m84081_231222_141231_s4.hifi_reads.bc2026.bam	C1	HG01071_lib1_m84081_231222_141231_s4	Revio
HG01074	m84046_230712_231732_s2.hifi_reads.bc2061.bam	11.8	36.6	https://s3-us-west-2.amazonaws.com/human-pangenomics/working/HPRC/HG01074/raw_data/PacBio_HiFi/m84046_230712_231732_s2.hifi_reads.bc2061.bam	s3://human-pangenomics/working/HPRC/HG01074/raw_data/PacBio_HiFi/m84046_230712_231732_s2.hifi_reads.bc2061.bam	C1	HG01074.HFSS3_m84046_230712_231732_s2	Revio
HG01074	m84046_230719_001055_s4.hifi_reads.bc2061.bam	6.0	18.5	https://s3-us-west-2.amazonaws.com/human-pangenomics/working/HPRC/HG01074/raw_data/PacBio_HiFi/m84046_230719_001055_s4.hifi_reads.bc2061.bam	s3://human-pangenomics/working/HPRC/HG01074/raw_data/PacBio_HiFi/m84046_230719_001055_s4.hifi_reads.bc2061.bam	C1	HG01074.HFSS3_m84046_230719_001055_s4	Revio
HG01081	m84046_230628_210130_s1.bc2065--bc2065.bam	13.4	41.5	https://s3-us-west-2.amazonaws.com/human-pangenomics/working/HPRC/HG01081/raw_data/PacBio_HiFi/m84046_230628_210130_s1.bc2065--bc2065.bam	s3://human-pangenomics/working/HPRC/HG01081/raw_data/PacBio_HiFi/m84046_230628_210130_s1.bc2065--bc2065.bam	C1	HG01081.HFSS2_m84046_230628_210130_s1	Revio
HG01081	m84046_230707_205716_s4.bc2065--bc2065.bam	5.0	15.5	https://s3-us-west-2.amazonaws.com/human-pangenomics/working/HPRC/HG01081/raw_data/PacBio_HiFi/m84046_230707_205716_s4.bc2065--bc2065.bam	s3://human-pangenomics/working/HPRC/HG01081/raw_data/PacBio_HiFi/m84046_230707_205716_s4.bc2065--bc2065.bam	C1	HG01081.HFSS2_m84046_230707_205716_s4	Revio
HG01099	m84081_231124_014115_s1.hifi_reads.bc2092.bam	9.2	28.5	https://s3-us-west-2.amazonaws.com/human-pangenomics/working/HPRC/HG01099/raw_data/PacBio_HiFi/m84081_231124_014115_s1.hifi_reads.bc2092.bam	s3://human-pangenomics/working/HPRC/HG01099/raw_data/PacBio_HiFi/m84081_231124_014115_s1.hifi_reads.bc2092.bam	C1	HG01099_lib1_m84081_231124_014115_s1	Revio
HG01099	m84081_231124_021221_s2.hifi_reads.bc2092.bam	8.0	24.8	https://s3-us-west-2.amazonaws.com/human-pangenomics/working/HPRC/HG01099/raw_data/PacBio_HiFi/m84081_231124_021221_s2.hifi_reads.bc2092.bam	s3://human-pangenomics/working/HPRC/HG01099/raw_data/PacBio_HiFi/m84081_231124_021221_s2.hifi_reads.bc2092.bam	C1	HG01099_lib1_m84081_231124_021221_s2	Revio
HG01099	m84081_231124_024327_s3.hifi_reads.bc2092.bam	8.8	27.3	https://s3-us-west-2.amazonaws.com/human-pangenomics/working/HPRC/HG01099/raw_data/PacBio_HiFi/m84081_231124_024327_s3.hifi_reads.bc2092.bam	s3://human-pangenomics/working/HPRC/HG01099/raw_data/PacBio_HiFi/m84081_231124_024327_s3.hifi_reads.bc2092.bam	C1	HG01099_lib1_m84081_231124_024327_s3	Revio
HG01123	m84046_230724_203319_s4.hifi_reads.bc2055.bam	11.8	36.6	https://s3-us-west-2.amazonaws.com/human-pangenomics/working/HPRC/HG01123/raw_data/PacBio_HiFi/m84046_230724_203319_s4.hifi_reads.bc2055.bam	s3://human-pangenomics/working/HPRC/HG01123/raw_data/PacBio_HiFi/m84046_230724_203319_s4.hifi_reads.bc2055.bam	C1	HG01123.HFSS2_m84046_230724_203319_s4	Revio
HG01123	m84046_231202_090949_s3.hifi_reads.bc2055.bam	14.5	45.1	https://s3-us-west-2.amazonaws.com/human-pangenomics/working/HPRC/HG01123/raw_data/PacBio_HiFi/m84046_231202_090949_s3.hifi_reads.bc2055.bam	s3://human-pangenomics/working/HPRC/HG01123/raw_data/PacBio_HiFi/m84046_231202_090949_s3.hifi_reads.bc2055.bam	C1	HG01123.HFSS3_m84046_231202_090949_s3	Revio
HG01150	m84091_230905_192642_s1.hifi_reads.bc1019.bam	5.4	16.8	https://s3-us-west-2.amazonaws.com/human-pangenomics/working/HPRC/HG01150/raw_data/PacBio_HiFi/m84091_230905_192642_s1.hifi_reads.bc1019.bam	s3://human-pangenomics/working/HPRC/HG01150/raw_data/PacBio_HiFi/m84091_230905_192642_s1.hifi_reads.bc1019.bam	C1	HG01150_PB3_m84091_230905_192642_s1.hifi_reads.bc1019.bam	Revio
HG01150	m84091_230905_195701_s2.hifi_reads.bc1019.bam	5.1	15.7	https://s3-us-west-2.amazonaws.com/human-pangenomics/working/HPRC/HG01150/raw_data/PacBio_HiFi/m84091_230905_195701_s2.hifi_reads.bc1019.bam	s3://human-pangenomics/working/HPRC/HG01150/raw_data/PacBio_HiFi/m84091_230905_195701_s2.hifi_reads.bc1019.bam	C1	HG01150_PB3_m84091_230905_195701_s2.hifi_reads.bc1019.bam	Revio
HG01150	m84091_230905_202807_s3.hifi_reads.bc1019.bam	5.3	16.5	https://s3-us-west-2.amazonaws.com/human-pangenomics/working/HPRC/HG01150/raw_data/PacBio_HiFi/m84091_230905_202807_s3.hifi_reads.bc1019.bam	s3://human-pangenomics/working/HPRC/HG01150/raw_data/PacBio_HiFi/m84091_230905_202807_s3.hifi_reads.bc1019.bam	C1	HG01150_PB3_m84091_230905_202807_s3.hifi_reads.bc1019.bam	Revio
HG01150	m84091_231004_192043_s3.hifi_reads.bc1019.bam	2.6	8.2	https://s3-us-west-2.amazonaws.com/human-pangenomics/working/HPRC/HG01150/raw_data/PacBio_HiFi/m84091_231004_192043_s3.hifi_reads.bc1019.bam	s3://human-pangenomics/working/HPRC/HG01150/raw_data/PacBio_HiFi/m84091_231004_192043_s3.hifi_reads.bc1019.bam	C1	HG01150_PB3_m84091_231004_192043_s3.hifi_reads.bc1019.bam	Revio
HG01167	m84091_230725_164143_s3.hifi_reads.bc1012.bam	34.0	105.4	https://s3-us-west-2.amazonaws.com/human-pangenomics/working/HPRC/HG01167/raw_data/PacBio_HiFi/m84091_230725_164143_s3.hifi_reads.bc1012.bam	s3://human-pangenomics/working/HPRC/HG01167/raw_data/PacBio_HiFi/m84091_230725_164143_s3.hifi_reads.bc1012.bam	C1	HG01167_PB1_m84091_230725_164143_s3	Revio
HG01167	m84091_230731_140439_s3.hifi_reads.bc1012.bam	22.5	69.7	https://s3-us-west-2.amazonaws.com/human-pangenomics/working/HPRC/HG01167/raw_data/PacBio_HiFi/m84091_230731_140439_s3.hifi_reads.bc1012.bam	s3://human-pangenomics/working/HPRC/HG01167/raw_data/PacBio_HiFi/m84091_230731_140439_s3.hifi_reads.bc1012.bam	C1	HG01167_PB1_m84091_230731_140439_s3	Revio
HG01167	m84091_230817_153352_s4.hifi_reads.bc1012.bam	6.0	18.7	https://s3-us-west-2.amazonaws.com/human-pangenomics/working/HPRC/HG01167/raw_data/PacBio_HiFi/m84091_230817_153352_s4.hifi_reads.bc1012.bam	s3://human-pangenomics/working/HPRC/HG01167/raw_data/PacBio_HiFi/m84091_230817_153352_s4.hifi_reads.bc1012.bam	C1	HG01167_PB1_m84091_230817_153352_s4	Revio
HG01175	m84081_231222_081401_s1.hifi_reads.bc2025.bam	3.3	10.1	https://s3-us-west-2.amazonaws.com/human-pangenomics/working/HPRC/HG01175/raw_data/PacBio_HiFi/m84081_231222_081401_s1.hifi_reads.bc2025.bam	s3://human-pangenomics/working/HPRC/HG01175/raw_data/PacBio_HiFi/m84081_231222_081401_s1.hifi_reads.bc2025.bam	C1	HG01175_lib1_m84081_231222_081401_s1	Revio
HG01175	m84081_231222_101332_s2.hifi_reads.bc2025.bam	4.3	13.4	https://s3-us-west-2.amazonaws.com/human-pangenomics/working/HPRC/HG01175/raw_data/PacBio_HiFi/m84081_231222_101332_s2.hifi_reads.bc2025.bam	s3://human-pangenomics/working/HPRC/HG01175/raw_data/PacBio_HiFi/m84081_231222_101332_s2.hifi_reads.bc2025.bam	C1	HG01175_lib1_m84081_231222_101332_s2	Revio
HG01175	m84081_231222_121301_s3.hifi_reads.bc2025.bam	4.4	13.7	https://s3-us-west-2.amazonaws.com/human-pangenomics/working/HPRC/HG01175/raw_data/PacBio_HiFi/m84081_231222_121301_s3.hifi_reads.bc2025.bam	s3://human-pangenomics/working/HPRC/HG01175/raw_data/PacBio_HiFi/m84081_231222_121301_s3.hifi_reads.bc2025.bam	C1	HG01175_lib1_m84081_231222_121301_s3	Revio
HG01175	m84081_231222_141231_s4.hifi_reads.bc2025.bam	4.4	13.7	https://s3-us-west-2.amazonaws.com/human-pangenomics/working/HPRC/HG01175/raw_data/PacBio_HiFi/m84081_231222_141231_s4.hifi_reads.bc2025.bam	s3://human-pangenomics/working/HPRC/HG01175/raw_data/PacBio_HiFi/m84081_231222_141231_s4.hifi_reads.bc2025.bam	C1	HG01175_lib1_m84081_231222_141231_s4	Revio
HG01192	m84081_230630_201015_s3.hifi_reads.default.bam	11.5	35.7	https://s3-us-west-2.amazonaws.com/human-pangenomics/working/HPRC/HG01192/raw_data/PacBio_HiFi/m84081_230630_201015_s3.hifi_reads.default.bam	s3://human-pangenomics/working/HPRC/HG01192/raw_data/PacBio_HiFi/m84081_230630_201015_s3.hifi_reads.default.bam	C1	HG01192_lib1	Revio
HG01192	m84081_230630_204121_s4.hifi_reads.default.bam	13.1	40.6	https://s3-us-west-2.amazonaws.com/human-pangenomics/working/HPRC/HG01192/raw_data/PacBio_HiFi/m84081_230630_204121_s4.hifi_reads.default.bam	s3://human-pangenomics/working/HPRC/HG01192/raw_data/PacBio_HiFi/m84081_230630_204121_s4.hifi_reads.default.bam	C1	HG01192_lib1	Revio
HG01243	m84039_230303_005138_s2.hifi_reads.bc2009.bam	7.8	24.1	https://s3-us-west-2.amazonaws.com/human-pangenomics/working/HPRC_PLUS/HG01243/raw_data/PacBio_HiFi/m84039_230303_005138_s2.hifi_reads.bc2009.bam	s3://human-pangenomics/working/HPRC_PLUS/HG01243/raw_data/PacBio_HiFi/m84039_230303_005138_s2.hifi_reads.bc2009.bam			Revio
HG01243	m84039_230311_024907_s1.hifi_reads.bc2009.bam	4.2	13.0	https://s3-us-west-2.amazonaws.com/human-pangenomics/working/HPRC_PLUS/HG01243/raw_data/PacBio_HiFi/m84039_230311_024907_s1.hifi_reads.bc2009.bam	s3://human-pangenomics/working/HPRC_PLUS/HG01243/raw_data/PacBio_HiFi/m84039_230311_024907_s1.hifi_reads.bc2009.bam			Revio
HG01243	m84039_230314_210032_s1.hifi_reads.bc2009.bam	12.6	39.1	https://s3-us-west-2.amazonaws.com/human-pangenomics/working/HPRC_PLUS/HG01243/raw_data/PacBio_HiFi/m84039_230314_210032_s1.hifi_reads.bc2009.bam	s3://human-pangenomics/working/HPRC_PLUS/HG01243/raw_data/PacBio_HiFi/m84039_230314_210032_s1.hifi_reads.bc2009.bam			Revio
HG01243	m84039_230316_185945_s1.hifi_reads.bc2009.bam	8.3	25.8	https://s3-us-west-2.amazonaws.com/human-pangenomics/working/HPRC_PLUS/HG01243/raw_data/PacBio_HiFi/m84039_230316_185945_s1.hifi_reads.bc2009.bam	s3://human-pangenomics/working/HPRC_PLUS/HG01243/raw_data/PacBio_HiFi/m84039_230316_185945_s1.hifi_reads.bc2009.bam			Revio
HG01252	m84091_230905_205913_s4.hifi_reads.bc1020.bam	16.7	51.8	https://s3-us-west-2.amazonaws.com/human-pangenomics/working/HPRC/HG01252/raw_data/PacBio_HiFi/m84091_230905_205913_s4.hifi_reads.bc1020.bam	s3://human-pangenomics/working/HPRC/HG01252/raw_data/PacBio_HiFi/m84091_230905_205913_s4.hifi_reads.bc1020.bam	C1	HG01252_PB3_m84091_230905_205913_s4.hifi_reads.bc1020.bam	Revio
HG01255	m84081_231105_024654_s3.hifi_reads.default.bam	34.5	106.8	https://s3-us-west-2.amazonaws.com/human-pangenomics/working/HPRC/HG01255/raw_data/PacBio_HiFi/m84081_231105_024654_s3.hifi_reads.default.bam	s3://human-pangenomics/working/HPRC/HG01255/raw_data/PacBio_HiFi/m84081_231105_024654_s3.hifi_reads.default.bam	C1	HG01255_lib1_m84081_231105_024654_s3	Revio
HG01258	m84046_231202_090949_s3.hifi_reads.bc2054.bam	16.2	50.3	https://s3-us-west-2.amazonaws.com/human-pangenomics/working/HPRC/HG01258/raw_data/PacBio_HiFi/m84046_231202_090949_s3.hifi_reads.bc2054.bam	s3://human-pangenomics/working/HPRC/HG01258/raw_data/PacBio_HiFi/m84046_231202_090949_s3.hifi_reads.bc2054.bam	C1	HG01258.HFSS2_m84046_231202_090949_s3	Revio
HG01261	m84081_230721_185800_s3.hifi_reads.bc2024.bam	12.9	39.8	https://s3-us-west-2.amazonaws.com/human-pangenomics/working/HPRC/HG01261/raw_data/PacBio_HiFi/m84081_230721_185800_s3.hifi_reads.bc2024.bam	s3://human-pangenomics/working/HPRC/HG01261/raw_data/PacBio_HiFi/m84081_230721_185800_s3.hifi_reads.bc2024.bam	C1	HG01261_lib1	Revio
HG01261	m84081_230721_192906_s4.hifi_reads.bc2024.bam	13.1	40.5	https://s3-us-west-2.amazonaws.com/human-pangenomics/working/HPRC/HG01261/raw_data/PacBio_HiFi/m84081_230721_192906_s4.hifi_reads.bc2024.bam	s3://human-pangenomics/working/HPRC/HG01261/raw_data/PacBio_HiFi/m84081_230721_192906_s4.hifi_reads.bc2024.bam	C1	HG01261_lib1	Revio
HG01346	m84046_230720_182350_s1.hifi_reads.bc2005.bam	21.6	67.0	https://s3-us-west-2.amazonaws.com/human-pangenomics/working/HPRC/HG01346/raw_data/PacBio_HiFi/m84046_230720_182350_s1.hifi_reads.bc2005.bam	s3://human-pangenomics/working/HPRC/HG01346/raw_data/PacBio_HiFi/m84046_230720_182350_s1.hifi_reads.bc2005.bam	C1	HG01346.HFSS2_m84046_230720_182350_s1	Revio
HG01358	m84046_231202_071034_s1.hifi_reads.bc2053.bam	7.7	23.7	https://s3-us-west-2.amazonaws.com/human-pangenomics/working/HPRC/HG01358/raw_data/PacBio_HiFi/m84046_231202_071034_s1.hifi_reads.bc2053.bam	s3://human-pangenomics/working/HPRC/HG01358/raw_data/PacBio_HiFi/m84046_231202_071034_s1.hifi_reads.bc2053.bam	C1	HG01358.HFSS2_m84046_231202_071034_s1	Revio
HG01358	m84046_231202_110908_s4.hifi_reads.bc2053.bam	7.3	22.5	https://s3-us-west-2.amazonaws.com/human-pangenomics/working/HPRC/HG01358/raw_data/PacBio_HiFi/m84046_231202_110908_s4.hifi_reads.bc2053.bam	s3://human-pangenomics/working/HPRC/HG01358/raw_data/PacBio_HiFi/m84046_231202_110908_s4.hifi_reads.bc2053.bam	C1	HG01358.HFSS2_m84046_231202_110908_s4	Revio
HG01361	m84046_230724_203319_s4.hifi_reads.bc2056.bam	13.6	42.0	https://s3-us-west-2.amazonaws.com/human-pangenomics/working/HPRC/HG01361/raw_data/PacBio_HiFi/m84046_230724_203319_s4.hifi_reads.bc2056.bam	s3://human-pangenomics/working/HPRC/HG01361/raw_data/PacBio_HiFi/m84046_230724_203319_s4.hifi_reads.bc2056.bam	C1	HG01361.HFSS2_m84046_230724_203319_s4	Revio
HG01361	m84046_231202_071034_s1.hifi_reads.bc2052.bam	24.4	75.7	https://s3-us-west-2.amazonaws.com/human-pangenomics/working/HPRC/HG01361/raw_data/PacBio_HiFi/m84046_231202_071034_s1.hifi_reads.bc2052.bam	s3://human-pangenomics/working/HPRC/HG01361/raw_data/PacBio_HiFi/m84046_231202_071034_s1.hifi_reads.bc2052.bam	C1	HG01361.HFSS3_m84046_231202_071034_s1	Revio
HG01433	m84081_230727_190726_s1.hifi_reads.default.bam	13.2	40.8	https://s3-us-west-2.amazonaws.com/human-pangenomics/working/HPRC/HG01433/raw_data/PacBio_HiFi/m84081_230727_190726_s1.hifi_reads.default.bam	s3://human-pangenomics/working/HPRC/HG01433/raw_data/PacBio_HiFi/m84081_230727_190726_s1.hifi_reads.default.bam	C1	HG01433_lib1_m84081_230727_190726_s1	Revio
HG01433	m84081_230727_193748_s2.hifi_reads.default.bam	13.7	42.6	https://s3-us-west-2.amazonaws.com/human-pangenomics/working/HPRC/HG01433/raw_data/PacBio_HiFi/m84081_230727_193748_s2.hifi_reads.default.bam	s3://human-pangenomics/working/HPRC/HG01433/raw_data/PacBio_HiFi/m84081_230727_193748_s2.hifi_reads.default.bam	C1	HG01433_lib1_m84081_230727_193748_s2	Revio
HG01496	m84081_231112_030942_s3.hifi_reads.bc2080.bam	24.4	75.5	https://s3-us-west-2.amazonaws.com/human-pangenomics/working/HPRC/HG01496/raw_data/PacBio_HiFi/m84081_231112_030942_s3.hifi_reads.bc2080.bam	s3://human-pangenomics/working/HPRC/HG01496/raw_data/PacBio_HiFi/m84081_231112_030942_s3.hifi_reads.bc2080.bam	C1	HG01496_lib1_m84081_231112_030942_s3	Revio
HG01530	m84091_231208_194716_s4.hifi_reads.bc1021.bam	4.7	14.7	https://s3-us-west-2.amazonaws.com/human-pangenomics/working/HPRC/HG01530/raw_data/PacBio_HiFi/m84091_231208_194716_s4.hifi_reads.bc1021.bam	s3://human-pangenomics/working/HPRC/HG01530/raw_data/PacBio_HiFi/m84091_231208_194716_s4.hifi_reads.bc1021.bam	C1	HG01530_PB3_m84091_231208_194716_s4.hifi_reads.bc1021.bam	Revio
HG01530	m84091_231208_201822_s1.hifi_reads.bc1021.bam	3.1	9.7	https://s3-us-west-2.amazonaws.com/human-pangenomics/working/HPRC/HG01530/raw_data/PacBio_HiFi/m84091_231208_201822_s1.hifi_reads.bc1021.bam	s3://human-pangenomics/working/HPRC/HG01530/raw_data/PacBio_HiFi/m84091_231208_201822_s1.hifi_reads.bc1021.bam	C1	HG01530_PB3_m84091_231208_201822_s1.hifi_reads.bc1021.bam	Revio
HG01530	m84091_231208_204928_s2.hifi_reads.bc1021.bam	2.8	8.6	https://s3-us-west-2.amazonaws.com/human-pangenomics/working/HPRC/HG01530/raw_data/PacBio_HiFi/m84091_231208_204928_s2.hifi_reads.bc1021.bam	s3://human-pangenomics/working/HPRC/HG01530/raw_data/PacBio_HiFi/m84091_231208_204928_s2.hifi_reads.bc1021.bam	C1	HG01530_PB3_m84091_231208_204928_s2.hifi_reads.bc1021.bam	Revio
HG01784	m84091_231120_182829_s1.hifi_reads.bc1019.bam	21.0	65.2	https://s3-us-west-2.amazonaws.com/human-pangenomics/working/HPRC/HG01784/raw_data/PacBio_HiFi/m84091_231120_182829_s1.hifi_reads.bc1019.bam	s3://human-pangenomics/working/HPRC/HG01784/raw_data/PacBio_HiFi/m84091_231120_182829_s1.hifi_reads.bc1019.bam	C1	HG01784_PB2_m84091_231120_182829_s1.hifi_reads.bc1019.bam	Revio
HG01786	m84081_230616_172650_s1.hifi_reads.bc2012.bam	36.5	113.0	https://s3-us-west-2.amazonaws.com/human-pangenomics/working/HPRC/HG01786/raw_data/PacBio_HiFi/m84081_230616_172650_s1.hifi_reads.bc2012.bam	s3://human-pangenomics/working/HPRC/HG01786/raw_data/PacBio_HiFi/m84081_230616_172650_s1.hifi_reads.bc2012.bam	C1	HG01786_lib1_m84081_230616_172650_s1_m84081_230616_172650_s1	Revio
HG01786	m84081_230616_175717_s2.hifi_reads.bc2012.bam	37.1	114.9	https://s3-us-west-2.amazonaws.com/human-pangenomics/working/HPRC/HG01786/raw_data/PacBio_HiFi/m84081_230616_175717_s2.hifi_reads.bc2012.bam	s3://human-pangenomics/working/HPRC/HG01786/raw_data/PacBio_HiFi/m84081_230616_175717_s2.hifi_reads.bc2012.bam	C1	HG01786_lib1_m84081_230616_175717_s2_m84081_230616_175717_s2	Revio
HG01884	m84046_230701_003325_s1.hifi_reads.default.bam	13.8	42.7	https://s3-us-west-2.amazonaws.com/human-pangenomics/working/HPRC/HG01884/raw_data/PacBio_HiFi/m84046_230701_003325_s1.hifi_reads.default.bam	s3://human-pangenomics/working/HPRC/HG01884/raw_data/PacBio_HiFi/m84046_230701_003325_s1.hifi_reads.default.bam	C1	HG01884.HFSS_m84046_230701_003325_s1	Revio
HG01884	m84046_230707_192442_s1.hifi_reads.default.bam	2.7	8.2	https://s3-us-west-2.amazonaws.com/human-pangenomics/working/HPRC/HG01884/raw_data/PacBio_HiFi/m84046_230707_192442_s1.hifi_reads.default.bam	s3://human-pangenomics/working/HPRC/HG01884/raw_data/PacBio_HiFi/m84046_230707_192442_s1.hifi_reads.default.bam	C1	HG01884.HFSS_m84046_230707_192442_s1	Revio
HG01884	m84046_230712_231732_s2.hifi_reads.default.bam	2.1	6.4	https://s3-us-west-2.amazonaws.com/human-pangenomics/working/HPRC/HG01884/raw_data/PacBio_HiFi/m84046_230712_231732_s2.hifi_reads.default.bam	s3://human-pangenomics/working/HPRC/HG01884/raw_data/PacBio_HiFi/m84046_230712_231732_s2.hifi_reads.default.bam	C1	HG01884.HFSS_m84046_230712_231732_s2	Revio
HG01884	m84046_230718_230843_s2.hifi_reads.default.bam	3.0	9.4	https://s3-us-west-2.amazonaws.com/human-pangenomics/working/HPRC/HG01884/raw_data/PacBio_HiFi/m84046_230718_230843_s2.hifi_reads.default.bam	s3://human-pangenomics/working/HPRC/HG01884/raw_data/PacBio_HiFi/m84046_230718_230843_s2.hifi_reads.default.bam	C1	HG01884.HFSS_m84046_230718_230843_s2	Revio
HG01891	m84046_230712_224626_s1.hifi_reads.bc2066.bam	21.2	65.7	https://s3-us-west-2.amazonaws.com/human-pangenomics/working/HPRC/HG01891/raw_data/PacBio_HiFi/m84046_230712_224626_s1.hifi_reads.bc2066.bam	s3://human-pangenomics/working/HPRC/HG01891/raw_data/PacBio_HiFi/m84046_230712_224626_s1.hifi_reads.bc2066.bam	C1	HG01891.HFSS_m84046_230712_224626_s1	Revio
HG01928	m84081_231222_081401_s1.hifi_reads.bc2022.bam	4.0	12.4	https://s3-us-west-2.amazonaws.com/human-pangenomics/working/HPRC/HG01928/raw_data/PacBio_HiFi/m84081_231222_081401_s1.hifi_reads.bc2022.bam	s3://human-pangenomics/working/HPRC/HG01928/raw_data/PacBio_HiFi/m84081_231222_081401_s1.hifi_reads.bc2022.bam	C1	HG01928_lib1_m84081_231222_081401_s1	Revio
HG01928	m84081_231222_101332_s2.hifi_reads.bc2022.bam	5.3	16.4	https://s3-us-west-2.amazonaws.com/human-pangenomics/working/HPRC/HG01928/raw_data/PacBio_HiFi/m84081_231222_101332_s2.hifi_reads.bc2022.bam	s3://human-pangenomics/working/HPRC/HG01928/raw_data/PacBio_HiFi/m84081_231222_101332_s2.hifi_reads.bc2022.bam	C1	HG01928_lib1_m84081_231222_101332_s2	Revio
HG01928	m84081_231222_121301_s3.hifi_reads.bc2022.bam	5.4	16.8	https://s3-us-west-2.amazonaws.com/human-pangenomics/working/HPRC/HG01928/raw_data/PacBio_HiFi/m84081_231222_121301_s3.hifi_reads.bc2022.bam	s3://human-pangenomics/working/HPRC/HG01928/raw_data/PacBio_HiFi/m84081_231222_121301_s3.hifi_reads.bc2022.bam	C1	HG01928_lib1_m84081_231222_121301_s3	Revio
HG01928	m84081_231222_141231_s4.hifi_reads.bc2022.bam	5.4	16.6	https://s3-us-west-2.amazonaws.com/human-pangenomics/working/HPRC/HG01928/raw_data/PacBio_HiFi/m84081_231222_141231_s4.hifi_reads.bc2022.bam	s3://human-pangenomics/working/HPRC/HG01928/raw_data/PacBio_HiFi/m84081_231222_141231_s4.hifi_reads.bc2022.bam	C1	HG01928_lib1_m84081_231222_141231_s4	Revio
HG01934	m84081_231117_193129_s1.hifi_reads.bc2088.bam	13.3	41.2	https://s3-us-west-2.amazonaws.com/human-pangenomics/working/HPRC/HG01934/raw_data/PacBio_HiFi/m84081_231117_193129_s1.hifi_reads.bc2088.bam	s3://human-pangenomics/working/HPRC/HG01934/raw_data/PacBio_HiFi/m84081_231117_193129_s1.hifi_reads.bc2088.bam	C1	HG01934_lib1_m84081_231117_193129_s1	Revio
HG01934	m84081_231117_201125_s2.hifi_reads.bc2088.bam	13.3	41.4	https://s3-us-west-2.amazonaws.com/human-pangenomics/working/HPRC/HG01934/raw_data/PacBio_HiFi/m84081_231117_201125_s2.hifi_reads.bc2088.bam	s3://human-pangenomics/working/HPRC/HG01934/raw_data/PacBio_HiFi/m84081_231117_201125_s2.hifi_reads.bc2088.bam	C1	HG01934_lib1_m84081_231117_201125_s2	Revio
HG01934	m84081_231117_204232_s3.hifi_reads.bc2088.bam	14.3	44.5	https://s3-us-west-2.amazonaws.com/human-pangenomics/working/HPRC/HG01934/raw_data/PacBio_HiFi/m84081_231117_204232_s3.hifi_reads.bc2088.bam	s3://human-pangenomics/working/HPRC/HG01934/raw_data/PacBio_HiFi/m84081_231117_204232_s3.hifi_reads.bc2088.bam	C1	HG01934_lib1_m84081_231117_204232_s3	Revio
HG01940	m84091_240110_191713_s4.hifi_reads.bc1010.bam	18.5	57.2	https://s3-us-west-2.amazonaws.com/human-pangenomics/working/HPRC/HG01940/raw_data/PacBio_HiFi/m84091_240110_191713_s4.hifi_reads.bc1010.bam	s3://human-pangenomics/working/HPRC/HG01940/raw_data/PacBio_HiFi/m84091_240110_191713_s4.hifi_reads.bc1010.bam	C1	HG01940_PB4_m84091_240110_191713_s4.hifi_reads.bc1010.bam	Revio
HG01943	m84081_231122_210358_s4.hifi_reads.bc2093.bam	15.2	47.2	https://s3-us-west-2.amazonaws.com/human-pangenomics/working/HPRC/HG01943/raw_data/PacBio_HiFi/m84081_231122_210358_s4.hifi_reads.bc2093.bam	s3://human-pangenomics/working/HPRC/HG01943/raw_data/PacBio_HiFi/m84081_231122_210358_s4.hifi_reads.bc2093.bam	C1	HG01943_lib1_m84081_231122_210358_s4	Revio
HG01943	m84081_231124_031433_s4.hifi_reads.bc2093.bam	16.8	52.1	https://s3-us-west-2.amazonaws.com/human-pangenomics/working/HPRC/HG01943/raw_data/PacBio_HiFi/m84081_231124_031433_s4.hifi_reads.bc2093.bam	s3://human-pangenomics/working/HPRC/HG01943/raw_data/PacBio_HiFi/m84081_231124_031433_s4.hifi_reads.bc2093.bam	C1	HG01943_lib1_m84081_231124_031433_s4	Revio
HG01952	m84081_231222_081401_s1.hifi_reads.bc2029.bam	1.8	5.7	https://s3-us-west-2.amazonaws.com/human-pangenomics/working/HPRC/HG01952/raw_data/PacBio_HiFi/m84081_231222_081401_s1.hifi_reads.bc2029.bam	s3://human-pangenomics/working/HPRC/HG01952/raw_data/PacBio_HiFi/m84081_231222_081401_s1.hifi_reads.bc2029.bam	C1	HG01952_lib1_m84081_231222_081401_s1	Revio
HG01952	m84081_231222_101332_s2.hifi_reads.bc2029.bam	2.4	7.6	https://s3-us-west-2.amazonaws.com/human-pangenomics/working/HPRC/HG01952/raw_data/PacBio_HiFi/m84081_231222_101332_s2.hifi_reads.bc2029.bam	s3://human-pangenomics/working/HPRC/HG01952/raw_data/PacBio_HiFi/m84081_231222_101332_s2.hifi_reads.bc2029.bam	C1	HG01952_lib1_m84081_231222_101332_s2	Revio
HG01952	m84081_231222_121301_s3.hifi_reads.bc2029.bam	2.5	7.7	https://s3-us-west-2.amazonaws.com/human-pangenomics/working/HPRC/HG01952/raw_data/PacBio_HiFi/m84081_231222_121301_s3.hifi_reads.bc2029.bam	s3://human-pangenomics/working/HPRC/HG01952/raw_data/PacBio_HiFi/m84081_231222_121301_s3.hifi_reads.bc2029.bam	C1	HG01952_lib1_m84081_231222_121301_s3	Revio
HG01952	m84081_231222_141231_s4.hifi_reads.bc2029.bam	2.5	7.6	https://s3-us-west-2.amazonaws.com/human-pangenomics/working/HPRC/HG01952/raw_data/PacBio_HiFi/m84081_231222_141231_s4.hifi_reads.bc2029.bam	s3://human-pangenomics/working/HPRC/HG01952/raw_data/PacBio_HiFi/m84081_231222_141231_s4.hifi_reads.bc2029.bam	C1	HG01952_lib1_m84081_231222_141231_s4	Revio
HG01960	m84091_230817_150246_s3.hifi_reads.bc1012.bam	16.6	51.5	https://s3-us-west-2.amazonaws.com/human-pangenomics/working/HPRC/HG01960/raw_data/PacBio_HiFi/m84091_230817_150246_s3.hifi_reads.bc1012.bam	s3://human-pangenomics/working/HPRC/HG01960/raw_data/PacBio_HiFi/m84091_230817_150246_s3.hifi_reads.bc1012.bam	C1	HG01960_PB3_m84091_230817_150246_s3.hifi_reads.bc1012.bam	Revio
HG01969	m84091_240110_201841_s2.hifi_reads.bc1002.bam	19.4	60.0	https://s3-us-west-2.amazonaws.com/human-pangenomics/working/HPRC/HG01969/raw_data/PacBio_HiFi/m84091_240110_201841_s2.hifi_reads.bc1002.bam	s3://human-pangenomics/working/HPRC/HG01969/raw_data/PacBio_HiFi/m84091_240110_201841_s2.hifi_reads.bc1002.bam	C1	HG01969_PB5_m84091_240110_201841_s2.hifi_reads.bc1002.bam	Revio
HG01975	m84081_230721_185800_s3.hifi_reads.bc2025.bam	11.7	36.3	https://s3-us-west-2.amazonaws.com/human-pangenomics/working/HPRC/HG01975/raw_data/PacBio_HiFi/m84081_230721_185800_s3.hifi_reads.bc2025.bam	s3://human-pangenomics/working/HPRC/HG01975/raw_data/PacBio_HiFi/m84081_230721_185800_s3.hifi_reads.bc2025.bam	C1	HG01975_lib1	Revio
HG01975	m84081_230721_192906_s4.hifi_reads.bc2025.bam	12.0	37.1	https://s3-us-west-2.amazonaws.com/human-pangenomics/working/HPRC/HG01975/raw_data/PacBio_HiFi/m84081_230721_192906_s4.hifi_reads.bc2025.bam	s3://human-pangenomics/working/HPRC/HG01975/raw_data/PacBio_HiFi/m84081_230721_192906_s4.hifi_reads.bc2025.bam	C1	HG01975_lib1	Revio
HG01978	m84081_231222_081401_s1.hifi_reads.bc2021.bam	1.7	5.2	https://s3-us-west-2.amazonaws.com/human-pangenomics/working/HPRC/HG01978/raw_data/PacBio_HiFi/m84081_231222_081401_s1.hifi_reads.bc2021.bam	s3://human-pangenomics/working/HPRC/HG01978/raw_data/PacBio_HiFi/m84081_231222_081401_s1.hifi_reads.bc2021.bam	C1	HG01978_lib1_m84081_231222_081401_s1	Revio
HG01978	m84081_231222_101332_s2.hifi_reads.bc2021.bam	2.2	6.8	https://s3-us-west-2.amazonaws.com/human-pangenomics/working/HPRC/HG01978/raw_data/PacBio_HiFi/m84081_231222_101332_s2.hifi_reads.bc2021.bam	s3://human-pangenomics/working/HPRC/HG01978/raw_data/PacBio_HiFi/m84081_231222_101332_s2.hifi_reads.bc2021.bam	C1	HG01978_lib1_m84081_231222_101332_s2	Revio
HG01978	m84081_231222_121301_s3.hifi_reads.bc2021.bam	2.3	7.0	https://s3-us-west-2.amazonaws.com/human-pangenomics/working/HPRC/HG01978/raw_data/PacBio_HiFi/m84081_231222_121301_s3.hifi_reads.bc2021.bam	s3://human-pangenomics/working/HPRC/HG01978/raw_data/PacBio_HiFi/m84081_231222_121301_s3.hifi_reads.bc2021.bam	C1	HG01978_lib1_m84081_231222_121301_s3	Revio
HG01978	m84081_231222_141231_s4.hifi_reads.bc2021.bam	2.2	6.9	https://s3-us-west-2.amazonaws.com/human-pangenomics/working/HPRC/HG01978/raw_data/PacBio_HiFi/m84081_231222_141231_s4.hifi_reads.bc2021.bam	s3://human-pangenomics/working/HPRC/HG01978/raw_data/PacBio_HiFi/m84081_231222_141231_s4.hifi_reads.bc2021.bam	C1	HG01978_lib1_m84081_231222_141231_s4	Revio
HG01981	m84081_231124_014115_s1.hifi_reads.bc2091.bam	8.6	26.7	https://s3-us-west-2.amazonaws.com/human-pangenomics/working/HPRC/HG01981/raw_data/PacBio_HiFi/m84081_231124_014115_s1.hifi_reads.bc2091.bam	s3://human-pangenomics/working/HPRC/HG01981/raw_data/PacBio_HiFi/m84081_231124_014115_s1.hifi_reads.bc2091.bam	C1	HG01981_lib1_m84081_231124_014115_s1	Revio
HG01981	m84081_231124_021221_s2.hifi_reads.bc2091.bam	7.5	23.2	https://s3-us-west-2.amazonaws.com/human-pangenomics/working/HPRC/HG01981/raw_data/PacBio_HiFi/m84081_231124_021221_s2.hifi_reads.bc2091.bam	s3://human-pangenomics/working/HPRC/HG01981/raw_data/PacBio_HiFi/m84081_231124_021221_s2.hifi_reads.bc2091.bam	C1	HG01981_lib1_m84081_231124_021221_s2	Revio
HG01981	m84081_231124_024327_s3.hifi_reads.bc2091.bam	8.2	25.6	https://s3-us-west-2.amazonaws.com/human-pangenomics/working/HPRC/HG01981/raw_data/PacBio_HiFi/m84081_231124_024327_s3.hifi_reads.bc2091.bam	s3://human-pangenomics/working/HPRC/HG01981/raw_data/PacBio_HiFi/m84081_231124_024327_s3.hifi_reads.bc2091.bam	C1	HG01981_lib1_m84081_231124_024327_s3	Revio
HG01993	m84081_231119_015049_s1.hifi_reads.bc2085.bam	10.7	33.2	https://s3-us-west-2.amazonaws.com/human-pangenomics/working/HPRC/HG01993/raw_data/PacBio_HiFi/m84081_231119_015049_s1.hifi_reads.bc2085.bam	s3://human-pangenomics/working/HPRC/HG01993/raw_data/PacBio_HiFi/m84081_231119_015049_s1.hifi_reads.bc2085.bam	C1	HG01993_lib1_m84081_231119_015049_s1	Revio
HG01993	m84081_231119_022155_s2.hifi_reads.bc2085.bam	11.6	35.9	https://s3-us-west-2.amazonaws.com/human-pangenomics/working/HPRC/HG01993/raw_data/PacBio_HiFi/m84081_231119_022155_s2.hifi_reads.bc2085.bam	s3://human-pangenomics/working/HPRC/HG01993/raw_data/PacBio_HiFi/m84081_231119_022155_s2.hifi_reads.bc2085.bam	C1	HG01993_lib1_m84081_231119_022155_s2	Revio
HG01993	m84081_231119_025301_s3.hifi_reads.bc2085.bam	11.0	34.0	https://s3-us-west-2.amazonaws.com/human-pangenomics/working/HPRC/HG01993/raw_data/PacBio_HiFi/m84081_231119_025301_s3.hifi_reads.bc2085.bam	s3://human-pangenomics/working/HPRC/HG01993/raw_data/PacBio_HiFi/m84081_231119_025301_s3.hifi_reads.bc2085.bam	C1	HG01993_lib1_m84081_231119_025301_s3	Revio
HG02004	m84081_231027_205726_s4.hifi_reads.default.bam	11.5	35.6	https://s3-us-west-2.amazonaws.com/human-pangenomics/working/HPRC/HG02004/raw_data/PacBio_HiFi/m84081_231027_205726_s4.hifi_reads.default.bam	s3://human-pangenomics/working/HPRC/HG02004/raw_data/PacBio_HiFi/m84081_231027_205726_s4.hifi_reads.default.bam	C1	HG02004_lib1_m84081_231027_205726_s4	Revio
HG02004	m84081_231029_030755_s4.hifi_reads.default.bam	10.4	32.3	https://s3-us-west-2.amazonaws.com/human-pangenomics/working/HPRC/HG02004/raw_data/PacBio_HiFi/m84081_231029_030755_s4.hifi_reads.default.bam	s3://human-pangenomics/working/HPRC/HG02004/raw_data/PacBio_HiFi/m84081_231029_030755_s4.hifi_reads.default.bam	C1	HG02004_lib1_m84081_231029_030755_s4	Revio
HG02015	m84081_230721_175633_s1.hifi_reads.bc1022.bam	8.3	25.8	https://s3-us-west-2.amazonaws.com/human-pangenomics/working/HPRC/HG02015/raw_data/PacBio_HiFi/m84081_230721_175633_s1.hifi_reads.bc1022.bam	s3://human-pangenomics/working/HPRC/HG02015/raw_data/PacBio_HiFi/m84081_230721_175633_s1.hifi_reads.bc1022.bam	C1	HG02015_lib1	Revio
HG02015	m84081_230721_182654_s2.hifi_reads.bc1022.bam	8.6	26.7	https://s3-us-west-2.amazonaws.com/human-pangenomics/working/HPRC/HG02015/raw_data/PacBio_HiFi/m84081_230721_182654_s2.hifi_reads.bc1022.bam	s3://human-pangenomics/working/HPRC/HG02015/raw_data/PacBio_HiFi/m84081_230721_182654_s2.hifi_reads.bc1022.bam	C1	HG02015_lib1	Revio
HG02027	m84081_231117_211338_s4.hifi_reads.bc2081.bam	9.2	28.5	https://s3-us-west-2.amazonaws.com/human-pangenomics/working/HPRC/HG02027/raw_data/PacBio_HiFi/m84081_231117_211338_s4.hifi_reads.bc2081.bam	s3://human-pangenomics/working/HPRC/HG02027/raw_data/PacBio_HiFi/m84081_231117_211338_s4.hifi_reads.bc2081.bam	C1	HG02027_lib1_m84081_231117_211338_s4	Revio
HG02027	m84081_231119_032407_s4.hifi_reads.bc2081.bam	8.9	27.7	https://s3-us-west-2.amazonaws.com/human-pangenomics/working/HPRC/HG02027/raw_data/PacBio_HiFi/m84081_231119_032407_s4.hifi_reads.bc2081.bam	s3://human-pangenomics/working/HPRC/HG02027/raw_data/PacBio_HiFi/m84081_231119_032407_s4.hifi_reads.bc2081.bam	C1	HG02027_lib1_m84081_231119_032407_s4	Revio
HG02040	m84046_230531_221339_s3.hifi_reads.bc2056.bam	15.1	46.9	https://s3-us-west-2.amazonaws.com/human-pangenomics/working/HPRC/HG02040/raw_data/PacBio_HiFi/m84046_230531_221339_s3.hifi_reads.bc2056.bam	s3://human-pangenomics/working/HPRC/HG02040/raw_data/PacBio_HiFi/m84046_230531_221339_s3.hifi_reads.bc2056.bam	C1	PG02040.HFSS2_m84046_230531_221339_s3	Revio
HG02055	m84039_230303_005138_s2.hifi_reads.bc2010.bam	7.4	22.8	https://s3-us-west-2.amazonaws.com/human-pangenomics/working/HPRC_PLUS/HG02055/raw_data/PacBio_HiFi/m84039_230303_005138_s2.hifi_reads.bc2010.bam	s3://human-pangenomics/working/HPRC_PLUS/HG02055/raw_data/PacBio_HiFi/m84039_230303_005138_s2.hifi_reads.bc2010.bam			Revio
HG02055	m84039_230311_024907_s1.hifi_reads.bc2010.bam	7.5	23.1	https://s3-us-west-2.amazonaws.com/human-pangenomics/working/HPRC_PLUS/HG02055/raw_data/PacBio_HiFi/m84039_230311_024907_s1.hifi_reads.bc2010.bam	s3://human-pangenomics/working/HPRC_PLUS/HG02055/raw_data/PacBio_HiFi/m84039_230311_024907_s1.hifi_reads.bc2010.bam			Revio
HG02055	m84039_230314_210032_s1.hifi_reads.bc2010.bam	10.0	30.9	https://s3-us-west-2.amazonaws.com/human-pangenomics/working/HPRC_PLUS/HG02055/raw_data/PacBio_HiFi/m84039_230314_210032_s1.hifi_reads.bc2010.bam	s3://human-pangenomics/working/HPRC_PLUS/HG02055/raw_data/PacBio_HiFi/m84039_230314_210032_s1.hifi_reads.bc2010.bam			Revio
HG02055	m84039_230316_185945_s1.hifi_reads.bc2010.bam	10.0	30.9	https://s3-us-west-2.amazonaws.com/human-pangenomics/working/HPRC_PLUS/HG02055/raw_data/PacBio_HiFi/m84039_230316_185945_s1.hifi_reads.bc2010.bam	s3://human-pangenomics/working/HPRC_PLUS/HG02055/raw_data/PacBio_HiFi/m84039_230316_185945_s1.hifi_reads.bc2010.bam			Revio
HG02056	m84081_230727_190726_s1.hifi_reads.bc2030.bam	10.1	31.5	https://s3-us-west-2.amazonaws.com/human-pangenomics/working/HPRC/HG02056/raw_data/PacBio_HiFi/m84081_230727_190726_s1.hifi_reads.bc2030.bam	s3://human-pangenomics/working/HPRC/HG02056/raw_data/PacBio_HiFi/m84081_230727_190726_s1.hifi_reads.bc2030.bam	C1	HG02056_lib1	Revio
HG02056	m84081_230727_193748_s2.hifi_reads.bc2030.bam	10.7	33.2	https://s3-us-west-2.amazonaws.com/human-pangenomics/working/HPRC/HG02056/raw_data/PacBio_HiFi/m84081_230727_193748_s2.hifi_reads.bc2030.bam	s3://human-pangenomics/working/HPRC/HG02056/raw_data/PacBio_HiFi/m84081_230727_193748_s2.hifi_reads.bc2030.bam	C1	HG02056_lib1	Revio
HG02071	m84046_230712_000908_s4.hifi_reads.default.bam	24.6	76.3	https://s3-us-west-2.amazonaws.com/human-pangenomics/working/HPRC/HG02071/raw_data/PacBio_HiFi/m84046_230712_000908_s4.hifi_reads.default.bam	s3://human-pangenomics/working/HPRC/HG02071/raw_data/PacBio_HiFi/m84046_230712_000908_s4.hifi_reads.default.bam	C1	HG02071.HFSS_A_m84046_230712_000908_s4	Revio
HG02074	m84046_230624_204605_s4.hifi_reads.default.bam	35.7	110.6	https://s3-us-west-2.amazonaws.com/human-pangenomics/working/HPRC/HG02074/raw_data/PacBio_HiFi/m84046_230624_204605_s4.hifi_reads.default.bam	s3://human-pangenomics/working/HPRC/HG02074/raw_data/PacBio_HiFi/m84046_230624_204605_s4.hifi_reads.default.bam	C1	HG02074.HFSSb_m84046_230624_204605_s4	Revio
HG02083	m84081_231027_192451_s1.hifi_reads.default.bam	8.9	27.5	https://s3-us-west-2.amazonaws.com/human-pangenomics/working/HPRC/HG02083/raw_data/PacBio_HiFi/m84081_231027_192451_s1.hifi_reads.default.bam	s3://human-pangenomics/working/HPRC/HG02083/raw_data/PacBio_HiFi/m84081_231027_192451_s1.hifi_reads.default.bam	C1	HG02083_lib1_m84081_231027_192451_s1	Revio
HG02083	m84081_231029_013437_s1.hifi_reads.default.bam	8.5	26.5	https://s3-us-west-2.amazonaws.com/human-pangenomics/working/HPRC/HG02083/raw_data/PacBio_HiFi/m84081_231029_013437_s1.hifi_reads.default.bam	s3://human-pangenomics/working/HPRC/HG02083/raw_data/PacBio_HiFi/m84081_231029_013437_s1.hifi_reads.default.bam	C1	HG02083_lib1_m84081_231029_013437_s1	Revio
HG02109	m84036_230317_175945_s2.hifi_reads.bc2013.bam	9.5	29.6	https://s3-us-west-2.amazonaws.com/human-pangenomics/working/HPRC_PLUS/HG02109/raw_data/PacBio_HiFi/m84036_230317_175945_s2.hifi_reads.bc2013.bam	s3://human-pangenomics/working/HPRC_PLUS/HG02109/raw_data/PacBio_HiFi/m84036_230317_175945_s2.hifi_reads.bc2013.bam			Revio
HG02109	m84039_230303_012244_s3.hifi_reads.bc2013.bam	7.6	23.5	https://s3-us-west-2.amazonaws.com/human-pangenomics/working/HPRC_PLUS/HG02109/raw_data/PacBio_HiFi/m84039_230303_012244_s3.hifi_reads.bc2013.bam	s3://human-pangenomics/working/HPRC_PLUS/HG02109/raw_data/PacBio_HiFi/m84039_230303_012244_s3.hifi_reads.bc2013.bam			Revio
HG02109	m84039_230314_213047_s2.hifi_reads.bc2013.bam	8.7	26.9	https://s3-us-west-2.amazonaws.com/human-pangenomics/working/HPRC_PLUS/HG02109/raw_data/PacBio_HiFi/m84039_230314_213047_s2.hifi_reads.bc2013.bam	s3://human-pangenomics/working/HPRC_PLUS/HG02109/raw_data/PacBio_HiFi/m84039_230314_213047_s2.hifi_reads.bc2013.bam			Revio
HG02109	m84039_230316_193003_s2.hifi_reads.bc2013.bam	9.5	29.6	https://s3-us-west-2.amazonaws.com/human-pangenomics/working/HPRC_PLUS/HG02109/raw_data/PacBio_HiFi/m84039_230316_193003_s2.hifi_reads.bc2013.bam	s3://human-pangenomics/working/HPRC_PLUS/HG02109/raw_data/PacBio_HiFi/m84039_230316_193003_s2.hifi_reads.bc2013.bam			Revio
HG02129	m84081_230727_190726_s1.hifi_reads.bc2026.bam	9.9	30.7	https://s3-us-west-2.amazonaws.com/human-pangenomics/working/HPRC/HG02129/raw_data/PacBio_HiFi/m84081_230727_190726_s1.hifi_reads.bc2026.bam	s3://human-pangenomics/working/HPRC/HG02129/raw_data/PacBio_HiFi/m84081_230727_190726_s1.hifi_reads.bc2026.bam	C1	HG02129_lib1	Revio
HG02129	m84081_230727_193748_s2.hifi_reads.bc2026.bam	10.4	32.3	https://s3-us-west-2.amazonaws.com/human-pangenomics/working/HPRC/HG02129/raw_data/PacBio_HiFi/m84081_230727_193748_s2.hifi_reads.bc2026.bam	s3://human-pangenomics/working/HPRC/HG02129/raw_data/PacBio_HiFi/m84081_230727_193748_s2.hifi_reads.bc2026.bam	C1	HG02129_lib1	Revio
HG02132	m84046_230603_204152_s4.hifi_reads.default.bam	21.7	67.4	https://s3-us-west-2.amazonaws.com/human-pangenomics/working/HPRC/HG02132/raw_data/PacBio_HiFi/m84046_230603_204152_s4.hifi_reads.default.bam	s3://human-pangenomics/working/HPRC/HG02132/raw_data/PacBio_HiFi/m84046_230603_204152_s4.hifi_reads.default.bam	C1	HG02132.HFSSc_m84046_230603_204152_s4	Revio
HG02135	m84046_230602_220440_s3.hifi_reads.default.bam	7.9	24.4	https://s3-us-west-2.amazonaws.com/human-pangenomics/working/HPRC/HG02135/raw_data/PacBio_HiFi/m84046_230602_220440_s3.hifi_reads.default.bam	s3://human-pangenomics/working/HPRC/HG02135/raw_data/PacBio_HiFi/m84046_230602_220440_s3.hifi_reads.default.bam	C1	HG02135.HFSS3_m84046_230602_220440_s3	Revio
HG02135	m84046_230623_210640_s1.hifi_reads.default.bam	2.2	6.8	https://s3-us-west-2.amazonaws.com/human-pangenomics/working/HPRC/HG02135/raw_data/PacBio_HiFi/m84046_230623_210640_s1.hifi_reads.default.bam	s3://human-pangenomics/working/HPRC/HG02135/raw_data/PacBio_HiFi/m84046_230623_210640_s1.hifi_reads.default.bam	C1	HG02135.HFSS3_m84046_230623_210640_s1	Revio
HG02135	m84046_230628_175536_s3.hifi_reads.default.bam	3.1	9.5	https://s3-us-west-2.amazonaws.com/human-pangenomics/working/HPRC/HG02135/raw_data/PacBio_HiFi/m84046_230628_175536_s3.hifi_reads.default.bam	s3://human-pangenomics/working/HPRC/HG02135/raw_data/PacBio_HiFi/m84046_230628_175536_s3.hifi_reads.default.bam	C1	HG02135.HFSS3_m84046_230628_175536_s3	Revio
HG02135	m84046_230707_202610_s3.hifi_reads.default.bam	2.4	7.4	https://s3-us-west-2.amazonaws.com/human-pangenomics/working/HPRC/HG02135/raw_data/PacBio_HiFi/m84046_230707_202610_s3.hifi_reads.default.bam	s3://human-pangenomics/working/HPRC/HG02135/raw_data/PacBio_HiFi/m84046_230707_202610_s3.hifi_reads.default.bam	C1	HG02135.HFSS3_m84046_230707_202610_s3	Revio
HG02135	m84046_230712_224626_s1.hifi_reads.default.bam	2.8	8.6	https://s3-us-west-2.amazonaws.com/human-pangenomics/working/HPRC/HG02135/raw_data/PacBio_HiFi/m84046_230712_224626_s1.hifi_reads.default.bam	s3://human-pangenomics/working/HPRC/HG02135/raw_data/PacBio_HiFi/m84046_230712_224626_s1.hifi_reads.default.bam	C1	HG02135.HFSS3_m84046_230712_224626_s1	Revio
HG02145	m84036_230317_175945_s2.hifi_reads.bc2014.bam	10.4	32.2	https://s3-us-west-2.amazonaws.com/human-pangenomics/working/HPRC_PLUS/HG02145/raw_data/PacBio_HiFi/m84036_230317_175945_s2.hifi_reads.bc2014.bam	s3://human-pangenomics/working/HPRC_PLUS/HG02145/raw_data/PacBio_HiFi/m84036_230317_175945_s2.hifi_reads.bc2014.bam			Revio
HG02145	m84039_230303_012244_s3.hifi_reads.bc2014.bam	7.7	23.7	https://s3-us-west-2.amazonaws.com/human-pangenomics/working/HPRC_PLUS/HG02145/raw_data/PacBio_HiFi/m84039_230303_012244_s3.hifi_reads.bc2014.bam	s3://human-pangenomics/working/HPRC_PLUS/HG02145/raw_data/PacBio_HiFi/m84039_230303_012244_s3.hifi_reads.bc2014.bam			Revio
HG02145	m84039_230314_213047_s2.hifi_reads.bc2014.bam	9.4	29.1	https://s3-us-west-2.amazonaws.com/human-pangenomics/working/HPRC_PLUS/HG02145/raw_data/PacBio_HiFi/m84039_230314_213047_s2.hifi_reads.bc2014.bam	s3://human-pangenomics/working/HPRC_PLUS/HG02145/raw_data/PacBio_HiFi/m84039_230314_213047_s2.hifi_reads.bc2014.bam			Revio
HG02145	m84039_230316_193003_s2.hifi_reads.bc2014.bam	10.4	32.2	https://s3-us-west-2.amazonaws.com/human-pangenomics/working/HPRC_PLUS/HG02145/raw_data/PacBio_HiFi/m84039_230316_193003_s2.hifi_reads.bc2014.bam	s3://human-pangenomics/working/HPRC_PLUS/HG02145/raw_data/PacBio_HiFi/m84039_230316_193003_s2.hifi_reads.bc2014.bam			Revio
HG02148	m84081_231222_081401_s1.hifi_reads.bc2023.bam	3.0	9.2	https://s3-us-west-2.amazonaws.com/human-pangenomics/working/HPRC/HG02148/raw_data/PacBio_HiFi/m84081_231222_081401_s1.hifi_reads.bc2023.bam	s3://human-pangenomics/working/HPRC/HG02148/raw_data/PacBio_HiFi/m84081_231222_081401_s1.hifi_reads.bc2023.bam	C1	HG02148_lib1_m84081_231222_081401_s1	Revio
HG02148	m84081_231222_101332_s2.hifi_reads.bc2023.bam	3.9	12.1	https://s3-us-west-2.amazonaws.com/human-pangenomics/working/HPRC/HG02148/raw_data/PacBio_HiFi/m84081_231222_101332_s2.hifi_reads.bc2023.bam	s3://human-pangenomics/working/HPRC/HG02148/raw_data/PacBio_HiFi/m84081_231222_101332_s2.hifi_reads.bc2023.bam	C1	HG02148_lib1_m84081_231222_101332_s2	Revio
HG02148	m84081_231222_121301_s3.hifi_reads.bc2023.bam	4.0	12.4	https://s3-us-west-2.amazonaws.com/human-pangenomics/working/HPRC/HG02148/raw_data/PacBio_HiFi/m84081_231222_121301_s3.hifi_reads.bc2023.bam	s3://human-pangenomics/working/HPRC/HG02148/raw_data/PacBio_HiFi/m84081_231222_121301_s3.hifi_reads.bc2023.bam	C1	HG02148_lib1_m84081_231222_121301_s3	Revio
HG02148	m84081_231222_141231_s4.hifi_reads.bc2023.bam	4.0	12.3	https://s3-us-west-2.amazonaws.com/human-pangenomics/working/HPRC/HG02148/raw_data/PacBio_HiFi/m84081_231222_141231_s4.hifi_reads.bc2023.bam	s3://human-pangenomics/working/HPRC/HG02148/raw_data/PacBio_HiFi/m84081_231222_141231_s4.hifi_reads.bc2023.bam	C1	HG02148_lib1_m84081_231222_141231_s4	Revio
HG02155	m84081_230628_194051_s3.hifi_reads.bc1012.bam	13.5	41.8	https://s3-us-west-2.amazonaws.com/human-pangenomics/working/HPRC/HG02155/raw_data/PacBio_HiFi/m84081_230628_194051_s3.hifi_reads.bc1012.bam	s3://human-pangenomics/working/HPRC/HG02155/raw_data/PacBio_HiFi/m84081_230628_194051_s3.hifi_reads.bc1012.bam	C1	HG02155_lib1	Revio
HG02155	m84081_230628_201157_s4.hifi_reads.bc1012.bam	14.2	44.0	https://s3-us-west-2.amazonaws.com/human-pangenomics/working/HPRC/HG02155/raw_data/PacBio_HiFi/m84081_230628_201157_s4.hifi_reads.bc1012.bam	s3://human-pangenomics/working/HPRC/HG02155/raw_data/PacBio_HiFi/m84081_230628_201157_s4.hifi_reads.bc1012.bam	C1	HG02155_lib1	Revio
HG02165	m84046_230617_040148_s2.hifi_reads.bc2054.bam	14.6	45.4	https://s3-us-west-2.amazonaws.com/human-pangenomics/working/HPRC/HG02165/raw_data/PacBio_HiFi/m84046_230617_040148_s2.hifi_reads.bc2054.bam	s3://human-pangenomics/working/HPRC/HG02165/raw_data/PacBio_HiFi/m84046_230617_040148_s2.hifi_reads.bc2054.bam	C1	PG02165.HFSS2_m84046_230617_040148_s2	Revio
HG02178	m84091_230629_191221_s4.hifi_reads.bc1008.bam	21.0	65.0	https://s3-us-west-2.amazonaws.com/human-pangenomics/working/HPRC/HG02178/raw_data/PacBio_HiFi/m84091_230629_191221_s4.hifi_reads.bc1008.bam	s3://human-pangenomics/working/HPRC/HG02178/raw_data/PacBio_HiFi/m84091_230629_191221_s4.hifi_reads.bc1008.bam	C1	HG02178_PB1_m84091_230629_191221_s4	Revio
HG02178	m84091_230705_181402_s3.hifi_reads.bc1008.bam	29.1	90.3	https://s3-us-west-2.amazonaws.com/human-pangenomics/working/HPRC/HG02178/raw_data/PacBio_HiFi/m84091_230705_181402_s3.hifi_reads.bc1008.bam	s3://human-pangenomics/working/HPRC/HG02178/raw_data/PacBio_HiFi/m84091_230705_181402_s3.hifi_reads.bc1008.bam	C1	HG02178_PB1_m84091_230705_181402_s3	Revio
HG02178	m84091_230710_180033_s3.hifi_reads.bc1008.bam	13.2	40.9	https://s3-us-west-2.amazonaws.com/human-pangenomics/working/HPRC/HG02178/raw_data/PacBio_HiFi/m84091_230710_180033_s3.hifi_reads.bc1008.bam	s3://human-pangenomics/working/HPRC/HG02178/raw_data/PacBio_HiFi/m84091_230710_180033_s3.hifi_reads.bc1008.bam	C1	HG02178_PB1_m84091_230710_180033_s3	Revio
HG02257	m84046_230628_182559_s4.hifi_reads.bc2064.bam	24.7	76.5	https://s3-us-west-2.amazonaws.com/human-pangenomics/working/HPRC/HG02257/raw_data/PacBio_HiFi/m84046_230628_182559_s4.hifi_reads.bc2064.bam	s3://human-pangenomics/working/HPRC/HG02257/raw_data/PacBio_HiFi/m84046_230628_182559_s4.hifi_reads.bc2064.bam	C1	HG02257.HFSS_m84046_230628_182559_s4	Revio
HG02258	m84081_230721_185800_s3.hifi_reads.bc1011.bam	9.6	29.9	https://s3-us-west-2.amazonaws.com/human-pangenomics/working/HPRC/HG02258/raw_data/PacBio_HiFi/m84081_230721_185800_s3.hifi_reads.bc1011.bam	s3://human-pangenomics/working/HPRC/HG02258/raw_data/PacBio_HiFi/m84081_230721_185800_s3.hifi_reads.bc1011.bam	C1	HG02258_lib1	Revio
HG02258	m84081_230721_192906_s4.hifi_reads.bc1011.bam	10.0	31.0	https://s3-us-west-2.amazonaws.com/human-pangenomics/working/HPRC/HG02258/raw_data/PacBio_HiFi/m84081_230721_192906_s4.hifi_reads.bc1011.bam	s3://human-pangenomics/working/HPRC/HG02258/raw_data/PacBio_HiFi/m84081_230721_192906_s4.hifi_reads.bc1011.bam	C1	HG02258_lib1	Revio
HG02273	m84081_230630_190803_s1.hifi_reads.bc1002.bam	5.7	17.6	https://s3-us-west-2.amazonaws.com/human-pangenomics/working/HPRC/HG02273/raw_data/PacBio_HiFi/m84081_230630_190803_s1.hifi_reads.bc1002.bam	s3://human-pangenomics/working/HPRC/HG02273/raw_data/PacBio_HiFi/m84081_230630_190803_s1.hifi_reads.bc1002.bam	C1	HG02273_lib1	Revio
HG02273	m84081_230630_193909_s2.hifi_reads.bc1002.bam	6.7	20.8	https://s3-us-west-2.amazonaws.com/human-pangenomics/working/HPRC/HG02273/raw_data/PacBio_HiFi/m84081_230630_193909_s2.hifi_reads.bc1002.bam	s3://human-pangenomics/working/HPRC/HG02273/raw_data/PacBio_HiFi/m84081_230630_193909_s2.hifi_reads.bc1002.bam	C1	HG02273_lib1	Revio
HG02280	m84081_231117_211338_s4.hifi_reads.bc2087.bam	17.7	54.9	https://s3-us-west-2.amazonaws.com/human-pangenomics/working/HPRC/HG02280/raw_data/PacBio_HiFi/m84081_231117_211338_s4.hifi_reads.bc2087.bam	s3://human-pangenomics/working/HPRC/HG02280/raw_data/PacBio_HiFi/m84081_231117_211338_s4.hifi_reads.bc2087.bam	C1	HG02280_lib1_m84081_231117_211338_s4	Revio
HG02280	m84081_231119_032407_s4.hifi_reads.bc2087.bam	16.8	52.0	https://s3-us-west-2.amazonaws.com/human-pangenomics/working/HPRC/HG02280/raw_data/PacBio_HiFi/m84081_231119_032407_s4.hifi_reads.bc2087.bam	s3://human-pangenomics/working/HPRC/HG02280/raw_data/PacBio_HiFi/m84081_231119_032407_s4.hifi_reads.bc2087.bam	C1	HG02280_lib1_m84081_231119_032407_s4	Revio
HG02293	m84046_230707_205716_s4.default--default.bam	15.1	46.9	https://s3-us-west-2.amazonaws.com/human-pangenomics/working/HPRC/HG02293/raw_data/PacBio_HiFi/m84046_230707_205716_s4.default--default.bam	s3://human-pangenomics/working/HPRC/HG02293/raw_data/PacBio_HiFi/m84046_230707_205716_s4.default--default.bam	C1	HG02293.HFSS_m84046_230707_205716_s4	Revio
HG02293	m84046_230718_233949_s3.hifi_reads.default.bam	7.1	22.1	https://s3-us-west-2.amazonaws.com/human-pangenomics/working/HPRC/HG02293/raw_data/PacBio_HiFi/m84046_230718_233949_s3.hifi_reads.default.bam	s3://human-pangenomics/working/HPRC/HG02293/raw_data/PacBio_HiFi/m84046_230718_233949_s3.hifi_reads.default.bam	C1	HG02293.HFSS_m84046_230718_233949_s3	Revio
HG02293	m84046_230724_203319_s4.hifi_reads.default.bam	2.8	8.7	https://s3-us-west-2.amazonaws.com/human-pangenomics/working/HPRC/HG02293/raw_data/PacBio_HiFi/m84046_230724_203319_s4.hifi_reads.default.bam	s3://human-pangenomics/working/HPRC/HG02293/raw_data/PacBio_HiFi/m84046_230724_203319_s4.hifi_reads.default.bam	C1	HG02293.HFSS_m84046_230724_203319_s4	Revio
HG02300	m84046_230519_231055_s2.hifi_reads.default.bam	12.8	39.7	https://s3-us-west-2.amazonaws.com/human-pangenomics/working/HPRC/HG02300/raw_data/PacBio_HiFi/m84046_230519_231055_s2.hifi_reads.default.bam	s3://human-pangenomics/working/HPRC/HG02300/raw_data/PacBio_HiFi/m84046_230519_231055_s2.hifi_reads.default.bam	C1	HG02300.HFSS_m84046_230519_231055_s2	Revio
HG02300	m84046_230617_040148_s2.hifi_reads.default.bam	10.3	32.1	https://s3-us-west-2.amazonaws.com/human-pangenomics/working/HPRC/HG02300/raw_data/PacBio_HiFi/m84046_230617_040148_s2.hifi_reads.default.bam	s3://human-pangenomics/working/HPRC/HG02300/raw_data/PacBio_HiFi/m84046_230617_040148_s2.hifi_reads.default.bam	C1	HG02300.HFSS_m84046_230617_040148_s2	Revio
HG02300	m84046_230628_210130_s1.default--default.bam	5.5	17.1	https://s3-us-west-2.amazonaws.com/human-pangenomics/working/HPRC/HG02300/raw_data/PacBio_HiFi/m84046_230628_210130_s1.default--default.bam	s3://human-pangenomics/working/HPRC/HG02300/raw_data/PacBio_HiFi/m84046_230628_210130_s1.default--default.bam	C1	HG02300.HFSS_m84046_230628_210130_s1	Revio
HG02391	m84091_231120_185935_s2.hifi_reads.bc1010.bam	10.0	31.0	https://s3-us-west-2.amazonaws.com/human-pangenomics/working/HPRC/HG02391/raw_data/PacBio_HiFi/m84091_231120_185935_s2.hifi_reads.bc1010.bam	s3://human-pangenomics/working/HPRC/HG02391/raw_data/PacBio_HiFi/m84091_231120_185935_s2.hifi_reads.bc1010.bam	C1	HG02391_PB2_m84091_231120_185935_s2.hifi_reads.bc1010.bam	Revio
HG02392	m84091_230629_181009_s2.hifi_reads.bc1002.bam	21.4	66.2	https://s3-us-west-2.amazonaws.com/human-pangenomics/working/HPRC/HG02392/raw_data/PacBio_HiFi/m84091_230629_181009_s2.hifi_reads.bc1002.bam	s3://human-pangenomics/working/HPRC/HG02392/raw_data/PacBio_HiFi/m84091_230629_181009_s2.hifi_reads.bc1002.bam	C1	HG02392_PB1_m84091_230629_181009_s2	Revio
HG02392	m84091_230705_171239_s1.hifi_reads.bc1002.bam	22.7	70.4	https://s3-us-west-2.amazonaws.com/human-pangenomics/working/HPRC/HG02392/raw_data/PacBio_HiFi/m84091_230705_171239_s1.hifi_reads.bc1002.bam	s3://human-pangenomics/working/HPRC/HG02392/raw_data/PacBio_HiFi/m84091_230705_171239_s1.hifi_reads.bc1002.bam	C1	HG02392_PB1_m84091_230705_171239_s1	Revio
HG02392	m84091_230710_180033_s3.hifi_reads.bc1002.bam	12.2	37.7	https://s3-us-west-2.amazonaws.com/human-pangenomics/working/HPRC/HG02392/raw_data/PacBio_HiFi/m84091_230710_180033_s3.hifi_reads.bc1002.bam	s3://human-pangenomics/working/HPRC/HG02392/raw_data/PacBio_HiFi/m84091_230710_180033_s3.hifi_reads.bc1002.bam	C1	HG02392_PB1_m84091_230710_180033_s3	Revio
HG02392	m84091_230727_143029_s4.hifi_reads.bc1002.bam	1.6	5.0	https://s3-us-west-2.amazonaws.com/human-pangenomics/working/HPRC/HG02392/raw_data/PacBio_HiFi/m84091_230727_143029_s4.hifi_reads.bc1002.bam	s3://human-pangenomics/working/HPRC/HG02392/raw_data/PacBio_HiFi/m84091_230727_143029_s4.hifi_reads.bc1002.bam	C1	HG02392_PB1_m84091_230727_143029_s4	Revio
HG02392	m84091_230817_153352_s4.hifi_reads.bc1002.bam	4.3	13.2	https://s3-us-west-2.amazonaws.com/human-pangenomics/working/HPRC/HG02392/raw_data/PacBio_HiFi/m84091_230817_153352_s4.hifi_reads.bc1002.bam	s3://human-pangenomics/working/HPRC/HG02392/raw_data/PacBio_HiFi/m84091_230817_153352_s4.hifi_reads.bc1002.bam	C1	HG02392_PB1_m84091_230817_153352_s4	Revio
HG02451	m84046_230720_185410_s2.hifi_reads.bc2006.bam	16.1	49.8	https://s3-us-west-2.amazonaws.com/human-pangenomics/working/HPRC/HG02451/raw_data/PacBio_HiFi/m84046_230720_185410_s2.hifi_reads.bc2006.bam	s3://human-pangenomics/working/HPRC/HG02451/raw_data/PacBio_HiFi/m84046_230720_185410_s2.hifi_reads.bc2006.bam	C1	HG02451.HFSS3_m84046_230720_185410_s2	Revio
HG02486	m84046_230707_195504_s2.hifi_reads.bc2067.bam	8.5	26.3	https://s3-us-west-2.amazonaws.com/human-pangenomics/working/HPRC/HG02486/raw_data/PacBio_HiFi/m84046_230707_195504_s2.hifi_reads.bc2067.bam	s3://human-pangenomics/working/HPRC/HG02486/raw_data/PacBio_HiFi/m84046_230707_195504_s2.hifi_reads.bc2067.bam	C1	HG02486.HFSS_m84046_230707_195504_s2	Revio
HG02486	m84046_230707_202610_s3.hifi_reads.bc2067.bam	8.2	25.5	https://s3-us-west-2.amazonaws.com/human-pangenomics/working/HPRC/HG02486/raw_data/PacBio_HiFi/m84046_230707_202610_s3.hifi_reads.bc2067.bam	s3://human-pangenomics/working/HPRC/HG02486/raw_data/PacBio_HiFi/m84046_230707_202610_s3.hifi_reads.bc2067.bam	C1	HG02486.HFSS_m84046_230707_202610_s3	Revio
HG02514	m84091_240110_194735_s1.hifi_reads.bc1001.bam	19.7	61.2	https://s3-us-west-2.amazonaws.com/human-pangenomics/working/HPRC/HG02514/raw_data/PacBio_HiFi/m84091_240110_194735_s1.hifi_reads.bc1001.bam	s3://human-pangenomics/working/HPRC/HG02514/raw_data/PacBio_HiFi/m84091_240110_194735_s1.hifi_reads.bc1001.bam	C1	HG02514_PB4_m84091_240110_194735_s1.hifi_reads.bc1001.bam	Revio
HG02523	m84081_231027_195514_s2.hifi_reads.default.bam	8.2	25.4	https://s3-us-west-2.amazonaws.com/human-pangenomics/working/HPRC/HG02523/raw_data/PacBio_HiFi/m84081_231027_195514_s2.hifi_reads.default.bam	s3://human-pangenomics/working/HPRC/HG02523/raw_data/PacBio_HiFi/m84081_231027_195514_s2.hifi_reads.default.bam	C1	HG02523_lib1_m84081_231027_195514_s2	Revio
HG02523	m84081_231027_202621_s3.hifi_reads.default.bam	7.2	22.3	https://s3-us-west-2.amazonaws.com/human-pangenomics/working/HPRC/HG02523/raw_data/PacBio_HiFi/m84081_231027_202621_s3.hifi_reads.default.bam	s3://human-pangenomics/working/HPRC/HG02523/raw_data/PacBio_HiFi/m84081_231027_202621_s3.hifi_reads.default.bam	C1	HG02523_lib1_m84081_231027_202621_s3	Revio
HG02523	m84081_231029_020543_s2.hifi_reads.default.bam	7.8	24.3	https://s3-us-west-2.amazonaws.com/human-pangenomics/working/HPRC/HG02523/raw_data/PacBio_HiFi/m84081_231029_020543_s2.hifi_reads.default.bam	s3://human-pangenomics/working/HPRC/HG02523/raw_data/PacBio_HiFi/m84081_231029_020543_s2.hifi_reads.default.bam	C1	HG02523_lib1_m84081_231029_020543_s2	Revio
HG02523	m84081_231029_023649_s3.hifi_reads.default.bam	7.8	24.1	https://s3-us-west-2.amazonaws.com/human-pangenomics/working/HPRC/HG02523/raw_data/PacBio_HiFi/m84081_231029_023649_s3.hifi_reads.default.bam	s3://human-pangenomics/working/HPRC/HG02523/raw_data/PacBio_HiFi/m84081_231029_023649_s3.hifi_reads.default.bam	C1	HG02523_lib1_m84081_231029_023649_s3	Revio
HG02559	m84046_230628_175536_s3.hifi_reads.bc2057.bam	15.5	48.1	https://s3-us-west-2.amazonaws.com/human-pangenomics/working/HPRC/HG02559/raw_data/PacBio_HiFi/m84046_230628_175536_s3.hifi_reads.bc2057.bam	s3://human-pangenomics/working/HPRC/HG02559/raw_data/PacBio_HiFi/m84046_230628_175536_s3.hifi_reads.bc2057.bam	C1	HG02559.HFSS_m84046_230628_175536_s3	Revio
HG02572	m84046_230711_233802_s3.hifi_reads.default.bam	22.6	70.2	https://s3-us-west-2.amazonaws.com/human-pangenomics/working/HPRC/HG02572/raw_data/PacBio_HiFi/m84046_230711_233802_s3.hifi_reads.default.bam	s3://human-pangenomics/working/HPRC/HG02572/raw_data/PacBio_HiFi/m84046_230711_233802_s3.hifi_reads.default.bam	C1	HG02572.HFSS3_m84046_230711_233802_s3	Revio
HG02583	m84091_230707_183012_s4.hifi_reads.bc1016.bam	31.5	97.6	https://s3-us-west-2.amazonaws.com/human-pangenomics/working/HPRC/HG02583/raw_data/PacBio_HiFi/m84091_230707_183012_s4.hifi_reads.bc1016.bam	s3://human-pangenomics/working/HPRC/HG02583/raw_data/PacBio_HiFi/m84091_230707_183012_s4.hifi_reads.bc1016.bam	C1	HG02583_PB1_m84091_230707_183012_s4	Revio
HG02583	m84091_230714_140949_s3.hifi_reads.bc1016.bam	33.4	103.6	https://s3-us-west-2.amazonaws.com/human-pangenomics/working/HPRC/HG02583/raw_data/PacBio_HiFi/m84091_230714_140949_s3.hifi_reads.bc1016.bam	s3://human-pangenomics/working/HPRC/HG02583/raw_data/PacBio_HiFi/m84091_230714_140949_s3.hifi_reads.bc1016.bam	C1	HG02583_PB1_m84091_230714_140949_s3	Revio
HG02602	m84081_231119_015049_s1.hifi_reads.bc2083.bam	8.8	27.2	https://s3-us-west-2.amazonaws.com/human-pangenomics/working/HPRC/HG02602/raw_data/PacBio_HiFi/m84081_231119_015049_s1.hifi_reads.bc2083.bam	s3://human-pangenomics/working/HPRC/HG02602/raw_data/PacBio_HiFi/m84081_231119_015049_s1.hifi_reads.bc2083.bam	C1	HG02602_lib1_m84081_231119_015049_s1	Revio
HG02602	m84081_231119_022155_s2.hifi_reads.bc2083.bam	9.5	29.4	https://s3-us-west-2.amazonaws.com/human-pangenomics/working/HPRC/HG02602/raw_data/PacBio_HiFi/m84081_231119_022155_s2.hifi_reads.bc2083.bam	s3://human-pangenomics/working/HPRC/HG02602/raw_data/PacBio_HiFi/m84081_231119_022155_s2.hifi_reads.bc2083.bam	C1	HG02602_lib1_m84081_231119_022155_s2	Revio
HG02602	m84081_231119_025301_s3.hifi_reads.bc2083.bam	9.0	27.9	https://s3-us-west-2.amazonaws.com/human-pangenomics/working/HPRC/HG02602/raw_data/PacBio_HiFi/m84081_231119_025301_s3.hifi_reads.bc2083.bam	s3://human-pangenomics/working/HPRC/HG02602/raw_data/PacBio_HiFi/m84081_231119_025301_s3.hifi_reads.bc2083.bam	C1	HG02602_lib1_m84081_231119_025301_s3	Revio
HG02615	m84081_231105_031800_s4.hifi_reads.default.bam	36.3	112.5	https://s3-us-west-2.amazonaws.com/human-pangenomics/working/HPRC/HG02615/raw_data/PacBio_HiFi/m84081_231105_031800_s4.hifi_reads.default.bam	s3://human-pangenomics/working/HPRC/HG02615/raw_data/PacBio_HiFi/m84081_231105_031800_s4.hifi_reads.default.bam	C1	HG02615_lib1_m84081_231105_031800_s4	Revio
HG02647	m84046_230707_202610_s3.hifi_reads.bc2060.bam	14.9	46.2	https://s3-us-west-2.amazonaws.com/human-pangenomics/working/HPRC/HG02647/raw_data/PacBio_HiFi/m84046_230707_202610_s3.hifi_reads.bc2060.bam	s3://human-pangenomics/working/HPRC/HG02647/raw_data/PacBio_HiFi/m84046_230707_202610_s3.hifi_reads.bc2060.bam	C1	HG02647.HFSS_m84046_230707_202610_s3	Revio
HG02668	m84091_230804_170925_s2.hifi_reads.bc1010.bam	31.3	97.2	https://s3-us-west-2.amazonaws.com/human-pangenomics/working/HPRC/HG02668/raw_data/PacBio_HiFi/m84091_230804_170925_s2.hifi_reads.bc1010.bam	s3://human-pangenomics/working/HPRC/HG02668/raw_data/PacBio_HiFi/m84091_230804_170925_s2.hifi_reads.bc1010.bam	C1	HG02668_PB3_m84091_230804_170925_s2.hifi_reads.bc1010.bam	Revio
HG02698	m84081_231105_021548_s2.hifi_reads.default.bam	37.3	115.6	https://s3-us-west-2.amazonaws.com/human-pangenomics/working/HPRC/HG02698/raw_data/PacBio_HiFi/m84081_231105_021548_s2.hifi_reads.default.bam	s3://human-pangenomics/working/HPRC/HG02698/raw_data/PacBio_HiFi/m84081_231105_021548_s2.hifi_reads.default.bam	C1	HG02698_lib1_m84081_231105_021548_s2	Revio
HG02723	m84036_230317_175945_s2.hifi_reads.bc2012.bam	9.8	30.4	https://s3-us-west-2.amazonaws.com/human-pangenomics/working/HPRC_PLUS/HG02723/raw_data/PacBio_HiFi/m84036_230317_175945_s2.hifi_reads.bc2012.bam	s3://human-pangenomics/working/HPRC_PLUS/HG02723/raw_data/PacBio_HiFi/m84036_230317_175945_s2.hifi_reads.bc2012.bam			Revio
HG02723	m84039_230303_012244_s3.hifi_reads.bc2012.bam	7.8	24.1	https://s3-us-west-2.amazonaws.com/human-pangenomics/working/HPRC_PLUS/HG02723/raw_data/PacBio_HiFi/m84039_230303_012244_s3.hifi_reads.bc2012.bam	s3://human-pangenomics/working/HPRC_PLUS/HG02723/raw_data/PacBio_HiFi/m84039_230303_012244_s3.hifi_reads.bc2012.bam			Revio
HG02723	m84039_230314_213047_s2.hifi_reads.bc2012.bam	8.9	27.7	https://s3-us-west-2.amazonaws.com/human-pangenomics/working/HPRC_PLUS/HG02723/raw_data/PacBio_HiFi/m84039_230314_213047_s2.hifi_reads.bc2012.bam	s3://human-pangenomics/working/HPRC_PLUS/HG02723/raw_data/PacBio_HiFi/m84039_230314_213047_s2.hifi_reads.bc2012.bam			Revio
HG02723	m84039_230316_193003_s2.hifi_reads.bc2012.bam	9.8	30.3	https://s3-us-west-2.amazonaws.com/human-pangenomics/working/HPRC_PLUS/HG02723/raw_data/PacBio_HiFi/m84039_230316_193003_s2.hifi_reads.bc2012.bam	s3://human-pangenomics/working/HPRC_PLUS/HG02723/raw_data/PacBio_HiFi/m84039_230316_193003_s2.hifi_reads.bc2012.bam			Revio
HG02735	m84046_230628_175536_s3.hifi_reads.bc2062.bam	11.3	35.1	https://s3-us-west-2.amazonaws.com/human-pangenomics/working/HPRC/HG02735/raw_data/PacBio_HiFi/m84046_230628_175536_s3.hifi_reads.bc2062.bam	s3://human-pangenomics/working/HPRC/HG02735/raw_data/PacBio_HiFi/m84046_230628_175536_s3.hifi_reads.bc2062.bam	C1	HG02735.HFSS_m84046_230628_175536_s3	Revio
HG02735	m84046_230703_225306_s4.hifi_reads.bc2062.bam	2.6	8.0	https://s3-us-west-2.amazonaws.com/human-pangenomics/working/HPRC/HG02735/raw_data/PacBio_HiFi/m84046_230703_225306_s4.hifi_reads.bc2062.bam	s3://human-pangenomics/working/HPRC/HG02735/raw_data/PacBio_HiFi/m84046_230703_225306_s4.hifi_reads.bc2062.bam	C1	HG02735.HFSS_m84046_230703_225306_s4	Revio
HG02735	m84046_230707_192442_s1.hifi_reads.bc2062.bam	2.8	8.8	https://s3-us-west-2.amazonaws.com/human-pangenomics/working/HPRC/HG02735/raw_data/PacBio_HiFi/m84046_230707_192442_s1.hifi_reads.bc2062.bam	s3://human-pangenomics/working/HPRC/HG02735/raw_data/PacBio_HiFi/m84046_230707_192442_s1.hifi_reads.bc2062.bam	C1	HG02735.HFSS_m84046_230707_192442_s1	Revio
HG02735	m84046_230711_230656_s2.hifi_reads.bc2062.bam	6.3	19.6	https://s3-us-west-2.amazonaws.com/human-pangenomics/working/HPRC/HG02735/raw_data/PacBio_HiFi/m84046_230711_230656_s2.hifi_reads.bc2062.bam	s3://human-pangenomics/working/HPRC/HG02735/raw_data/PacBio_HiFi/m84046_230711_230656_s2.hifi_reads.bc2062.bam	C1	HG02735.HFSS_m84046_230711_230656_s2	Revio
HG02738	m84046_230623_213746_s2.hifi_reads.default.bam	15.8	49.1	https://s3-us-west-2.amazonaws.com/human-pangenomics/working/HPRC/HG02738/raw_data/PacBio_HiFi/m84046_230623_213746_s2.hifi_reads.default.bam	s3://human-pangenomics/working/HPRC/HG02738/raw_data/PacBio_HiFi/m84046_230623_213746_s2.hifi_reads.default.bam	C1	HG02738.HFSS_m84046_230623_213746_s2	Revio
HG02738	m84046_230628_182559_s4.hifi_reads.default.bam	11.9	36.8	https://s3-us-west-2.amazonaws.com/human-pangenomics/working/HPRC/HG02738/raw_data/PacBio_HiFi/m84046_230628_182559_s4.hifi_reads.default.bam	s3://human-pangenomics/working/HPRC/HG02738/raw_data/PacBio_HiFi/m84046_230628_182559_s4.hifi_reads.default.bam	C1	HG02738.HFSS_m84046_230628_182559_s4	Revio
HG02809	m84081_231117_193129_s1.hifi_reads.bc2089.bam	10.0	31.0	https://s3-us-west-2.amazonaws.com/human-pangenomics/working/HPRC/HG02809/raw_data/PacBio_HiFi/m84081_231117_193129_s1.hifi_reads.bc2089.bam	s3://human-pangenomics/working/HPRC/HG02809/raw_data/PacBio_HiFi/m84081_231117_193129_s1.hifi_reads.bc2089.bam	C1	HG02809_lib1_m84081_231117_193129_s1	Revio
HG02809	m84081_231117_201125_s2.hifi_reads.bc2089.bam	10.0	31.1	https://s3-us-west-2.amazonaws.com/human-pangenomics/working/HPRC/HG02809/raw_data/PacBio_HiFi/m84081_231117_201125_s2.hifi_reads.bc2089.bam	s3://human-pangenomics/working/HPRC/HG02809/raw_data/PacBio_HiFi/m84081_231117_201125_s2.hifi_reads.bc2089.bam	C1	HG02809_lib1_m84081_231117_201125_s2	Revio
HG02809	m84081_231117_204232_s3.hifi_reads.bc2089.bam	10.9	33.7	https://s3-us-west-2.amazonaws.com/human-pangenomics/working/HPRC/HG02809/raw_data/PacBio_HiFi/m84081_231117_204232_s3.hifi_reads.bc2089.bam	s3://human-pangenomics/working/HPRC/HG02809/raw_data/PacBio_HiFi/m84081_231117_204232_s3.hifi_reads.bc2089.bam	C1	HG02809_lib1_m84081_231117_204232_s3	Revio
HG02841	m84091_230905_192642_s1.hifi_reads.bc1015.bam	8.5	26.4	https://s3-us-west-2.amazonaws.com/human-pangenomics/working/HPRC/HG02841/raw_data/PacBio_HiFi/m84091_230905_192642_s1.hifi_reads.bc1015.bam	s3://human-pangenomics/working/HPRC/HG02841/raw_data/PacBio_HiFi/m84091_230905_192642_s1.hifi_reads.bc1015.bam	C1	HG02841_PB3_m84091_230905_192642_s1.hifi_reads.bc1015.bam	Revio
HG02841	m84091_230905_195701_s2.hifi_reads.bc1015.bam	8.4	26.0	https://s3-us-west-2.amazonaws.com/human-pangenomics/working/HPRC/HG02841/raw_data/PacBio_HiFi/m84091_230905_195701_s2.hifi_reads.bc1015.bam	s3://human-pangenomics/working/HPRC/HG02841/raw_data/PacBio_HiFi/m84091_230905_195701_s2.hifi_reads.bc1015.bam	C1	HG02841_PB3_m84091_230905_195701_s2.hifi_reads.bc1015.bam	Revio
HG02841	m84091_230905_202807_s3.hifi_reads.bc1015.bam	8.4	25.9	https://s3-us-west-2.amazonaws.com/human-pangenomics/working/HPRC/HG02841/raw_data/PacBio_HiFi/m84091_230905_202807_s3.hifi_reads.bc1015.bam	s3://human-pangenomics/working/HPRC/HG02841/raw_data/PacBio_HiFi/m84091_230905_202807_s3.hifi_reads.bc1015.bam	C1	HG02841_PB3_m84091_230905_202807_s3.hifi_reads.bc1015.bam	Revio
HG02922	m84046_230617_040148_s2.hifi_reads.bc2053.bam	6.5	20.2	https://s3-us-west-2.amazonaws.com/human-pangenomics/working/HPRC/HG02922/raw_data/PacBio_HiFi/m84046_230617_040148_s2.hifi_reads.bc2053.bam	s3://human-pangenomics/working/HPRC/HG02922/raw_data/PacBio_HiFi/m84046_230617_040148_s2.hifi_reads.bc2053.bam	C1	PG02922.HFSS2_m84046_230617_040148_s2	Revio
HG02965	m84081_230628_183924_s1.hifi_reads.bc1017.bam	10.6	32.8	https://s3-us-west-2.amazonaws.com/human-pangenomics/working/HPRC/HG02965/raw_data/PacBio_HiFi/m84081_230628_183924_s1.hifi_reads.bc1017.bam	s3://human-pangenomics/working/HPRC/HG02965/raw_data/PacBio_HiFi/m84081_230628_183924_s1.hifi_reads.bc1017.bam	C1	HG02965_lib1	Revio
HG02965	m84081_230628_190945_s2.hifi_reads.bc1017.bam	11.2	34.6	https://s3-us-west-2.amazonaws.com/human-pangenomics/working/HPRC/HG02965/raw_data/PacBio_HiFi/m84081_230628_190945_s2.hifi_reads.bc1017.bam	s3://human-pangenomics/working/HPRC/HG02965/raw_data/PacBio_HiFi/m84081_230628_190945_s2.hifi_reads.bc1017.bam	C1	HG02965_lib1	Revio
HG02976	m84081_230630_190803_s1.hifi_reads.bc1009.bam	10.2	31.7	https://s3-us-west-2.amazonaws.com/human-pangenomics/working/HPRC/HG02976/raw_data/PacBio_HiFi/m84081_230630_190803_s1.hifi_reads.bc1009.bam	s3://human-pangenomics/working/HPRC/HG02976/raw_data/PacBio_HiFi/m84081_230630_190803_s1.hifi_reads.bc1009.bam	C1	HG02976_lib1	Revio
HG02976	m84081_230630_193909_s2.hifi_reads.bc1009.bam	11.9	37.0	https://s3-us-west-2.amazonaws.com/human-pangenomics/working/HPRC/HG02976/raw_data/PacBio_HiFi/m84081_230630_193909_s2.hifi_reads.bc1009.bam	s3://human-pangenomics/working/HPRC/HG02976/raw_data/PacBio_HiFi/m84081_230630_193909_s2.hifi_reads.bc1009.bam	C1	HG02976_lib1	Revio
HG02984	m84091_231004_192043_s3.hifi_reads.bc1016.bam	23.4	72.7	https://s3-us-west-2.amazonaws.com/human-pangenomics/working/HPRC/HG02984/raw_data/PacBio_HiFi/m84091_231004_192043_s3.hifi_reads.bc1016.bam	s3://human-pangenomics/working/HPRC/HG02984/raw_data/PacBio_HiFi/m84091_231004_192043_s3.hifi_reads.bc1016.bam	C1	HG02984_PB3_m84091_231004_192043_s3.hifi_reads.bc1016.bam	Revio
HG03017	m84046_230701_003325_s1.hifi_reads.bc2058.bam	8.8	27.2	https://s3-us-west-2.amazonaws.com/human-pangenomics/working/HPRC/HG03017/raw_data/PacBio_HiFi/m84046_230701_003325_s1.hifi_reads.bc2058.bam	s3://human-pangenomics/working/HPRC/HG03017/raw_data/PacBio_HiFi/m84046_230701_003325_s1.hifi_reads.bc2058.bam	C1	HG03017.HFSS2_m84046_230701_003325_s1	Revio
HG03017	m84046_230707_202610_s3.hifi_reads.bc2058.bam	2.6	8.0	https://s3-us-west-2.amazonaws.com/human-pangenomics/working/HPRC/HG03017/raw_data/PacBio_HiFi/m84046_230707_202610_s3.hifi_reads.bc2058.bam	s3://human-pangenomics/working/HPRC/HG03017/raw_data/PacBio_HiFi/m84046_230707_202610_s3.hifi_reads.bc2058.bam	C1	HG03017.HFSS2_m84046_230707_202610_s3	Revio
HG03017	m84046_230711_233802_s3.hifi_reads.bc2058.bam	5.6	17.3	https://s3-us-west-2.amazonaws.com/human-pangenomics/working/HPRC/HG03017/raw_data/PacBio_HiFi/m84046_230711_233802_s3.hifi_reads.bc2058.bam	s3://human-pangenomics/working/HPRC/HG03017/raw_data/PacBio_HiFi/m84046_230711_233802_s3.hifi_reads.bc2058.bam	C1	HG03017.HFSS2_m84046_230711_233802_s3	Revio
HG03041	m84046_230523_001708_s3.hifi_reads.bc1009.bam	12.5	38.8	https://s3-us-west-2.amazonaws.com/human-pangenomics/working/HPRC/HG03041/raw_data/PacBio_HiFi/m84046_230523_001708_s3.hifi_reads.bc1009.bam	s3://human-pangenomics/working/HPRC/HG03041/raw_data/PacBio_HiFi/m84046_230523_001708_s3.hifi_reads.bc1009.bam	C1	HG03041.HFSS_m84046_230523_001708_s3	Revio
HG03041	m84046_230602_213334_s2.hifi_reads.bc1009.bam	0.7	2.1	https://s3-us-west-2.amazonaws.com/human-pangenomics/working/HPRC/HG03041/raw_data/PacBio_HiFi/m84046_230602_213334_s2.hifi_reads.bc1009.bam	s3://human-pangenomics/working/HPRC/HG03041/raw_data/PacBio_HiFi/m84046_230602_213334_s2.hifi_reads.bc1009.bam	C1	HG03041.HFSS_m84046_230602_213334_s2	Revio
HG03041	m84046_230720_182350_s1.hifi_reads.bc2003.bam	3.5	10.9	https://s3-us-west-2.amazonaws.com/human-pangenomics/working/HPRC/HG03041/raw_data/PacBio_HiFi/m84046_230720_182350_s1.hifi_reads.bc2003.bam	s3://human-pangenomics/working/HPRC/HG03041/raw_data/PacBio_HiFi/m84046_230720_182350_s1.hifi_reads.bc2003.bam	C1	HG03041.HFSS2_m84046_230720_182350_s1	Revio
HG03050	m84091_230905_205913_s4.hifi_reads.bc1017.bam	10.5	32.5	https://s3-us-west-2.amazonaws.com/human-pangenomics/working/HPRC/HG03050/raw_data/PacBio_HiFi/m84091_230905_205913_s4.hifi_reads.bc1017.bam	s3://human-pangenomics/working/HPRC/HG03050/raw_data/PacBio_HiFi/m84091_230905_205913_s4.hifi_reads.bc1017.bam	C1	HG03050_PB3_m84091_230905_205913_s4.hifi_reads.bc1017.bam	Revio
HG03130	m84046_230602_213334_s2.hifi_reads.bc2018.bam	19.1	59.2	https://s3-us-west-2.amazonaws.com/human-pangenomics/working/HPRC/HG03130/raw_data/PacBio_HiFi/m84046_230602_213334_s2.hifi_reads.bc2018.bam	s3://human-pangenomics/working/HPRC/HG03130/raw_data/PacBio_HiFi/m84046_230602_213334_s2.hifi_reads.bc2018.bam	C1	HG03130.HFSS_m84046_230602_213334_s2	Revio
HG03139	m84046_230602_220440_s3.hifi_reads.bc2019.bam	9.6	29.7	https://s3-us-west-2.amazonaws.com/human-pangenomics/working/HPRC/HG03139/raw_data/PacBio_HiFi/m84046_230602_220440_s3.hifi_reads.bc2019.bam	s3://human-pangenomics/working/HPRC/HG03139/raw_data/PacBio_HiFi/m84046_230602_220440_s3.hifi_reads.bc2019.bam	C1	HG03139.HFSS_m84046_230602_220440_s3	Revio
HG03139	m84046_230623_210640_s1.hifi_reads.bc2019.bam	3.0	9.2	https://s3-us-west-2.amazonaws.com/human-pangenomics/working/HPRC/HG03139/raw_data/PacBio_HiFi/m84046_230623_210640_s1.hifi_reads.bc2019.bam	s3://human-pangenomics/working/HPRC/HG03139/raw_data/PacBio_HiFi/m84046_230623_210640_s1.hifi_reads.bc2019.bam	C1	HG03139.HFSS_m84046_230623_210640_s1	Revio
HG03195	m84081_230628_183924_s1.hifi_reads.bc1010.bam	6.6	20.4	https://s3-us-west-2.amazonaws.com/human-pangenomics/working/HPRC/HG03195/raw_data/PacBio_HiFi/m84081_230628_183924_s1.hifi_reads.bc1010.bam	s3://human-pangenomics/working/HPRC/HG03195/raw_data/PacBio_HiFi/m84081_230628_183924_s1.hifi_reads.bc1010.bam	C1	HG03195_lib1	Revio
HG03195	m84081_230628_190945_s2.hifi_reads.bc1010.bam	7.0	21.6	https://s3-us-west-2.amazonaws.com/human-pangenomics/working/HPRC/HG03195/raw_data/PacBio_HiFi/m84081_230628_190945_s2.hifi_reads.bc1010.bam	s3://human-pangenomics/working/HPRC/HG03195/raw_data/PacBio_HiFi/m84081_230628_190945_s2.hifi_reads.bc1010.bam	C1	HG03195_lib1	Revio
HG03195	m84081_230715_203436_s1.hifi_reads.bc1010.bam	3.1	9.7	https://s3-us-west-2.amazonaws.com/human-pangenomics/working/HPRC/HG03195/raw_data/PacBio_HiFi/m84081_230715_203436_s1.hifi_reads.bc1010.bam	s3://human-pangenomics/working/HPRC/HG03195/raw_data/PacBio_HiFi/m84081_230715_203436_s1.hifi_reads.bc1010.bam	C1	HG03195_lib1	Revio
HG03195	m84081_230715_210542_s2.hifi_reads.bc1010.bam	3.0	9.2	https://s3-us-west-2.amazonaws.com/human-pangenomics/working/HPRC/HG03195/raw_data/PacBio_HiFi/m84081_230715_210542_s2.hifi_reads.bc1010.bam	s3://human-pangenomics/working/HPRC/HG03195/raw_data/PacBio_HiFi/m84081_230715_210542_s2.hifi_reads.bc1010.bam	C1	HG03195_lib1	Revio
HG03195	m84081_230715_213648_s3.hifi_reads.bc1010.bam	3.5	10.7	https://s3-us-west-2.amazonaws.com/human-pangenomics/working/HPRC/HG03195/raw_data/PacBio_HiFi/m84081_230715_213648_s3.hifi_reads.bc1010.bam	s3://human-pangenomics/working/HPRC/HG03195/raw_data/PacBio_HiFi/m84081_230715_213648_s3.hifi_reads.bc1010.bam	C1	HG03195_lib1	Revio
HG03195	m84081_230715_220754_s4.hifi_reads.bc1010.bam	3.6	11.1	https://s3-us-west-2.amazonaws.com/human-pangenomics/working/HPRC/HG03195/raw_data/PacBio_HiFi/m84081_230715_220754_s4.hifi_reads.bc1010.bam	s3://human-pangenomics/working/HPRC/HG03195/raw_data/PacBio_HiFi/m84081_230715_220754_s4.hifi_reads.bc1010.bam	C1	HG03195_lib1	Revio
HG03209	m84046_230617_033126_s1.hifi_reads.bc2020.bam	17.7	54.8	https://s3-us-west-2.amazonaws.com/human-pangenomics/working/HPRC/HG03209/raw_data/PacBio_HiFi/m84046_230617_033126_s1.hifi_reads.bc2020.bam	s3://human-pangenomics/working/HPRC/HG03209/raw_data/PacBio_HiFi/m84046_230617_033126_s1.hifi_reads.bc2020.bam	C1	HG03209.HFSS_m84046_230617_033126_s1	Revio
HG03225	m84081_230630_201015_s3.hifi_reads.bc1008.bam	8.6	26.5	https://s3-us-west-2.amazonaws.com/human-pangenomics/working/HPRC/HG03225/raw_data/PacBio_HiFi/m84081_230630_201015_s3.hifi_reads.bc1008.bam	s3://human-pangenomics/working/HPRC/HG03225/raw_data/PacBio_HiFi/m84081_230630_201015_s3.hifi_reads.bc1008.bam	C1	HG03225_lib1	Revio
HG03225	m84081_230630_204121_s4.hifi_reads.bc1008.bam	9.9	30.8	https://s3-us-west-2.amazonaws.com/human-pangenomics/working/HPRC/HG03225/raw_data/PacBio_HiFi/m84081_230630_204121_s4.hifi_reads.bc1008.bam	s3://human-pangenomics/working/HPRC/HG03225/raw_data/PacBio_HiFi/m84081_230630_204121_s4.hifi_reads.bc1008.bam	C1	HG03225_lib1	Revio
HG03239	m84046_230628_210130_s1.bc2063--bc2063.bam	13.8	42.7	https://s3-us-west-2.amazonaws.com/human-pangenomics/working/HPRC/HG03239/raw_data/PacBio_HiFi/m84046_230628_210130_s1.bc2063--bc2063.bam	s3://human-pangenomics/working/HPRC/HG03239/raw_data/PacBio_HiFi/m84046_230628_210130_s1.bc2063--bc2063.bam	C1	HG03239.HFSS2_m84046_230628_210130_s1	Revio
HG03239	m84046_230703_225306_s4.hifi_reads.bc2063.bam	4.3	13.2	https://s3-us-west-2.amazonaws.com/human-pangenomics/working/HPRC/HG03239/raw_data/PacBio_HiFi/m84046_230703_225306_s4.hifi_reads.bc2063.bam	s3://human-pangenomics/working/HPRC/HG03239/raw_data/PacBio_HiFi/m84046_230703_225306_s4.hifi_reads.bc2063.bam	C1	HG03239.HFSS2_m84046_230703_225306_s4	Revio
HG03270	m84091_230707_175906_s3.hifi_reads.bc1015.bam	36.2	112.1	https://s3-us-west-2.amazonaws.com/human-pangenomics/working/HPRC/HG03270/raw_data/PacBio_HiFi/m84091_230707_175906_s3.hifi_reads.bc1015.bam	s3://human-pangenomics/working/HPRC/HG03270/raw_data/PacBio_HiFi/m84091_230707_175906_s3.hifi_reads.bc1015.bam	C1	HG03270_PB1_m84091_230707_175906_s3	Revio
HG03270	m84091_230710_183139_s4.hifi_reads.bc1015.bam	28.4	87.9	https://s3-us-west-2.amazonaws.com/human-pangenomics/working/HPRC/HG03270/raw_data/PacBio_HiFi/m84091_230710_183139_s4.hifi_reads.bc1015.bam	s3://human-pangenomics/working/HPRC/HG03270/raw_data/PacBio_HiFi/m84091_230710_183139_s4.hifi_reads.bc1015.bam	C1	HG03270_PB1_m84091_230710_183139_s4	Revio
HG03369	m84091_230721_145006_s3.hifi_reads.bc1009.bam	29.6	91.7	https://s3-us-west-2.amazonaws.com/human-pangenomics/working/HPRC/HG03369/raw_data/PacBio_HiFi/m84091_230721_145006_s3.hifi_reads.bc1009.bam	s3://human-pangenomics/working/HPRC/HG03369/raw_data/PacBio_HiFi/m84091_230721_145006_s3.hifi_reads.bc1009.bam	C1	HG03369_PB1_m84091_230721_145006_s3	Revio
HG03369	m84091_230727_135923_s3.hifi_reads.bc1009.bam	31.9	99.0	https://s3-us-west-2.amazonaws.com/human-pangenomics/working/HPRC/HG03369/raw_data/PacBio_HiFi/m84091_230727_135923_s3.hifi_reads.bc1009.bam	s3://human-pangenomics/working/HPRC/HG03369/raw_data/PacBio_HiFi/m84091_230727_135923_s3.hifi_reads.bc1009.bam	C1	HG03369_PB1_m84091_230727_135923_s3	Revio
HG03470	m84091_230705_174256_s2.hifi_reads.bc1009.bam	11.1	34.3	https://s3-us-west-2.amazonaws.com/human-pangenomics/working/HPRC/HG03470/raw_data/PacBio_HiFi/m84091_230705_174256_s2.hifi_reads.bc1009.bam	s3://human-pangenomics/working/HPRC/HG03470/raw_data/PacBio_HiFi/m84091_230705_174256_s2.hifi_reads.bc1009.bam	C1	HG03470_PB1_m84091_230705_174256_s2.hifi_reads.bc1009.bam	Revio
HG03470	m84091_230705_184508_s4.hifi_reads.bc1009.bam	11.0	34.1	https://s3-us-west-2.amazonaws.com/human-pangenomics/working/HPRC/HG03470/raw_data/PacBio_HiFi/m84091_230705_184508_s4.hifi_reads.bc1009.bam	s3://human-pangenomics/working/HPRC/HG03470/raw_data/PacBio_HiFi/m84091_230705_184508_s4.hifi_reads.bc1009.bam	C1	HG03470_PB1_m84091_230705_184508_s4.hifi_reads.bc1009.bam	Revio
HG03516	m84046_231202_110908_s4.hifi_reads.bc2056.bam	22.5	69.9	https://s3-us-west-2.amazonaws.com/human-pangenomics/working/HPRC/HG03516/raw_data/PacBio_HiFi/m84046_231202_110908_s4.hifi_reads.bc2056.bam	s3://human-pangenomics/working/HPRC/HG03516/raw_data/PacBio_HiFi/m84046_231202_110908_s4.hifi_reads.bc2056.bam	C1	HG03516.HFSS_m84046_231202_110908_s4	Revio
HG03521	m84046_230715_060901_s1.hifi_reads.bc2084.bam	16.9	52.4	https://s3-us-west-2.amazonaws.com/human-pangenomics/working/HPRC/HG03521/raw_data/PacBio_HiFi/m84046_230715_060901_s1.hifi_reads.bc2084.bam	s3://human-pangenomics/working/HPRC/HG03521/raw_data/PacBio_HiFi/m84046_230715_060901_s1.hifi_reads.bc2084.bam	C1	PG03521.HFSS2_m84046_230715_060901_s1	Revio
HG03521	m84046_230715_064007_s2.hifi_reads.bc2084.bam	18.1	56.0	https://s3-us-west-2.amazonaws.com/human-pangenomics/working/HPRC/HG03521/raw_data/PacBio_HiFi/m84046_230715_064007_s2.hifi_reads.bc2084.bam	s3://human-pangenomics/working/HPRC/HG03521/raw_data/PacBio_HiFi/m84046_230715_064007_s2.hifi_reads.bc2084.bam	C1	PG03521.HFSS2_m84046_230715_064007_s2	Revio
HG03521	m84046_230718_230843_s2.hifi_reads.bc2084.bam	32.3	100.3	https://s3-us-west-2.amazonaws.com/human-pangenomics/working/HPRC/HG03521/raw_data/PacBio_HiFi/m84046_230718_230843_s2.hifi_reads.bc2084.bam	s3://human-pangenomics/working/HPRC/HG03521/raw_data/PacBio_HiFi/m84046_230718_230843_s2.hifi_reads.bc2084.bam	C1	PG03521.HFSS2_m84046_230718_230843_s2	Revio
HG03583	m84091_230712_170232_s2.hifi_reads.bc1020.bam	28.9	89.6	https://s3-us-west-2.amazonaws.com/human-pangenomics/working/HPRC/HG03583/raw_data/PacBio_HiFi/m84091_230712_170232_s2.hifi_reads.bc1020.bam	s3://human-pangenomics/working/HPRC/HG03583/raw_data/PacBio_HiFi/m84091_230712_170232_s2.hifi_reads.bc1020.bam	C1	HG03583_PB1_m84091_230712_170232_s2	Revio
HG03583	m84091_230719_172335_s4.hifi_reads.bc1020.bam	0.0	617846.0	https://s3-us-west-2.amazonaws.com/human-pangenomics/working/HPRC/HG03583/raw_data/PacBio_HiFi/m84091_230719_172335_s4.hifi_reads.bc1020.bam	s3://human-pangenomics/working/HPRC/HG03583/raw_data/PacBio_HiFi/m84091_230719_172335_s4.hifi_reads.bc1020.bam	C1	HG03583_PB1_m84091_230719_172335_s4	Revio
HG03583	m84091_230727_132817_s2.hifi_reads.bc1020.bam	23.7	73.6	https://s3-us-west-2.amazonaws.com/human-pangenomics/working/HPRC/HG03583/raw_data/PacBio_HiFi/m84091_230727_132817_s2.hifi_reads.bc1020.bam	s3://human-pangenomics/working/HPRC/HG03583/raw_data/PacBio_HiFi/m84091_230727_132817_s2.hifi_reads.bc1020.bam	C1	HG03583_PB1_m84091_230727_132817_s2	Revio
HG03583	m84091_230817_153352_s4.hifi_reads.bc1020.bam	4.5	13.8	https://s3-us-west-2.amazonaws.com/human-pangenomics/working/HPRC/HG03583/raw_data/PacBio_HiFi/m84091_230817_153352_s4.hifi_reads.bc1020.bam	s3://human-pangenomics/working/HPRC/HG03583/raw_data/PacBio_HiFi/m84091_230817_153352_s4.hifi_reads.bc1020.bam	C1	HG03583_PB1_m84091_230817_153352_s4	Revio
HG03654	m84081_231112_023836_s2.hifi_reads.default.bam	24.8	76.8	https://s3-us-west-2.amazonaws.com/human-pangenomics/working/HPRC/HG03654/raw_data/PacBio_HiFi/m84081_231112_023836_s2.hifi_reads.default.bam	s3://human-pangenomics/working/HPRC/HG03654/raw_data/PacBio_HiFi/m84081_231112_023836_s2.hifi_reads.default.bam	C1	HG03654_lib1_m84081_231112_023836_s2	Revio
HG03669	m84081_231124_014115_s1.hifi_reads.default.bam	11.0	34.1	https://s3-us-west-2.amazonaws.com/human-pangenomics/working/HPRC/HG03669/raw_data/PacBio_HiFi/m84081_231124_014115_s1.hifi_reads.default.bam	s3://human-pangenomics/working/HPRC/HG03669/raw_data/PacBio_HiFi/m84081_231124_014115_s1.hifi_reads.default.bam	C1	HG03669_lib1_m84081_231124_014115_s1	Revio
HG03669	m84081_231124_021221_s2.hifi_reads.default.bam	9.2	28.5	https://s3-us-west-2.amazonaws.com/human-pangenomics/working/HPRC/HG03669/raw_data/PacBio_HiFi/m84081_231124_021221_s2.hifi_reads.default.bam	s3://human-pangenomics/working/HPRC/HG03669/raw_data/PacBio_HiFi/m84081_231124_021221_s2.hifi_reads.default.bam	C1	HG03669_lib1_m84081_231124_021221_s2	Revio
HG03669	m84081_231124_024327_s3.hifi_reads.default.bam	10.3	31.9	https://s3-us-west-2.amazonaws.com/human-pangenomics/working/HPRC/HG03669/raw_data/PacBio_HiFi/m84081_231124_024327_s3.hifi_reads.default.bam	s3://human-pangenomics/working/HPRC/HG03669/raw_data/PacBio_HiFi/m84081_231124_024327_s3.hifi_reads.default.bam	C1	HG03669_lib1_m84081_231124_024327_s3	Revio
HG03688	m84046_230707_195504_s2.hifi_reads.default.bam	19.6	60.7	https://s3-us-west-2.amazonaws.com/human-pangenomics/working/HPRC/HG03688/raw_data/PacBio_HiFi/m84046_230707_195504_s2.hifi_reads.default.bam	s3://human-pangenomics/working/HPRC/HG03688/raw_data/PacBio_HiFi/m84046_230707_195504_s2.hifi_reads.default.bam	C1	HG03688.HFSS_b2_m84046_230707_195504_s2	Revio
HG03704	m84046_230617_040148_s2.hifi_reads.bc1001.bam	4.3	13.4	https://s3-us-west-2.amazonaws.com/human-pangenomics/working/HPRC/HG03704/raw_data/PacBio_HiFi/m84046_230617_040148_s2.hifi_reads.bc1001.bam	s3://human-pangenomics/working/HPRC/HG03704/raw_data/PacBio_HiFi/m84046_230617_040148_s2.hifi_reads.bc1001.bam	C1	HG03704.HFSS3_m84046_230617_040148_s2	Revio
HG03704	m84046_230720_185410_s2.hifi_reads.bc2002.bam	14.6	45.3	https://s3-us-west-2.amazonaws.com/human-pangenomics/working/HPRC/HG03704/raw_data/PacBio_HiFi/m84046_230720_185410_s2.hifi_reads.bc2002.bam	s3://human-pangenomics/working/HPRC/HG03704/raw_data/PacBio_HiFi/m84046_230720_185410_s2.hifi_reads.bc2002.bam	C1	HG03704.HFSS5_m84046_230720_185410_s2	Revio
HG03710	m84081_231117_193129_s1.hifi_reads.bc2082.bam	13.3	41.3	https://s3-us-west-2.amazonaws.com/human-pangenomics/working/HPRC/HG03710/raw_data/PacBio_HiFi/m84081_231117_193129_s1.hifi_reads.bc2082.bam	s3://human-pangenomics/working/HPRC/HG03710/raw_data/PacBio_HiFi/m84081_231117_193129_s1.hifi_reads.bc2082.bam	C1	HG03710_lib1_m84081_231117_193129_s1	Revio
HG03710	m84081_231117_201125_s2.hifi_reads.bc2082.bam	13.3	41.4	https://s3-us-west-2.amazonaws.com/human-pangenomics/working/HPRC/HG03710/raw_data/PacBio_HiFi/m84081_231117_201125_s2.hifi_reads.bc2082.bam	s3://human-pangenomics/working/HPRC/HG03710/raw_data/PacBio_HiFi/m84081_231117_201125_s2.hifi_reads.bc2082.bam	C1	HG03710_lib1_m84081_231117_201125_s2	Revio
HG03710	m84081_231117_204232_s3.hifi_reads.bc2082.bam	14.2	44.0	https://s3-us-west-2.amazonaws.com/human-pangenomics/working/HPRC/HG03710/raw_data/PacBio_HiFi/m84081_231117_204232_s3.hifi_reads.bc2082.bam	s3://human-pangenomics/working/HPRC/HG03710/raw_data/PacBio_HiFi/m84081_231117_204232_s3.hifi_reads.bc2082.bam	C1	HG03710_lib1_m84081_231117_204232_s3	Revio
HG03742	m84091_231120_193041_s3.hifi_reads.bc1020.bam	13.2	40.8	https://s3-us-west-2.amazonaws.com/human-pangenomics/working/HPRC/HG03742/raw_data/PacBio_HiFi/m84091_231120_193041_s3.hifi_reads.bc1020.bam	s3://human-pangenomics/working/HPRC/HG03742/raw_data/PacBio_HiFi/m84091_231120_193041_s3.hifi_reads.bc1020.bam	C1	HG03742_PB2_m84091_231120_193041_s3.hifi_reads.bc1020.bam	Revio
HG03784	m84081_230624_213331_s3.hifi_reads.bc2017.bam	32.7	101.4	https://s3-us-west-2.amazonaws.com/human-pangenomics/working/HPRC/HG03784/raw_data/PacBio_HiFi/m84081_230624_213331_s3.hifi_reads.bc2017.bam	s3://human-pangenomics/working/HPRC/HG03784/raw_data/PacBio_HiFi/m84081_230624_213331_s3.hifi_reads.bc2017.bam	C1	HG03784_lib1_m84081_230624_213331_s3_m84081_230624_213331_s3	Revio
HG03784	m84081_230624_220437_s4.hifi_reads.bc2017.bam	29.8	92.3	https://s3-us-west-2.amazonaws.com/human-pangenomics/working/HPRC/HG03784/raw_data/PacBio_HiFi/m84081_230624_220437_s4.hifi_reads.bc2017.bam	s3://human-pangenomics/working/HPRC/HG03784/raw_data/PacBio_HiFi/m84081_230624_220437_s4.hifi_reads.bc2017.bam	C1	HG03784_lib1_m84081_230624_220437_s4_m84081_230624_220437_s4	Revio
HG03804	m84091_230804_181137_s4.hifi_reads.bc1002.bam	33.6	104.1	https://s3-us-west-2.amazonaws.com/human-pangenomics/working/HPRC/HG03804/raw_data/PacBio_HiFi/m84091_230804_181137_s4.hifi_reads.bc1002.bam	s3://human-pangenomics/working/HPRC/HG03804/raw_data/PacBio_HiFi/m84091_230804_181137_s4.hifi_reads.bc1002.bam	C1	HG03804_PB3_m84091_230804_181137_s4.hifi_reads.bc1002.bam	Revio
HG03816	m84091_230802_183430_s4.hifi_reads.bc1009.bam	25.9	80.3	https://s3-us-west-2.amazonaws.com/human-pangenomics/working/HPRC/HG03816/raw_data/PacBio_HiFi/m84091_230802_183430_s4.hifi_reads.bc1009.bam	s3://human-pangenomics/working/HPRC/HG03816/raw_data/PacBio_HiFi/m84091_230802_183430_s4.hifi_reads.bc1009.bam	C1	HG03816_PB3_m84091_230802_183430_s4.hifi_reads.bc1009.bam	Revio
HG03831	m84081_231119_015049_s1.hifi_reads.bc2084.bam	12.9	39.8	https://s3-us-west-2.amazonaws.com/human-pangenomics/working/HPRC/HG03831/raw_data/PacBio_HiFi/m84081_231119_015049_s1.hifi_reads.bc2084.bam	s3://human-pangenomics/working/HPRC/HG03831/raw_data/PacBio_HiFi/m84081_231119_015049_s1.hifi_reads.bc2084.bam	C1	HG03831_lib1_m84081_231119_015049_s1	Revio
HG03831	m84081_231119_022155_s2.hifi_reads.bc2084.bam	13.9	42.9	https://s3-us-west-2.amazonaws.com/human-pangenomics/working/HPRC/HG03831/raw_data/PacBio_HiFi/m84081_231119_022155_s2.hifi_reads.bc2084.bam	s3://human-pangenomics/working/HPRC/HG03831/raw_data/PacBio_HiFi/m84081_231119_022155_s2.hifi_reads.bc2084.bam	C1	HG03831_lib1_m84081_231119_022155_s2	Revio
HG03831	m84081_231119_025301_s3.hifi_reads.bc2084.bam	13.1	40.7	https://s3-us-west-2.amazonaws.com/human-pangenomics/working/HPRC/HG03831/raw_data/PacBio_HiFi/m84081_231119_025301_s3.hifi_reads.bc2084.bam	s3://human-pangenomics/working/HPRC/HG03831/raw_data/PacBio_HiFi/m84081_231119_025301_s3.hifi_reads.bc2084.bam	C1	HG03831_lib1_m84081_231119_025301_s3	Revio
HG03834	m84081_230630_201015_s3.hifi_reads.bc1012.bam	12.7	39.4	https://s3-us-west-2.amazonaws.com/human-pangenomics/working/HPRC/HG03834/raw_data/PacBio_HiFi/m84081_230630_201015_s3.hifi_reads.bc1012.bam	s3://human-pangenomics/working/HPRC/HG03834/raw_data/PacBio_HiFi/m84081_230630_201015_s3.hifi_reads.bc1012.bam	C1	HG03834_lib1	Revio
HG03834	m84081_230630_204121_s4.hifi_reads.bc1012.bam	13.4	41.5	https://s3-us-west-2.amazonaws.com/human-pangenomics/working/HPRC/HG03834/raw_data/PacBio_HiFi/m84081_230630_204121_s4.hifi_reads.bc1012.bam	s3://human-pangenomics/working/HPRC/HG03834/raw_data/PacBio_HiFi/m84081_230630_204121_s4.hifi_reads.bc1012.bam	C1	HG03834_lib1	Revio
HG03874	m84091_230712_163213_s1.hifi_reads.bc1012.bam	25.1	77.9	https://s3-us-west-2.amazonaws.com/human-pangenomics/working/HPRC/HG03874/raw_data/PacBio_HiFi/m84091_230712_163213_s1.hifi_reads.bc1012.bam	s3://human-pangenomics/working/HPRC/HG03874/raw_data/PacBio_HiFi/m84091_230712_163213_s1.hifi_reads.bc1012.bam	C1	HG03874_PB1_m84091_230712_163213_s1	Revio
HG03874	m84091_230719_155016_s1.hifi_reads.bc1012.bam	32.6	101.2	https://s3-us-west-2.amazonaws.com/human-pangenomics/working/HPRC/HG03874/raw_data/PacBio_HiFi/m84091_230719_155016_s1.hifi_reads.bc1012.bam	s3://human-pangenomics/working/HPRC/HG03874/raw_data/PacBio_HiFi/m84091_230719_155016_s1.hifi_reads.bc1012.bam	C1	HG03874_PB1_m84091_230719_155016_s1	Revio
HG03874	m84091_230731_130312_s1.hifi_reads.bc1012.bam	3.9	12.0	https://s3-us-west-2.amazonaws.com/human-pangenomics/working/HPRC/HG03874/raw_data/PacBio_HiFi/m84091_230731_130312_s1.hifi_reads.bc1012.bam	s3://human-pangenomics/working/HPRC/HG03874/raw_data/PacBio_HiFi/m84091_230731_130312_s1.hifi_reads.bc1012.bam	C1	HG03874_PB1_m84091_230731_130312_s1	Revio
HG03927	m84046_230628_213236_s2.hifi_reads.default.bam	16.0	49.6	https://s3-us-west-2.amazonaws.com/human-pangenomics/working/HPRC/HG03927/raw_data/PacBio_HiFi/m84046_230628_213236_s2.hifi_reads.default.bam	s3://human-pangenomics/working/HPRC/HG03927/raw_data/PacBio_HiFi/m84046_230628_213236_s2.hifi_reads.default.bam	C1	HG03927.HFSS_m84046_230628_213236_s2	Revio
HG03942	m84046_230711_230656_s2.hifi_reads.default.bam	22.4	69.5	https://s3-us-west-2.amazonaws.com/human-pangenomics/working/HPRC/HG03942/raw_data/PacBio_HiFi/m84046_230711_230656_s2.hifi_reads.default.bam	s3://human-pangenomics/working/HPRC/HG03942/raw_data/PacBio_HiFi/m84046_230711_230656_s2.hifi_reads.default.bam	C1	HG03942.HFSS_C_m84046_230711_230656_s2	Revio
HG04115	m84046_230624_201459_s3.hifi_reads.default.bam	33.2	102.8	https://s3-us-west-2.amazonaws.com/human-pangenomics/working/HPRC/HG04115/raw_data/PacBio_HiFi/m84046_230624_201459_s3.hifi_reads.default.bam	s3://human-pangenomics/working/HPRC/HG04115/raw_data/PacBio_HiFi/m84046_230624_201459_s3.hifi_reads.default.bam	C1	HG04115.HFSS_m84046_230624_201459_s3	Revio
HG04157	m84091_230817_143140_s2.hifi_reads.bc1008.bam	25.5	79.1	https://s3-us-west-2.amazonaws.com/human-pangenomics/working/HPRC/HG04157/raw_data/PacBio_HiFi/m84091_230817_143140_s2.hifi_reads.bc1008.bam	s3://human-pangenomics/working/HPRC/HG04157/raw_data/PacBio_HiFi/m84091_230817_143140_s2.hifi_reads.bc1008.bam	C1	HG04157_PB3_m84091_230817_143140_s2.hifi_reads.bc1008.bam	Revio
HG04160	m84091_230802_180324_s3.hifi_reads.bc1003.bam	27.1	84.0	https://s3-us-west-2.amazonaws.com/human-pangenomics/working/HPRC/HG04160/raw_data/PacBio_HiFi/m84091_230802_180324_s3.hifi_reads.bc1003.bam	s3://human-pangenomics/working/HPRC/HG04160/raw_data/PacBio_HiFi/m84091_230802_180324_s3.hifi_reads.bc1003.bam	C1	HG04160_PB3_m84091_230802_180324_s3.hifi_reads.bc1003.bam	Revio
HG04184	m84046_230523_001708_s3.hifi_reads.default.bam	14.4	44.7	https://s3-us-west-2.amazonaws.com/human-pangenomics/working/HPRC/HG04184/raw_data/PacBio_HiFi/m84046_230523_001708_s3.hifi_reads.default.bam	s3://human-pangenomics/working/HPRC/HG04184/raw_data/PacBio_HiFi/m84046_230523_001708_s3.hifi_reads.default.bam	C1	HG04184.HFSS_m84046_230523_001708_s3	Revio
HG04184	m84046_230602_213334_s2.hifi_reads.default.bam	5.4	16.6	https://s3-us-west-2.amazonaws.com/human-pangenomics/working/HPRC/HG04184/raw_data/PacBio_HiFi/m84046_230602_213334_s2.hifi_reads.default.bam	s3://human-pangenomics/working/HPRC/HG04184/raw_data/PacBio_HiFi/m84046_230602_213334_s2.hifi_reads.default.bam	C1	HG04184.HFSS_m84046_230602_213334_s2	Revio
HG04187	m84091_230802_173218_s2.hifi_reads.bc1001.bam	28.4	87.9	https://s3-us-west-2.amazonaws.com/human-pangenomics/working/HPRC/HG04187/raw_data/PacBio_HiFi/m84091_230802_173218_s2.hifi_reads.bc1001.bam	s3://human-pangenomics/working/HPRC/HG04187/raw_data/PacBio_HiFi/m84091_230802_173218_s2.hifi_reads.bc1001.bam	C1	HG04187_PB3_m84091_230802_173218_s2.hifi_reads.bc1001.bam	Revio
HG04199	m84046_230703_225306_s4.hifi_reads.default.bam	30.1	93.3	https://s3-us-west-2.amazonaws.com/human-pangenomics/working/HPRC/HG04199/raw_data/PacBio_HiFi/m84046_230703_225306_s4.hifi_reads.default.bam	s3://human-pangenomics/working/HPRC/HG04199/raw_data/PacBio_HiFi/m84046_230703_225306_s4.hifi_reads.default.bam	C1	HG04199.HFSS_m84046_230703_225306_s4	Revio
HG04204	m84046_230623_213746_s2.hifi_reads.bc1003.bam	20.1	62.4	https://s3-us-west-2.amazonaws.com/human-pangenomics/working/HPRC/HG04204/raw_data/PacBio_HiFi/m84046_230623_213746_s2.hifi_reads.bc1003.bam	s3://human-pangenomics/working/HPRC/HG04204/raw_data/PacBio_HiFi/m84046_230623_213746_s2.hifi_reads.bc1003.bam	C1	HG04204.HFSS_m84046_230623_213746_s2	Revio
HG04228	m84046_230617_033126_s1.hifi_reads.default.bam	15.4	47.8	https://s3-us-west-2.amazonaws.com/human-pangenomics/working/HPRC/HG04228/raw_data/PacBio_HiFi/m84046_230617_033126_s1.hifi_reads.default.bam	s3://human-pangenomics/working/HPRC/HG04228/raw_data/PacBio_HiFi/m84046_230617_033126_s1.hifi_reads.default.bam	C1	HG04228.HFSS_D_m84046_230617_033126_s1	Revio
HG06807	m84081_230630_190803_s1.hifi_reads.bc1008.bam	10.6	32.8	https://s3-us-west-2.amazonaws.com/human-pangenomics/working/HPRC_PLUS/HG06807/raw_data/PacBio_HiFi/m84081_230630_190803_s1.hifi_reads.bc1008.bam	s3://human-pangenomics/working/HPRC_PLUS/HG06807/raw_data/PacBio_HiFi/m84081_230630_190803_s1.hifi_reads.bc1008.bam	C1	HG06807_lib1	Revio
HG06807	m84081_230630_193909_s2.hifi_reads.bc1008.bam	12.2	37.9	https://s3-us-west-2.amazonaws.com/human-pangenomics/working/HPRC_PLUS/HG06807/raw_data/PacBio_HiFi/m84081_230630_193909_s2.hifi_reads.bc1008.bam	s3://human-pangenomics/working/HPRC_PLUS/HG06807/raw_data/PacBio_HiFi/m84081_230630_193909_s2.hifi_reads.bc1008.bam	C1	HG06807_lib1	Revio
NA18505	m84091_230718_154039_s1.hifi_reads.bc1021.bam	29.8	92.3	https://s3-us-west-2.amazonaws.com/human-pangenomics/working/HPRC/NA18505/raw_data/PacBio_HiFi/m84091_230718_154039_s1.hifi_reads.bc1021.bam	s3://human-pangenomics/working/HPRC/NA18505/raw_data/PacBio_HiFi/m84091_230718_154039_s1.hifi_reads.bc1021.bam	C1	NA18505_PB1_m84091_230718_154039_s1	Revio
NA18505	m84091_230721_152112_s4.hifi_reads.bc1021.bam	29.8	92.3	https://s3-us-west-2.amazonaws.com/human-pangenomics/working/HPRC/NA18505/raw_data/PacBio_HiFi/m84091_230721_152112_s4.hifi_reads.bc1021.bam	s3://human-pangenomics/working/HPRC/NA18505/raw_data/PacBio_HiFi/m84091_230721_152112_s4.hifi_reads.bc1021.bam	C1	NA18505_PB1_m84091_230721_152112_s4	Revio
NA18505	m84091_230724_152950_s1.hifi_reads.bc1021.bam	1.8	5.7	https://s3-us-west-2.amazonaws.com/human-pangenomics/working/HPRC/NA18505/raw_data/PacBio_HiFi/m84091_230724_152950_s1.hifi_reads.bc1021.bam	s3://human-pangenomics/working/HPRC/NA18505/raw_data/PacBio_HiFi/m84091_230724_152950_s1.hifi_reads.bc1021.bam	C1	NA18505_PB1_m84091_230724_152950_s1	Revio
NA18508	m84046_230513_215634_s1.hifi_reads.bc2001.bam	21.1	65.5	https://s3-us-west-2.amazonaws.com/human-pangenomics/working/HPRC/NA18508/raw_data/PacBio_HiFi/m84046_230513_215634_s1.hifi_reads.bc2001.bam	s3://human-pangenomics/working/HPRC/NA18508/raw_data/PacBio_HiFi/m84046_230513_215634_s1.hifi_reads.bc2001.bam	C1	PG18508.HFSS2_m84046_230513_215634_s1	Revio
NA18508	m84046_230516_205603_s2.hifi_reads.bc2001.bam	20.0	62.0	https://s3-us-west-2.amazonaws.com/human-pangenomics/working/HPRC/NA18508/raw_data/PacBio_HiFi/m84046_230516_205603_s2.hifi_reads.bc2001.bam	s3://human-pangenomics/working/HPRC/NA18508/raw_data/PacBio_HiFi/m84046_230516_205603_s2.hifi_reads.bc2001.bam	C1	PG18508.HFSS2_m84046_230516_205603_s2	Revio
NA18508	m84046_230516_212709_s3.hifi_reads.bc2001.bam	20.2	62.7	https://s3-us-west-2.amazonaws.com/human-pangenomics/working/HPRC/NA18508/raw_data/PacBio_HiFi/m84046_230516_212709_s3.hifi_reads.bc2001.bam	s3://human-pangenomics/working/HPRC/NA18508/raw_data/PacBio_HiFi/m84046_230516_212709_s3.hifi_reads.bc2001.bam	C1	PG18508.HFSS2_m84046_230516_212709_s3	Revio
NA18522	m84046_230531_214232_s2.hifi_reads.bc2021.bam	10.3	32.0	https://s3-us-west-2.amazonaws.com/human-pangenomics/working/HPRC/NA18522/raw_data/PacBio_HiFi/m84046_230531_214232_s2.hifi_reads.bc2021.bam	s3://human-pangenomics/working/HPRC/NA18522/raw_data/PacBio_HiFi/m84046_230531_214232_s2.hifi_reads.bc2021.bam	C1	NA18522.HFSS_m84046_230531_214232_s2	Revio
NA18522	m84046_230603_204152_s4.hifi_reads.bc2021.bam	8.6	26.5	https://s3-us-west-2.amazonaws.com/human-pangenomics/working/HPRC/NA18522/raw_data/PacBio_HiFi/m84046_230603_204152_s4.hifi_reads.bc2021.bam	s3://human-pangenomics/working/HPRC/NA18522/raw_data/PacBio_HiFi/m84046_230603_204152_s4.hifi_reads.bc2021.bam	C1	NA18522.HFSS_m84046_230603_204152_s4	Revio
NA18565	m84081_230714_201817_s1.hifi_reads.bc2020.bam	25.9	80.2	https://s3-us-west-2.amazonaws.com/human-pangenomics/working/HPRC/NA18565/raw_data/PacBio_HiFi/m84081_230714_201817_s1.hifi_reads.bc2020.bam	s3://human-pangenomics/working/HPRC/NA18565/raw_data/PacBio_HiFi/m84081_230714_201817_s1.hifi_reads.bc2020.bam	C1	NA18565_lib1_m84081_230714_201817_s1_m84081_230714_201817_s1	Revio
NA18565	m84081_230714_205519_s2.hifi_reads.bc2020.bam	28.8	89.4	https://s3-us-west-2.amazonaws.com/human-pangenomics/working/HPRC/NA18565/raw_data/PacBio_HiFi/m84081_230714_205519_s2.hifi_reads.bc2020.bam	s3://human-pangenomics/working/HPRC/NA18565/raw_data/PacBio_HiFi/m84081_230714_205519_s2.hifi_reads.bc2020.bam	C1	NA18565_lib1_m84081_230714_205519_s2_m84081_230714_205519_s2	Revio
NA18565	m84081_230728_191731_s1.hifi_reads.bc2020.bam	8.2	25.5	https://s3-us-west-2.amazonaws.com/human-pangenomics/working/HPRC/NA18565/raw_data/PacBio_HiFi/m84081_230728_191731_s1.hifi_reads.bc2020.bam	s3://human-pangenomics/working/HPRC/NA18565/raw_data/PacBio_HiFi/m84081_230728_191731_s1.hifi_reads.bc2020.bam	C1	NA18565_lib1_m84081_230728_191731_s1_m84081_230728_191731_s1	Revio
NA18570	m84091_231120_193041_s3.hifi_reads.bc1012.bam	16.2	50.2	https://s3-us-west-2.amazonaws.com/human-pangenomics/working/HPRC/NA18570/raw_data/PacBio_HiFi/m84091_231120_193041_s3.hifi_reads.bc1012.bam	s3://human-pangenomics/working/HPRC/NA18570/raw_data/PacBio_HiFi/m84091_231120_193041_s3.hifi_reads.bc1012.bam	C1	NA18570_PB4_m84091_231120_193041_s3.hifi_reads.bc1012.bam	Revio
NA18608	m84081_230601_202307_s1.hifi_reads.bc2007.bam	12.4	38.3	https://s3-us-west-2.amazonaws.com/human-pangenomics/working/HPRC/NA18608/raw_data/PacBio_HiFi/m84081_230601_202307_s1.hifi_reads.bc2007.bam	s3://human-pangenomics/working/HPRC/NA18608/raw_data/PacBio_HiFi/m84081_230601_202307_s1.hifi_reads.bc2007.bam	C1	NA18608_lib1_m84081_230601_202307_s1_m84081_230601_202307_s1	Revio
NA18608	m84081_230601_210338_s2.hifi_reads.bc2007.bam	40.7	126.1	https://s3-us-west-2.amazonaws.com/human-pangenomics/working/HPRC/NA18608/raw_data/PacBio_HiFi/m84081_230601_210338_s2.hifi_reads.bc2007.bam	s3://human-pangenomics/working/HPRC/NA18608/raw_data/PacBio_HiFi/m84081_230601_210338_s2.hifi_reads.bc2007.bam	C1	NA18608_lib1_m84081_230601_210338_s2_m84081_230601_210338_s2	Revio
NA18608	m84081_230623_202140_s1.hifi_reads.bc2007.bam	4.4	13.5	https://s3-us-west-2.amazonaws.com/human-pangenomics/working/HPRC/NA18608/raw_data/PacBio_HiFi/m84081_230623_202140_s1.hifi_reads.bc2007.bam	s3://human-pangenomics/working/HPRC/NA18608/raw_data/PacBio_HiFi/m84081_230623_202140_s1.hifi_reads.bc2007.bam	C1	NA18608_lib1_m84081_230623_202140_s1_m84081_230623_202140_s1	Revio
NA18608	m84081_230623_205201_s2.hifi_reads.bc2007.bam	4.2	13.0	https://s3-us-west-2.amazonaws.com/human-pangenomics/working/HPRC/NA18608/raw_data/PacBio_HiFi/m84081_230623_205201_s2.hifi_reads.bc2007.bam	s3://human-pangenomics/working/HPRC/NA18608/raw_data/PacBio_HiFi/m84081_230623_205201_s2.hifi_reads.bc2007.bam	C1	NA18608_lib1_m84081_230623_205201_s2_m84081_230623_205201_s2	Revio
NA18620	m84091_230703_172326_s3.hifi_reads.bc1009.bam	33.9	105.1	https://s3-us-west-2.amazonaws.com/human-pangenomics/working/HPRC/NA18620/raw_data/PacBio_HiFi/m84091_230703_172326_s3.hifi_reads.bc1009.bam	s3://human-pangenomics/working/HPRC/NA18620/raw_data/PacBio_HiFi/m84091_230703_172326_s3.hifi_reads.bc1009.bam	C1	NA18620_PB1_m84091_230703_172326_s3	Revio
NA18620	m84091_230707_165735_s1.hifi_reads.bc1009.bam	34.3	106.3	https://s3-us-west-2.amazonaws.com/human-pangenomics/working/HPRC/NA18620/raw_data/PacBio_HiFi/m84091_230707_165735_s1.hifi_reads.bc1009.bam	s3://human-pangenomics/working/HPRC/NA18620/raw_data/PacBio_HiFi/m84091_230707_165735_s1.hifi_reads.bc1009.bam	C1	NA18620_PB1_m84091_230707_165735_s1	Revio
NA18747	m84046_230531_214232_s2.hifi_reads.bc2011.bam	17.1	53.0	https://s3-us-west-2.amazonaws.com/human-pangenomics/working/HPRC/NA18747/raw_data/PacBio_HiFi/m84046_230531_214232_s2.hifi_reads.bc2011.bam	s3://human-pangenomics/working/HPRC/NA18747/raw_data/PacBio_HiFi/m84046_230531_214232_s2.hifi_reads.bc2011.bam	C1	PG18747_1.HFSS_m84046_230531_214232_s2	Revio
NA18879	m84046_230727_225904_s1.hifi_reads.bc2089.bam	11.6	36.0	https://s3-us-west-2.amazonaws.com/human-pangenomics/working/HPRC/NA18879/raw_data/PacBio_HiFi/m84046_230727_225904_s1.hifi_reads.bc2089.bam	s3://human-pangenomics/working/HPRC/NA18879/raw_data/PacBio_HiFi/m84046_230727_225904_s1.hifi_reads.bc2089.bam	C1	PG18879.HFSS_m84046_230727_225904_s1	Revio
NA18879	m84046_230728_195023_s2.hifi_reads.bc2089.bam	11.4	35.2	https://s3-us-west-2.amazonaws.com/human-pangenomics/working/HPRC/NA18879/raw_data/PacBio_HiFi/m84046_230728_195023_s2.hifi_reads.bc2089.bam	s3://human-pangenomics/working/HPRC/NA18879/raw_data/PacBio_HiFi/m84046_230728_195023_s2.hifi_reads.bc2089.bam	C1	PG18879.HFSS_m84046_230728_195023_s2	Revio
NA18879	m84046_230728_202047_s3.hifi_reads.bc2089.bam	11.0	33.9	https://s3-us-west-2.amazonaws.com/human-pangenomics/working/HPRC/NA18879/raw_data/PacBio_HiFi/m84046_230728_202047_s3.hifi_reads.bc2089.bam	s3://human-pangenomics/working/HPRC/NA18879/raw_data/PacBio_HiFi/m84046_230728_202047_s3.hifi_reads.bc2089.bam	C1	PG18879.HFSS_m84046_230728_202047_s3	Revio
NA18879	m84046_230728_205153_s4.hifi_reads.bc2089.bam	10.9	33.7	https://s3-us-west-2.amazonaws.com/human-pangenomics/working/HPRC/NA18879/raw_data/PacBio_HiFi/m84046_230728_205153_s4.hifi_reads.bc2089.bam	s3://human-pangenomics/working/HPRC/NA18879/raw_data/PacBio_HiFi/m84046_230728_205153_s4.hifi_reads.bc2089.bam	C1	PG18879.HFSS_m84046_230728_205153_s4	Revio
NA18879	m84046_230731_200859_s2.hifi_reads.bc2089.bam	18.9	58.6	https://s3-us-west-2.amazonaws.com/human-pangenomics/working/HPRC/NA18879/raw_data/PacBio_HiFi/m84046_230731_200859_s2.hifi_reads.bc2089.bam	s3://human-pangenomics/working/HPRC/NA18879/raw_data/PacBio_HiFi/m84046_230731_200859_s2.hifi_reads.bc2089.bam	C1	PG18879.HFSS_m84046_230731_200859_s2	Revio
NA18952	m84081_230609_201402_s3.hifi_reads.bc2009.bam	37.0	114.6	https://s3-us-west-2.amazonaws.com/human-pangenomics/working/HPRC/NA18952/raw_data/PacBio_HiFi/m84081_230609_201402_s3.hifi_reads.bc2009.bam	s3://human-pangenomics/working/HPRC/NA18952/raw_data/PacBio_HiFi/m84081_230609_201402_s3.hifi_reads.bc2009.bam	C1	NA18952_lib1_m84081_230609_201402_s3_m84081_230609_201402_s3	Revio
NA18952	m84081_230609_204508_s4.hifi_reads.bc2009.bam	39.3	121.9	https://s3-us-west-2.amazonaws.com/human-pangenomics/working/HPRC/NA18952/raw_data/PacBio_HiFi/m84081_230609_204508_s4.hifi_reads.bc2009.bam	s3://human-pangenomics/working/HPRC/NA18952/raw_data/PacBio_HiFi/m84081_230609_204508_s4.hifi_reads.bc2009.bam	C1	NA18952_lib1_m84081_230609_204508_s4_m84081_230609_204508_s4	Revio
NA18971	m84081_230628_183924_s1.hifi_reads.bc1011.bam	12.9	40.1	https://s3-us-west-2.amazonaws.com/human-pangenomics/working/HPRC/NA18971/raw_data/PacBio_HiFi/m84081_230628_183924_s1.hifi_reads.bc1011.bam	s3://human-pangenomics/working/HPRC/NA18971/raw_data/PacBio_HiFi/m84081_230628_183924_s1.hifi_reads.bc1011.bam	C1	NA18971_lib1	Revio
NA18971	m84081_230628_190945_s2.hifi_reads.bc1011.bam	13.6	42.2	https://s3-us-west-2.amazonaws.com/human-pangenomics/working/HPRC/NA18971/raw_data/PacBio_HiFi/m84081_230628_190945_s2.hifi_reads.bc1011.bam	s3://human-pangenomics/working/HPRC/NA18971/raw_data/PacBio_HiFi/m84081_230628_190945_s2.hifi_reads.bc1011.bam	C1	NA18971_lib1	Revio
NA18974	m84081_230601_213444_s3.hifi_reads.bc2008.bam	39.6	122.7	https://s3-us-west-2.amazonaws.com/human-pangenomics/working/HPRC/NA18974/raw_data/PacBio_HiFi/m84081_230601_213444_s3.hifi_reads.bc2008.bam	s3://human-pangenomics/working/HPRC/NA18974/raw_data/PacBio_HiFi/m84081_230601_213444_s3.hifi_reads.bc2008.bam	C1	NA18974_lib1_m84081_230601_213444_s3_m84081_230601_213444_s3	Revio
NA18974	m84081_230601_220550_s4.hifi_reads.bc2008.bam	42.0	130.1	https://s3-us-west-2.amazonaws.com/human-pangenomics/working/HPRC/NA18974/raw_data/PacBio_HiFi/m84081_230601_220550_s4.hifi_reads.bc2008.bam	s3://human-pangenomics/working/HPRC/NA18974/raw_data/PacBio_HiFi/m84081_230601_220550_s4.hifi_reads.bc2008.bam	C1	NA18974_lib1_m84081_230601_220550_s4_m84081_230601_220550_s4	Revio
NA18976	m84081_230610_192218_s1.hifi_reads.bc2010.bam	36.0	111.5	https://s3-us-west-2.amazonaws.com/human-pangenomics/working/HPRC/NA18976/raw_data/PacBio_HiFi/m84081_230610_192218_s1.hifi_reads.bc2010.bam	s3://human-pangenomics/working/HPRC/NA18976/raw_data/PacBio_HiFi/m84081_230610_192218_s1.hifi_reads.bc2010.bam	C1	NA18976_lib1_m84081_230610_192218_s1_m84081_230610_192218_s1	Revio
NA18976	m84081_230610_195324_s2.hifi_reads.bc2010.bam	37.4	116.0	https://s3-us-west-2.amazonaws.com/human-pangenomics/working/HPRC/NA18976/raw_data/PacBio_HiFi/m84081_230610_195324_s2.hifi_reads.bc2010.bam	s3://human-pangenomics/working/HPRC/NA18976/raw_data/PacBio_HiFi/m84081_230610_195324_s2.hifi_reads.bc2010.bam	C1	NA18976_lib1_m84081_230610_195324_s2_m84081_230610_195324_s2	Revio
NA18983	m84046_230623_210640_s1.hifi_reads.bc2055.bam	17.5	54.2	https://s3-us-west-2.amazonaws.com/human-pangenomics/working/HPRC/NA18983/raw_data/PacBio_HiFi/m84046_230623_210640_s1.hifi_reads.bc2055.bam	s3://human-pangenomics/working/HPRC/NA18983/raw_data/PacBio_HiFi/m84046_230623_210640_s1.hifi_reads.bc2055.bam	C1	PG18983.HFSS2_m84046_230623_210640_s1	Revio
NA19036	m84091_230718_161058_s2.hifi_reads.bc1022.bam	32.0	99.3	https://s3-us-west-2.amazonaws.com/human-pangenomics/working/HPRC/NA19036/raw_data/PacBio_HiFi/m84091_230718_161058_s2.hifi_reads.bc1022.bam	s3://human-pangenomics/working/HPRC/NA19036/raw_data/PacBio_HiFi/m84091_230718_161058_s2.hifi_reads.bc1022.bam	C1	NA19036_PB1_m84091_230718_161058_s2	Revio
NA19036	m84091_230724_152950_s1.hifi_reads.bc1022.bam	32.3	100.1	https://s3-us-west-2.amazonaws.com/human-pangenomics/working/HPRC/NA19036/raw_data/PacBio_HiFi/m84091_230724_152950_s1.hifi_reads.bc1022.bam	s3://human-pangenomics/working/HPRC/NA19036/raw_data/PacBio_HiFi/m84091_230724_152950_s1.hifi_reads.bc1022.bam	C1	NA19036_PB1_m84091_230724_152950_s1	Revio
NA19043	m84046_230519_231055_s2.hifi_reads.bc2061.bam	9.0	27.9	https://s3-us-west-2.amazonaws.com/human-pangenomics/working/HPRC/NA19043/raw_data/PacBio_HiFi/m84046_230519_231055_s2.hifi_reads.bc2061.bam	s3://human-pangenomics/working/HPRC/NA19043/raw_data/PacBio_HiFi/m84046_230519_231055_s2.hifi_reads.bc2061.bam	C1	PG19043.HFSS_m84046_230519_231055_s2	Revio
NA19043	m84046_230712_000908_s4.hifi_reads.bc2061.bam	3.1	9.6	https://s3-us-west-2.amazonaws.com/human-pangenomics/working/HPRC/NA19043/raw_data/PacBio_HiFi/m84046_230712_000908_s4.hifi_reads.bc2061.bam	s3://human-pangenomics/working/HPRC/NA19043/raw_data/PacBio_HiFi/m84046_230712_000908_s4.hifi_reads.bc2061.bam	C1	PG19043.HFSS_m84046_230712_000908_s4	Revio
NA19087	m84091_231120_185935_s2.hifi_reads.bc1016.bam	18.8	58.2	https://s3-us-west-2.amazonaws.com/human-pangenomics/working/HPRC/NA19087/raw_data/PacBio_HiFi/m84091_231120_185935_s2.hifi_reads.bc1016.bam	s3://human-pangenomics/working/HPRC/NA19087/raw_data/PacBio_HiFi/m84091_231120_185935_s2.hifi_reads.bc1016.bam	C1	NA19087_PB2_m84091_231120_185935_s2.hifi_reads.bc1016.bam	Revio
NA19159	m84091_230817_150246_s3.hifi_reads.bc1015.bam	7.6	23.7	https://s3-us-west-2.amazonaws.com/human-pangenomics/working/HPRC/NA19159/raw_data/PacBio_HiFi/m84091_230817_150246_s3.hifi_reads.bc1015.bam	s3://human-pangenomics/working/HPRC/NA19159/raw_data/PacBio_HiFi/m84091_230817_150246_s3.hifi_reads.bc1015.bam	C1	NA19159_PB1_m84091_230817_150246_s3.hifi_reads.bc1015.bam	Revio
NA19185	m84091_231120_182829_s1.hifi_reads.bc1017.bam	8.8	27.1	https://s3-us-west-2.amazonaws.com/human-pangenomics/working/HPRC/NA19185/raw_data/PacBio_HiFi/m84091_231120_182829_s1.hifi_reads.bc1017.bam	s3://human-pangenomics/working/HPRC/NA19185/raw_data/PacBio_HiFi/m84091_231120_182829_s1.hifi_reads.bc1017.bam	C1	NA19185_PB2_m84091_231120_182829_s1.hifi_reads.bc1017.bam	Revio
NA19338	m84091_230705_174256_s2.hifi_reads.bc1002.bam	6.5	20.1	https://s3-us-west-2.amazonaws.com/human-pangenomics/working/HPRC/NA19338/raw_data/PacBio_HiFi/m84091_230705_174256_s2.hifi_reads.bc1002.bam	s3://human-pangenomics/working/HPRC/NA19338/raw_data/PacBio_HiFi/m84091_230705_174256_s2.hifi_reads.bc1002.bam	C1	NA19338_PB2_m84091_230705_174256_s2.hifi_reads.bc1002.bam	Revio
NA19338	m84091_230705_184508_s4.hifi_reads.bc1002.bam	6.4	19.7	https://s3-us-west-2.amazonaws.com/human-pangenomics/working/HPRC/NA19338/raw_data/PacBio_HiFi/m84091_230705_184508_s4.hifi_reads.bc1002.bam	s3://human-pangenomics/working/HPRC/NA19338/raw_data/PacBio_HiFi/m84091_230705_184508_s4.hifi_reads.bc1002.bam	C1	NA19338_PB2_m84091_230705_184508_s4.hifi_reads.bc1002.bam	Revio
NA19338	m84091_231120_175800_s4.hifi_reads.bc1002.bam	7.7	24.0	https://s3-us-west-2.amazonaws.com/human-pangenomics/working/HPRC/NA19338/raw_data/PacBio_HiFi/m84091_231120_175800_s4.hifi_reads.bc1002.bam	s3://human-pangenomics/working/HPRC/NA19338/raw_data/PacBio_HiFi/m84091_231120_175800_s4.hifi_reads.bc1002.bam	C1	NA19338_PB2_m84091_231120_175800_s4.hifi_reads.bc1002.bam	Revio
NA19391	m84091_231120_175800_s4.hifi_reads.bc1015.bam	22.9	70.9	https://s3-us-west-2.amazonaws.com/human-pangenomics/working/HPRC/NA19391/raw_data/PacBio_HiFi/m84091_231120_175800_s4.hifi_reads.bc1015.bam	s3://human-pangenomics/working/HPRC/NA19391/raw_data/PacBio_HiFi/m84091_231120_175800_s4.hifi_reads.bc1015.bam	C1	NA19391_PB3_m84091_231120_175800_s4.hifi_reads.bc1015.bam	Revio
NA19443	m84046_230623_203534_s4.hifi_reads.bc2053.bam	18.3	56.7	https://s3-us-west-2.amazonaws.com/human-pangenomics/working/HPRC/NA19443/raw_data/PacBio_HiFi/m84046_230623_203534_s4.hifi_reads.bc2053.bam	s3://human-pangenomics/working/HPRC/NA19443/raw_data/PacBio_HiFi/m84046_230623_203534_s4.hifi_reads.bc2053.bam	C1	PG19443.HFSS_m84046_230623_203534_s4	Revio
NA19443	m84046_230627_201017_s1.hifi_reads.bc2053.bam	14.7	45.6	https://s3-us-west-2.amazonaws.com/human-pangenomics/working/HPRC/NA19443/raw_data/PacBio_HiFi/m84046_230627_201017_s1.hifi_reads.bc2053.bam	s3://human-pangenomics/working/HPRC/NA19443/raw_data/PacBio_HiFi/m84046_230627_201017_s1.hifi_reads.bc2053.bam	C1	PG19443.HFSS_m84046_230627_201017_s1	Revio
NA19443	m84046_230627_204123_s2.hifi_reads.bc2053.bam	16.8	52.2	https://s3-us-west-2.amazonaws.com/human-pangenomics/working/HPRC/NA19443/raw_data/PacBio_HiFi/m84046_230627_204123_s2.hifi_reads.bc2053.bam	s3://human-pangenomics/working/HPRC/NA19443/raw_data/PacBio_HiFi/m84046_230627_204123_s2.hifi_reads.bc2053.bam	C1	PG19443.HFSS_m84046_230627_204123_s2	Revio
NA19443	m84046_230701_000218_s4.hifi_reads.bc2053.bam	8.5	26.4	https://s3-us-west-2.amazonaws.com/human-pangenomics/working/HPRC/NA19443/raw_data/PacBio_HiFi/m84046_230701_000218_s4.hifi_reads.bc2053.bam	s3://human-pangenomics/working/HPRC/NA19443/raw_data/PacBio_HiFi/m84046_230701_000218_s4.hifi_reads.bc2053.bam	C1	PG19443.HFSS_m84046_230701_000218_s4	Revio
NA19443	m84046_230712_231732_s2.hifi_reads.bc2053.bam	4.5	13.9	https://s3-us-west-2.amazonaws.com/human-pangenomics/working/HPRC/NA19443/raw_data/PacBio_HiFi/m84046_230712_231732_s2.hifi_reads.bc2053.bam	s3://human-pangenomics/working/HPRC/NA19443/raw_data/PacBio_HiFi/m84046_230712_231732_s2.hifi_reads.bc2053.bam	C1	PG19443.HFSS_m84046_230712_231732_s2	Revio
NA19468	m84091_231208_194716_s4.hifi_reads.bc1008.bam	13.3	41.1	https://s3-us-west-2.amazonaws.com/human-pangenomics/working/HPRC/NA19468/raw_data/PacBio_HiFi/m84091_231208_194716_s4.hifi_reads.bc1008.bam	s3://human-pangenomics/working/HPRC/NA19468/raw_data/PacBio_HiFi/m84091_231208_194716_s4.hifi_reads.bc1008.bam	C1	NA19468_PB2_m84091_231208_194716_s4.hifi_reads.bc1008.bam	Revio
NA19468	m84091_231211_215746_s3.hifi_reads.bc1008.bam	6.5	20.1	https://s3-us-west-2.amazonaws.com/human-pangenomics/working/HPRC/NA19468/raw_data/PacBio_HiFi/m84091_231211_215746_s3.hifi_reads.bc1008.bam	s3://human-pangenomics/working/HPRC/NA19468/raw_data/PacBio_HiFi/m84091_231211_215746_s3.hifi_reads.bc1008.bam	C1	NA19468_PB2_m84091_231211_215746_s3.hifi_reads.bc1008.bam	Revio
NA19682	m84046_230428_231421_s3.hifi_reads.bc2090.bam	15.5	48.1	https://s3-us-west-2.amazonaws.com/human-pangenomics/working/HPRC/NA19682/raw_data/PacBio_HiFi/m84046_230428_231421_s3.hifi_reads.bc2090.bam	s3://human-pangenomics/working/HPRC/NA19682/raw_data/PacBio_HiFi/m84046_230428_231421_s3.hifi_reads.bc2090.bam	C1	PG19682.HFSS_m84046_230428_231421_s3	Revio
NA19682	m84046_230504_195327_s1.hifi_reads.bc2090.bam	17.1	52.9	https://s3-us-west-2.amazonaws.com/human-pangenomics/working/HPRC/NA19682/raw_data/PacBio_HiFi/m84046_230504_195327_s1.hifi_reads.bc2090.bam	s3://human-pangenomics/working/HPRC/NA19682/raw_data/PacBio_HiFi/m84046_230504_195327_s1.hifi_reads.bc2090.bam	C1	PG19682.HFSS_m84046_230504_195327_s1	Revio
NA19682	m84046_230504_202347_s2.hifi_reads.bc2090.bam	17.4	53.8	https://s3-us-west-2.amazonaws.com/human-pangenomics/working/HPRC/NA19682/raw_data/PacBio_HiFi/m84046_230504_202347_s2.hifi_reads.bc2090.bam	s3://human-pangenomics/working/HPRC/NA19682/raw_data/PacBio_HiFi/m84046_230504_202347_s2.hifi_reads.bc2090.bam	C1	PG19682.HFSS_m84046_230504_202347_s2	Revio
NA19682	m84046_230508_193709_s3.hifi_reads.bc2090.bam	12.6	39.1	https://s3-us-west-2.amazonaws.com/human-pangenomics/working/HPRC/NA19682/raw_data/PacBio_HiFi/m84046_230508_193709_s3.hifi_reads.bc2090.bam	s3://human-pangenomics/working/HPRC/NA19682/raw_data/PacBio_HiFi/m84046_230508_193709_s3.hifi_reads.bc2090.bam	C1	PG19682.HFSS_m84046_230508_193709_s3	Revio
NA19700	m84046_230428_224315_s2.hifi_reads.bc2091.bam	13.9	43.1	https://s3-us-west-2.amazonaws.com/human-pangenomics/working/HPRC/NA19700/raw_data/PacBio_HiFi/m84046_230428_224315_s2.hifi_reads.bc2091.bam	s3://human-pangenomics/working/HPRC/NA19700/raw_data/PacBio_HiFi/m84046_230428_224315_s2.hifi_reads.bc2091.bam	C1	PG19700.HFSS_m84046_230428_224315_s2	Revio
NA19700	m84046_230502_203455_s3.hifi_reads.bc2091.bam	16.0	49.6	https://s3-us-west-2.amazonaws.com/human-pangenomics/working/HPRC/NA19700/raw_data/PacBio_HiFi/m84046_230502_203455_s3.hifi_reads.bc2091.bam	s3://human-pangenomics/working/HPRC/NA19700/raw_data/PacBio_HiFi/m84046_230502_203455_s3.hifi_reads.bc2091.bam	C1	PG19700.HFSS_m84046_230502_203455_s3	Revio
NA19700	m84046_230502_210601_s4.hifi_reads.bc2091.bam	14.6	45.3	https://s3-us-west-2.amazonaws.com/human-pangenomics/working/HPRC/NA19700/raw_data/PacBio_HiFi/m84046_230502_210601_s4.hifi_reads.bc2091.bam	s3://human-pangenomics/working/HPRC/NA19700/raw_data/PacBio_HiFi/m84046_230502_210601_s4.hifi_reads.bc2091.bam	C1	PG19700.HFSS_m84046_230502_210601_s4	Revio
NA19700	m84046_230508_200815_s4.hifi_reads.bc2091.bam	16.1	49.9	https://s3-us-west-2.amazonaws.com/human-pangenomics/working/HPRC/NA19700/raw_data/PacBio_HiFi/m84046_230508_200815_s4.hifi_reads.bc2091.bam	s3://human-pangenomics/working/HPRC/NA19700/raw_data/PacBio_HiFi/m84046_230508_200815_s4.hifi_reads.bc2091.bam	C1	PG19700.HFSS_m84046_230508_200815_s4	Revio
NA19776	m84046_230513_215634_s1.hifi_reads.bc2014.bam	20.8	64.6	https://s3-us-west-2.amazonaws.com/human-pangenomics/working/HPRC/NA19776/raw_data/PacBio_HiFi/m84046_230513_215634_s1.hifi_reads.bc2014.bam	s3://human-pangenomics/working/HPRC/NA19776/raw_data/PacBio_HiFi/m84046_230513_215634_s1.hifi_reads.bc2014.bam	C1	PG19776.HFSS_m84046_230513_215634_s1	Revio
NA19776	m84046_230516_205603_s2.hifi_reads.bc2014.bam	20.8	64.4	https://s3-us-west-2.amazonaws.com/human-pangenomics/working/HPRC/NA19776/raw_data/PacBio_HiFi/m84046_230516_205603_s2.hifi_reads.bc2014.bam	s3://human-pangenomics/working/HPRC/NA19776/raw_data/PacBio_HiFi/m84046_230516_205603_s2.hifi_reads.bc2014.bam	C1	PG19776.HFSS_m84046_230516_205603_s2	Revio
NA19776	m84046_230516_212709_s3.hifi_reads.bc2014.bam	20.8	64.6	https://s3-us-west-2.amazonaws.com/human-pangenomics/working/HPRC/NA19776/raw_data/PacBio_HiFi/m84046_230516_212709_s3.hifi_reads.bc2014.bam	s3://human-pangenomics/working/HPRC/NA19776/raw_data/PacBio_HiFi/m84046_230516_212709_s3.hifi_reads.bc2014.bam	C1	PG19776.HFSS_m84046_230516_212709_s3	Revio
NA19835	m84091_230718_164204_s3.hifi_reads.bc1001.bam	29.1	90.1	https://s3-us-west-2.amazonaws.com/human-pangenomics/working/HPRC/NA19835/raw_data/PacBio_HiFi/m84091_230718_164204_s3.hifi_reads.bc1001.bam	s3://human-pangenomics/working/HPRC/NA19835/raw_data/PacBio_HiFi/m84091_230718_164204_s3.hifi_reads.bc1001.bam	C1	NA19835_PB1_m84091_230718_164204_s3	Revio
NA19835	m84091_230724_160010_s2.hifi_reads.bc1001.bam	30.8	95.5	https://s3-us-west-2.amazonaws.com/human-pangenomics/working/HPRC/NA19835/raw_data/PacBio_HiFi/m84091_230724_160010_s2.hifi_reads.bc1001.bam	s3://human-pangenomics/working/HPRC/NA19835/raw_data/PacBio_HiFi/m84091_230724_160010_s2.hifi_reads.bc1001.bam	C1	NA19835_PB1_m84091_230724_160010_s2	Revio
NA19835	m84091_230731_133332_s2.hifi_reads.bc1001.bam	2.5	7.8	https://s3-us-west-2.amazonaws.com/human-pangenomics/working/HPRC/NA19835/raw_data/PacBio_HiFi/m84091_230731_133332_s2.hifi_reads.bc1001.bam	s3://human-pangenomics/working/HPRC/NA19835/raw_data/PacBio_HiFi/m84091_230731_133332_s2.hifi_reads.bc1001.bam	C1	NA19835_PB1_m84091_230731_133332_s2	Revio
NA19909	m84081_230523_180945_s1.hifi_reads.bc2005.bam	31.1	96.3	https://s3-us-west-2.amazonaws.com/human-pangenomics/working/HPRC/NA19909/raw_data/PacBio_HiFi/m84081_230523_180945_s1.hifi_reads.bc2005.bam	s3://human-pangenomics/working/HPRC/NA19909/raw_data/PacBio_HiFi/m84081_230523_180945_s1.hifi_reads.bc2005.bam	C1	NA19909_lib1_m84081_230523_180945_s1_m84081_230523_180945_s1	Revio
NA19909	m84081_230525_172954_s3.hifi_reads.bc2005.bam	32.9	101.9	https://s3-us-west-2.amazonaws.com/human-pangenomics/working/HPRC/NA19909/raw_data/PacBio_HiFi/m84081_230525_172954_s3.hifi_reads.bc2005.bam	s3://human-pangenomics/working/HPRC/NA19909/raw_data/PacBio_HiFi/m84081_230525_172954_s3.hifi_reads.bc2005.bam	C1	NA19909_lib1_m84081_230525_172954_s3_m84081_230525_172954_s3	Revio
NA19909	m84081_230609_194256_s2.hifi_reads.bc2001.bam	24.2	75.1	https://s3-us-west-2.amazonaws.com/human-pangenomics/working/HPRC/NA19909/raw_data/PacBio_HiFi/m84081_230609_194256_s2.hifi_reads.bc2001.bam	s3://human-pangenomics/working/HPRC/NA19909/raw_data/PacBio_HiFi/m84081_230609_194256_s2.hifi_reads.bc2001.bam	C1	NA19909_lib1_m84081_230609_194256_s2_m84081_230609_194256_s2	Revio
NA19909	m84081_230728_194836_s2.hifi_reads.bc2029.bam	31.4	97.3	https://s3-us-west-2.amazonaws.com/human-pangenomics/working/HPRC/NA19909/raw_data/PacBio_HiFi/m84081_230728_194836_s2.hifi_reads.bc2029.bam	s3://human-pangenomics/working/HPRC/NA19909/raw_data/PacBio_HiFi/m84081_230728_194836_s2.hifi_reads.bc2029.bam	C1	NA19909_lib1_m84081_230728_194836_s2_m84081_230728_194836_s2	Revio
NA19909	m84081_230728_201942_s3.hifi_reads.bc2029.bam	32.1	99.5	https://s3-us-west-2.amazonaws.com/human-pangenomics/working/HPRC/NA19909/raw_data/PacBio_HiFi/m84081_230728_201942_s3.hifi_reads.bc2029.bam	s3://human-pangenomics/working/HPRC/NA19909/raw_data/PacBio_HiFi/m84081_230728_201942_s3.hifi_reads.bc2029.bam	C1	NA19909_lib1_m84081_230728_201942_s3_m84081_230728_201942_s3	Revio
NA19909	m84081_231207_200206_s1.hifi_reads.bc2008.bam	38.1	118.0	https://s3-us-west-2.amazonaws.com/human-pangenomics/working/HPRC/NA19909/raw_data/PacBio_HiFi/m84081_231207_200206_s1.hifi_reads.bc2008.bam	s3://human-pangenomics/working/HPRC/NA19909/raw_data/PacBio_HiFi/m84081_231207_200206_s1.hifi_reads.bc2008.bam	C1	NA19909_lib1_m84081_231207_200206_s1_m84081_231207_200206_s1	Revio
NA20282	m84081_230516_191559_s1.hifi_reads.bc2004.bam	35.8	110.9	https://s3-us-west-2.amazonaws.com/human-pangenomics/working/HPRC/NA20282/raw_data/PacBio_HiFi/m84081_230516_191559_s1.hifi_reads.bc2004.bam	s3://human-pangenomics/working/HPRC/NA20282/raw_data/PacBio_HiFi/m84081_230516_191559_s1.hifi_reads.bc2004.bam	C1	NA20282_lib1_m84081_230516_191559_s1_m84081_230516_191559_s1	Revio
NA20282	m84081_230519_180923_s3.hifi_reads.bc2004.bam	34.0	105.5	https://s3-us-west-2.amazonaws.com/human-pangenomics/working/HPRC/NA20282/raw_data/PacBio_HiFi/m84081_230519_180923_s3.hifi_reads.bc2004.bam	s3://human-pangenomics/working/HPRC/NA20282/raw_data/PacBio_HiFi/m84081_230519_180923_s3.hifi_reads.bc2004.bam	C1	NA20282_lib1_m84081_230519_180923_s3_m84081_230519_180923_s3	Revio
NA20346	m84081_230523_184006_s2.hifi_reads.bc2006.bam	28.2	87.5	https://s3-us-west-2.amazonaws.com/human-pangenomics/working/HPRC/NA20346/raw_data/PacBio_HiFi/m84081_230523_184006_s2.hifi_reads.bc2006.bam	s3://human-pangenomics/working/HPRC/NA20346/raw_data/PacBio_HiFi/m84081_230523_184006_s2.hifi_reads.bc2006.bam	C1	NA20346_lib1_m84081_230523_184006_s2_m84081_230523_184006_s2	Revio
NA20346	m84081_230525_180017_s4.hifi_reads.bc2006.bam	31.9	98.9	https://s3-us-west-2.amazonaws.com/human-pangenomics/working/HPRC/NA20346/raw_data/PacBio_HiFi/m84081_230525_180017_s4.hifi_reads.bc2006.bam	s3://human-pangenomics/working/HPRC/NA20346/raw_data/PacBio_HiFi/m84081_230525_180017_s4.hifi_reads.bc2006.bam	C1	NA20346_lib1_m84081_230525_180017_s4_m84081_230525_180017_s4	Revio
NA20752	m84046_230517_211630_s4.hifi_reads.bc2052.bam	21.3	66.1	https://s3-us-west-2.amazonaws.com/human-pangenomics/working/HPRC/NA20752/raw_data/PacBio_HiFi/m84046_230517_211630_s4.hifi_reads.bc2052.bam	s3://human-pangenomics/working/HPRC/NA20752/raw_data/PacBio_HiFi/m84046_230517_211630_s4.hifi_reads.bc2052.bam	C1	PG20752.HFSS_m84046_230517_211630_s4	Revio
NA20799	m84091_231208_204928_s2.hifi_reads.bc1018.bam	12.1	37.5	https://s3-us-west-2.amazonaws.com/human-pangenomics/working/HPRC/NA20799/raw_data/PacBio_HiFi/m84091_231208_204928_s2.hifi_reads.bc1018.bam	s3://human-pangenomics/working/HPRC/NA20799/raw_data/PacBio_HiFi/m84091_231208_204928_s2.hifi_reads.bc1018.bam	C1	NA20799_PB2_m84091_231208_204928_s2.hifi_reads.bc1018.bam	Revio
NA20799	m84091_231211_215746_s3.hifi_reads.bc1018.bam	9.1	28.3	https://s3-us-west-2.amazonaws.com/human-pangenomics/working/HPRC/NA20799/raw_data/PacBio_HiFi/m84091_231211_215746_s3.hifi_reads.bc1018.bam	s3://human-pangenomics/working/HPRC/NA20799/raw_data/PacBio_HiFi/m84091_231211_215746_s3.hifi_reads.bc1018.bam	C1	NA20799_PB2_m84091_231211_215746_s3.hifi_reads.bc1018.bam	Revio
NA20805	m84081_230728_191731_s1.hifi_reads.bc2027.bam	14.6	45.4	https://s3-us-west-2.amazonaws.com/human-pangenomics/working/HPRC/NA20805/raw_data/PacBio_HiFi/m84081_230728_191731_s1.hifi_reads.bc2027.bam	s3://human-pangenomics/working/HPRC/NA20805/raw_data/PacBio_HiFi/m84081_230728_191731_s1.hifi_reads.bc2027.bam	C1	NA20805_lib1	Revio
NA20809	m84081_230715_203436_s1.hifi_reads.bc2022.bam	28.1	87.1	https://s3-us-west-2.amazonaws.com/human-pangenomics/working/HPRC/NA20809/raw_data/PacBio_HiFi/m84081_230715_203436_s1.hifi_reads.bc2022.bam	s3://human-pangenomics/working/HPRC/NA20809/raw_data/PacBio_HiFi/m84081_230715_203436_s1.hifi_reads.bc2022.bam	C1	NA20809_lib1_m84081_230715_203436_s1_m84081_230715_203436_s1	Revio
NA20809	m84081_230715_210542_s2.hifi_reads.bc2022.bam	27.5	85.4	https://s3-us-west-2.amazonaws.com/human-pangenomics/working/HPRC/NA20809/raw_data/PacBio_HiFi/m84081_230715_210542_s2.hifi_reads.bc2022.bam	s3://human-pangenomics/working/HPRC/NA20809/raw_data/PacBio_HiFi/m84081_230715_210542_s2.hifi_reads.bc2022.bam	C1	NA20809_lib1_m84081_230715_210542_s2_m84081_230715_210542_s2	Revio
NA20809	m84081_230728_191731_s1.hifi_reads.bc2022.bam	3.5	11.0	https://s3-us-west-2.amazonaws.com/human-pangenomics/working/HPRC/NA20809/raw_data/PacBio_HiFi/m84081_230728_191731_s1.hifi_reads.bc2022.bam	s3://human-pangenomics/working/HPRC/NA20809/raw_data/PacBio_HiFi/m84081_230728_191731_s1.hifi_reads.bc2022.bam	C1	NA20809_lib1_m84081_230728_191731_s1_m84081_230728_191731_s1	Revio
NA20850	m84046_230721_175304_s3.hifi_reads.bc2092.bam	21.4	66.2	https://s3-us-west-2.amazonaws.com/human-pangenomics/working/HPRC/NA20850/raw_data/PacBio_HiFi/m84046_230721_175304_s3.hifi_reads.bc2092.bam	s3://human-pangenomics/working/HPRC/NA20850/raw_data/PacBio_HiFi/m84046_230721_175304_s3.hifi_reads.bc2092.bam	C1	PG20850.HFSS_m84046_230721_175304_s3	Revio
NA20850	m84046_230721_182333_s4.hifi_reads.bc2092.bam	20.4	63.3	https://s3-us-west-2.amazonaws.com/human-pangenomics/working/HPRC/NA20850/raw_data/PacBio_HiFi/m84046_230721_182333_s4.hifi_reads.bc2092.bam	s3://human-pangenomics/working/HPRC/NA20850/raw_data/PacBio_HiFi/m84046_230721_182333_s4.hifi_reads.bc2092.bam	C1	PG20850.HFSS_m84046_230721_182333_s4	Revio
NA20850	m84046_230721_185439_s1.hifi_reads.bc2092.bam	18.8	58.4	https://s3-us-west-2.amazonaws.com/human-pangenomics/working/HPRC/NA20850/raw_data/PacBio_HiFi/m84046_230721_185439_s1.hifi_reads.bc2092.bam	s3://human-pangenomics/working/HPRC/NA20850/raw_data/PacBio_HiFi/m84046_230721_185439_s1.hifi_reads.bc2092.bam	C1	PG20850.HFSS_m84046_230721_185439_s1	Revio
NA20870	m84091_230703_175432_s4.hifi_reads.bc1010.bam	35.7	110.6	https://s3-us-west-2.amazonaws.com/human-pangenomics/working/HPRC/NA20870/raw_data/PacBio_HiFi/m84091_230703_175432_s4.hifi_reads.bc1010.bam	s3://human-pangenomics/working/HPRC/NA20870/raw_data/PacBio_HiFi/m84091_230703_175432_s4.hifi_reads.bc1010.bam	C1	NA20870_PB1_m84091_230703_175432_s4	Revio
NA20870	m84091_230707_172800_s2.hifi_reads.bc1010.bam	34.6	107.2	https://s3-us-west-2.amazonaws.com/human-pangenomics/working/HPRC/NA20870/raw_data/PacBio_HiFi/m84091_230707_172800_s2.hifi_reads.bc1010.bam	s3://human-pangenomics/working/HPRC/NA20870/raw_data/PacBio_HiFi/m84091_230707_172800_s2.hifi_reads.bc1010.bam	C1	NA20870_PB1_m84091_230707_172800_s2	Revio
NA20905	m84046_230522_234602_s2.hifi_reads.bc2060.bam	7.1	21.9	https://s3-us-west-2.amazonaws.com/human-pangenomics/working/HPRC/NA20905/raw_data/PacBio_HiFi/m84046_230522_234602_s2.hifi_reads.bc2060.bam	s3://human-pangenomics/working/HPRC/NA20905/raw_data/PacBio_HiFi/m84046_230522_234602_s2.hifi_reads.bc2060.bam	C1	PG20905.HFSS_m84046_230522_234602_s2	Revio
NA20905	m84046_230623_210640_s1.hifi_reads.bc2060.bam	5.2	16.0	https://s3-us-west-2.amazonaws.com/human-pangenomics/working/HPRC/NA20905/raw_data/PacBio_HiFi/m84046_230623_210640_s1.hifi_reads.bc2060.bam	s3://human-pangenomics/working/HPRC/NA20905/raw_data/PacBio_HiFi/m84046_230623_210640_s1.hifi_reads.bc2060.bam	C1	PG20905.HFSS_m84046_230623_210640_s1	Revio
NA21093	m84046_230428_231421_s3.hifi_reads.bc2094.bam	19.4	60.3	https://s3-us-west-2.amazonaws.com/human-pangenomics/working/HPRC/NA21093/raw_data/PacBio_HiFi/m84046_230428_231421_s3.hifi_reads.bc2094.bam	s3://human-pangenomics/working/HPRC/NA21093/raw_data/PacBio_HiFi/m84046_230428_231421_s3.hifi_reads.bc2094.bam	C1	PG21093.HFSS_m84046_230428_231421_s3	Revio
NA21093	m84046_230504_195327_s1.hifi_reads.bc2094.bam	17.1	53.2	https://s3-us-west-2.amazonaws.com/human-pangenomics/working/HPRC/NA21093/raw_data/PacBio_HiFi/m84046_230504_195327_s1.hifi_reads.bc2094.bam	s3://human-pangenomics/working/HPRC/NA21093/raw_data/PacBio_HiFi/m84046_230504_195327_s1.hifi_reads.bc2094.bam	C1	PG21093.HFSS_m84046_230504_195327_s1	Revio
NA21093	m84046_230504_202347_s2.hifi_reads.bc2094.bam	17.5	54.1	https://s3-us-west-2.amazonaws.com/human-pangenomics/working/HPRC/NA21093/raw_data/PacBio_HiFi/m84046_230504_202347_s2.hifi_reads.bc2094.bam	s3://human-pangenomics/working/HPRC/NA21093/raw_data/PacBio_HiFi/m84046_230504_202347_s2.hifi_reads.bc2094.bam	C1	PG21093.HFSS_m84046_230504_202347_s2	Revio
NA21093	m84046_230508_193709_s3.hifi_reads.bc2094.bam	8.5	26.4	https://s3-us-west-2.amazonaws.com/human-pangenomics/working/HPRC/NA21093/raw_data/PacBio_HiFi/m84046_230508_193709_s3.hifi_reads.bc2094.bam	s3://human-pangenomics/working/HPRC/NA21093/raw_data/PacBio_HiFi/m84046_230508_193709_s3.hifi_reads.bc2094.bam	C1	PG21093.HFSS_m84046_230508_193709_s3	Revio
NA21102	m84081_230715_213648_s3.hifi_reads.bc2023.bam	28.6	88.6	https://s3-us-west-2.amazonaws.com/human-pangenomics/working/HPRC/NA21102/raw_data/PacBio_HiFi/m84081_230715_213648_s3.hifi_reads.bc2023.bam	s3://human-pangenomics/working/HPRC/NA21102/raw_data/PacBio_HiFi/m84081_230715_213648_s3.hifi_reads.bc2023.bam	C1	NA21102_lib1_m84081_230715_213648_s3_m84081_230715_213648_s3	Revio
NA21102	m84081_230715_220754_s4.hifi_reads.bc2023.bam	29.1	90.1	https://s3-us-west-2.amazonaws.com/human-pangenomics/working/HPRC/NA21102/raw_data/PacBio_HiFi/m84081_230715_220754_s4.hifi_reads.bc2023.bam	s3://human-pangenomics/working/HPRC/NA21102/raw_data/PacBio_HiFi/m84081_230715_220754_s4.hifi_reads.bc2023.bam	C1	NA21102_lib1_m84081_230715_220754_s4_m84081_230715_220754_s4	Revio
NA21102	m84081_230728_191731_s1.hifi_reads.bc2023.bam	4.6	14.4	https://s3-us-west-2.amazonaws.com/human-pangenomics/working/HPRC/NA21102/raw_data/PacBio_HiFi/m84081_230728_191731_s1.hifi_reads.bc2023.bam	s3://human-pangenomics/working/HPRC/NA21102/raw_data/PacBio_HiFi/m84081_230728_191731_s1.hifi_reads.bc2023.bam	C1	NA21102_lib1_m84081_230728_191731_s1_m84081_230728_191731_s1	Revio
NA21106	m84046_230501_151821_s4.hifi_reads.bc2089.bam	20.3	63.0	https://s3-us-west-2.amazonaws.com/human-pangenomics/working/HPRC/NA21106/raw_data/PacBio_HiFi/m84046_230501_151821_s4.hifi_reads.bc2089.bam	s3://human-pangenomics/working/HPRC/NA21106/raw_data/PacBio_HiFi/m84046_230501_151821_s4.hifi_reads.bc2089.bam	C1	PG21106.HFSS_m84046_230501_151821_s4	Revio
NA21106	m84046_230504_205453_s3.hifi_reads.bc2089.bam	19.1	59.2	https://s3-us-west-2.amazonaws.com/human-pangenomics/working/HPRC/NA21106/raw_data/PacBio_HiFi/m84046_230504_205453_s3.hifi_reads.bc2089.bam	s3://human-pangenomics/working/HPRC/NA21106/raw_data/PacBio_HiFi/m84046_230504_205453_s3.hifi_reads.bc2089.bam	C1	PG21106.HFSS_m84046_230504_205453_s3	Revio
NA21106	m84046_230504_212559_s4.hifi_reads.bc2089.bam	19.0	58.7	https://s3-us-west-2.amazonaws.com/human-pangenomics/working/HPRC/NA21106/raw_data/PacBio_HiFi/m84046_230504_212559_s4.hifi_reads.bc2089.bam	s3://human-pangenomics/working/HPRC/NA21106/raw_data/PacBio_HiFi/m84046_230504_212559_s4.hifi_reads.bc2089.bam	C1	PG21106.HFSS_m84046_230504_212559_s4	Revio
NA21106	m84046_230508_200815_s4.hifi_reads.bc2089.bam	4.6	14.3	https://s3-us-west-2.amazonaws.com/human-pangenomics/working/HPRC/NA21106/raw_data/PacBio_HiFi/m84046_230508_200815_s4.hifi_reads.bc2089.bam	s3://human-pangenomics/working/HPRC/NA21106/raw_data/PacBio_HiFi/m84046_230508_200815_s4.hifi_reads.bc2089.bam	C1	PG21106.HFSS_m84046_230508_200815_s4	Revio
NA21110	m84091_230710_165908_s1.hifi_reads.bc1011.bam	28.8	89.3	https://s3-us-west-2.amazonaws.com/human-pangenomics/working/HPRC/NA21110/raw_data/PacBio_HiFi/m84091_230710_165908_s1.hifi_reads.bc1011.bam	s3://human-pangenomics/working/HPRC/NA21110/raw_data/PacBio_HiFi/m84091_230710_165908_s1.hifi_reads.bc1011.bam	C1	NA21110_PB1_m84091_230710_165908_s1	Revio
NA21110	m84091_230714_133843_s2.hifi_reads.bc1011.bam	28.5	88.3	https://s3-us-west-2.amazonaws.com/human-pangenomics/working/HPRC/NA21110/raw_data/PacBio_HiFi/m84091_230714_133843_s2.hifi_reads.bc1011.bam	s3://human-pangenomics/working/HPRC/NA21110/raw_data/PacBio_HiFi/m84091_230714_133843_s2.hifi_reads.bc1011.bam	C1	NA21110_PB1_m84091_230714_133843_s2	Revio
NA21110	m84091_230719_165228_s3.hifi_reads.bc1011.bam	4.6	14.4	https://s3-us-west-2.amazonaws.com/human-pangenomics/working/HPRC/NA21110/raw_data/PacBio_HiFi/m84091_230719_165228_s3.hifi_reads.bc1011.bam	s3://human-pangenomics/working/HPRC/NA21110/raw_data/PacBio_HiFi/m84091_230719_165228_s3.hifi_reads.bc1011.bam	C1	NA21110_PB1_m84091_230719_165228_s3	Revio
NA21144	m84081_230629_184915_s1.hifi_reads.bc2018.bam	36.1	111.8	https://s3-us-west-2.amazonaws.com/human-pangenomics/working/HPRC/NA21144/raw_data/PacBio_HiFi/m84081_230629_184915_s1.hifi_reads.bc2018.bam	s3://human-pangenomics/working/HPRC/NA21144/raw_data/PacBio_HiFi/m84081_230629_184915_s1.hifi_reads.bc2018.bam	C1	NA21144_lib1_m84081_230629_184915_s1_m84081_230629_184915_s1	Revio
NA21144	m84081_230629_192021_s2.hifi_reads.bc2018.bam	41.3	128.2	https://s3-us-west-2.amazonaws.com/human-pangenomics/working/HPRC/NA21144/raw_data/PacBio_HiFi/m84081_230629_192021_s2.hifi_reads.bc2018.bam	s3://human-pangenomics/working/HPRC/NA21144/raw_data/PacBio_HiFi/m84081_230629_192021_s2.hifi_reads.bc2018.bam	C1	NA21144_lib1_m84081_230629_192021_s2_m84081_230629_192021_s2	Revio
