sample_id	filename	coverage	total_gbp	download_url	s3_path	n50	basecaller_model	seq_kit
HG00097	10_31_23_R1041_HPRC_HG00097_1_dorado0.6.0_sup4.3.0_5mCG_5hmCG.bam	21.08	69.6	https://s3-us-west-2.amazonaws.com/human-pangenomics/working/HPRC/HG00097/raw_data/nanopore/dorado0.6.0_sup4.3.0_5mCG_5hmCG/10_31_23_R1041_HPRC_HG00097_1_dorado0.6.0_sup4.3.0_5mCG_5hmCG.bam	s3://human-pangenomics/working/HPRC/HG00097/raw_data/nanopore/dorado0.6.0_sup4.3.0_5mCG_5hmCG/10_31_23_R1041_HPRC_HG00097_1_dorado0.6.0_sup4.3.0_5mCG_5hmCG.bam	92807	dna_r10.4.1_e8.2_400bps_sup@v4.3.0	SQK-ULK114
HG00097	10_31_23_R1041_HPRC_HG00097_2_dorado0.6.0_sup4.3.0_5mCG_5hmCG.bam	17.87	59.0	https://s3-us-west-2.amazonaws.com/human-pangenomics/working/HPRC/HG00097/raw_data/nanopore/dorado0.6.0_sup4.3.0_5mCG_5hmCG/10_31_23_R1041_HPRC_HG00097_2_dorado0.6.0_sup4.3.0_5mCG_5hmCG.bam	s3://human-pangenomics/working/HPRC/HG00097/raw_data/nanopore/dorado0.6.0_sup4.3.0_5mCG_5hmCG/10_31_23_R1041_HPRC_HG00097_2_dorado0.6.0_sup4.3.0_5mCG_5hmCG.bam	87484	dna_r10.4.1_e8.2_400bps_sup@v4.3.0	SQK-ULK114
HG00097	10_31_23_R1041_HPRC_HG00097_3_dorado0.6.0_sup4.3.0_5mCG_5hmCG.bam	18.14	59.9	https://s3-us-west-2.amazonaws.com/human-pangenomics/working/HPRC/HG00097/raw_data/nanopore/dorado0.6.0_sup4.3.0_5mCG_5hmCG/10_31_23_R1041_HPRC_HG00097_3_dorado0.6.0_sup4.3.0_5mCG_5hmCG.bam	s3://human-pangenomics/working/HPRC/HG00097/raw_data/nanopore/dorado0.6.0_sup4.3.0_5mCG_5hmCG/10_31_23_R1041_HPRC_HG00097_3_dorado0.6.0_sup4.3.0_5mCG_5hmCG.bam	86436	dna_r10.4.1_e8.2_400bps_sup@v4.3.0	SQK-ULK114
HG00126	08_29_23_R1041_HPRC_HG00126_1_dorado0.6.0_sup4.3.0_5mCG_5hmCG.bam	24.61	81.2	https://s3-us-west-2.amazonaws.com/human-pangenomics/working/HPRC/HG00126/raw_data/nanopore/dorado0.6.0_sup4.3.0_5mCG_5hmCG/08_29_23_R1041_HPRC_HG00126_1_dorado0.6.0_sup4.3.0_5mCG_5hmCG.bam	s3://human-pangenomics/working/HPRC/HG00126/raw_data/nanopore/dorado0.6.0_sup4.3.0_5mCG_5hmCG/08_29_23_R1041_HPRC_HG00126_1_dorado0.6.0_sup4.3.0_5mCG_5hmCG.bam	106499	dna_r10.4.1_e8.2_400bps_sup@v4.3.0	SQK-ULK114
HG00126	08_29_23_R1041_HPRC_HG00126_2_dorado0.6.0_sup4.3.0_5mCG_5hmCG.bam	22.72	75.0	https://s3-us-west-2.amazonaws.com/human-pangenomics/working/HPRC/HG00126/raw_data/nanopore/dorado0.6.0_sup4.3.0_5mCG_5hmCG/08_29_23_R1041_HPRC_HG00126_2_dorado0.6.0_sup4.3.0_5mCG_5hmCG.bam	s3://human-pangenomics/working/HPRC/HG00126/raw_data/nanopore/dorado0.6.0_sup4.3.0_5mCG_5hmCG/08_29_23_R1041_HPRC_HG00126_2_dorado0.6.0_sup4.3.0_5mCG_5hmCG.bam	108239	dna_r10.4.1_e8.2_400bps_sup@v4.3.0	SQK-ULK114
HG00126	08_29_23_R1041_HPRC_HG00126_3_dorado0.6.0_sup4.3.0_5mCG_5hmCG.bam	23.61	77.9	https://s3-us-west-2.amazonaws.com/human-pangenomics/working/HPRC/HG00126/raw_data/nanopore/dorado0.6.0_sup4.3.0_5mCG_5hmCG/08_29_23_R1041_HPRC_HG00126_3_dorado0.6.0_sup4.3.0_5mCG_5hmCG.bam	s3://human-pangenomics/working/HPRC/HG00126/raw_data/nanopore/dorado0.6.0_sup4.3.0_5mCG_5hmCG/08_29_23_R1041_HPRC_HG00126_3_dorado0.6.0_sup4.3.0_5mCG_5hmCG.bam	107052	dna_r10.4.1_e8.2_400bps_sup@v4.3.0	SQK-ULK114
HG00128	11_7_23_R1041_HPRC_HG00128_1_dorado0.6.0_sup4.3.0_5mCG_5hmCG.bam	18.15	59.9	https://s3-us-west-2.amazonaws.com/human-pangenomics/working/HPRC/HG00128/raw_data/nanopore/dorado0.6.0_sup4.3.0_5mCG_5hmCG/11_7_23_R1041_HPRC_HG00128_1_dorado0.6.0_sup4.3.0_5mCG_5hmCG.bam	s3://human-pangenomics/working/HPRC/HG00128/raw_data/nanopore/dorado0.6.0_sup4.3.0_5mCG_5hmCG/11_7_23_R1041_HPRC_HG00128_1_dorado0.6.0_sup4.3.0_5mCG_5hmCG.bam	94669	dna_r10.4.1_e8.2_400bps_sup@v4.3.0	SQK-ULK114
HG00128	11_7_23_R1041_HPRC_HG00128_2_dorado0.6.0_sup4.3.0_5mCG_5hmCG.bam	19.34	63.8	https://s3-us-west-2.amazonaws.com/human-pangenomics/working/HPRC/HG00128/raw_data/nanopore/dorado0.6.0_sup4.3.0_5mCG_5hmCG/11_7_23_R1041_HPRC_HG00128_2_dorado0.6.0_sup4.3.0_5mCG_5hmCG.bam	s3://human-pangenomics/working/HPRC/HG00128/raw_data/nanopore/dorado0.6.0_sup4.3.0_5mCG_5hmCG/11_7_23_R1041_HPRC_HG00128_2_dorado0.6.0_sup4.3.0_5mCG_5hmCG.bam	93647	dna_r10.4.1_e8.2_400bps_sup@v4.3.0	SQK-ULK114
HG00128	11_7_23_R1041_HPRC_HG00128_3_dorado0.6.0_sup4.3.0_5mCG_5hmCG.bam	22.03	72.7	https://s3-us-west-2.amazonaws.com/human-pangenomics/working/HPRC/HG00128/raw_data/nanopore/dorado0.6.0_sup4.3.0_5mCG_5hmCG/11_7_23_R1041_HPRC_HG00128_3_dorado0.6.0_sup4.3.0_5mCG_5hmCG.bam	s3://human-pangenomics/working/HPRC/HG00128/raw_data/nanopore/dorado0.6.0_sup4.3.0_5mCG_5hmCG/11_7_23_R1041_HPRC_HG00128_3_dorado0.6.0_sup4.3.0_5mCG_5hmCG.bam	89307	dna_r10.4.1_e8.2_400bps_sup@v4.3.0	SQK-ULK114
HG00133	08_29_23_R1041_HPRC_HG00133_1_dorado0.6.0_sup4.3.0_5mCG_5hmCG.bam	22.09	72.9	https://s3-us-west-2.amazonaws.com/human-pangenomics/working/HPRC/HG00133/raw_data/nanopore/dorado0.6.0_sup4.3.0_5mCG_5hmCG/08_29_23_R1041_HPRC_HG00133_1_dorado0.6.0_sup4.3.0_5mCG_5hmCG.bam	s3://human-pangenomics/working/HPRC/HG00133/raw_data/nanopore/dorado0.6.0_sup4.3.0_5mCG_5hmCG/08_29_23_R1041_HPRC_HG00133_1_dorado0.6.0_sup4.3.0_5mCG_5hmCG.bam	102081	dna_r10.4.1_e8.2_400bps_sup@v4.3.0	SQK-ULK114
HG00133	08_29_23_R1041_HPRC_HG00133_2_dorado0.6.0_sup4.3.0_5mCG_5hmCG.bam	21.87	72.2	https://s3-us-west-2.amazonaws.com/human-pangenomics/working/HPRC/HG00133/raw_data/nanopore/dorado0.6.0_sup4.3.0_5mCG_5hmCG/08_29_23_R1041_HPRC_HG00133_2_dorado0.6.0_sup4.3.0_5mCG_5hmCG.bam	s3://human-pangenomics/working/HPRC/HG00133/raw_data/nanopore/dorado0.6.0_sup4.3.0_5mCG_5hmCG/08_29_23_R1041_HPRC_HG00133_2_dorado0.6.0_sup4.3.0_5mCG_5hmCG.bam	105993	dna_r10.4.1_e8.2_400bps_sup@v4.3.0	SQK-ULK114
HG00133	08_29_23_R1041_HPRC_HG00133_3_dorado0.6.0_sup4.3.0_5mCG_5hmCG.bam	22.0	72.6	https://s3-us-west-2.amazonaws.com/human-pangenomics/working/HPRC/HG00133/raw_data/nanopore/dorado0.6.0_sup4.3.0_5mCG_5hmCG/08_29_23_R1041_HPRC_HG00133_3_dorado0.6.0_sup4.3.0_5mCG_5hmCG.bam	s3://human-pangenomics/working/HPRC/HG00133/raw_data/nanopore/dorado0.6.0_sup4.3.0_5mCG_5hmCG/08_29_23_R1041_HPRC_HG00133_3_dorado0.6.0_sup4.3.0_5mCG_5hmCG.bam	108810	dna_r10.4.1_e8.2_400bps_sup@v4.3.0	SQK-ULK114
HG00146	01_23_24_R1041_HPRC_HG00146_1_dorado0.6.0_sup4.3.0_5mCG_5hmCG.bam	15.05	49.7	https://s3-us-west-2.amazonaws.com/human-pangenomics/working/HPRC/HG00146/raw_data/nanopore/dorado0.6.0_sup4.3.0_5mCG_5hmCG/01_23_24_R1041_HPRC_HG00146_1_dorado0.6.0_sup4.3.0_5mCG_5hmCG.bam	s3://human-pangenomics/working/HPRC/HG00146/raw_data/nanopore/dorado0.6.0_sup4.3.0_5mCG_5hmCG/01_23_24_R1041_HPRC_HG00146_1_dorado0.6.0_sup4.3.0_5mCG_5hmCG.bam	123670	dna_r10.4.1_e8.2_400bps_sup@v4.3.0	SQK-ULK114
HG00146	01_23_24_R1041_HPRC_HG00146_2_dorado0.6.0_sup4.3.0_5mCG_5hmCG.bam	11.42	37.7	https://s3-us-west-2.amazonaws.com/human-pangenomics/working/HPRC/HG00146/raw_data/nanopore/dorado0.6.0_sup4.3.0_5mCG_5hmCG/01_23_24_R1041_HPRC_HG00146_2_dorado0.6.0_sup4.3.0_5mCG_5hmCG.bam	s3://human-pangenomics/working/HPRC/HG00146/raw_data/nanopore/dorado0.6.0_sup4.3.0_5mCG_5hmCG/01_23_24_R1041_HPRC_HG00146_2_dorado0.6.0_sup4.3.0_5mCG_5hmCG.bam	118833	dna_r10.4.1_e8.2_400bps_sup@v4.3.0	SQK-ULK114
HG00146	01_23_24_R1041_HPRC_HG00146_3_dorado0.6.0_sup4.3.0_5mCG_5hmCG.bam	10.58	34.9	https://s3-us-west-2.amazonaws.com/human-pangenomics/working/HPRC/HG00146/raw_data/nanopore/dorado0.6.0_sup4.3.0_5mCG_5hmCG/01_23_24_R1041_HPRC_HG00146_3_dorado0.6.0_sup4.3.0_5mCG_5hmCG.bam	s3://human-pangenomics/working/HPRC/HG00146/raw_data/nanopore/dorado0.6.0_sup4.3.0_5mCG_5hmCG/01_23_24_R1041_HPRC_HG00146_3_dorado0.6.0_sup4.3.0_5mCG_5hmCG.bam	118003	dna_r10.4.1_e8.2_400bps_sup@v4.3.0	SQK-ULK114
HG00146	11_14_23_R1041_HPRC_HG00146_1_dorado0.6.0_sup4.3.0_5mCG_5hmCG.bam	13.63	45.0	https://s3-us-west-2.amazonaws.com/human-pangenomics/working/HPRC/HG00146/raw_data/nanopore/dorado0.6.0_sup4.3.0_5mCG_5hmCG/11_14_23_R1041_HPRC_HG00146_1_dorado0.6.0_sup4.3.0_5mCG_5hmCG.bam	s3://human-pangenomics/working/HPRC/HG00146/raw_data/nanopore/dorado0.6.0_sup4.3.0_5mCG_5hmCG/11_14_23_R1041_HPRC_HG00146_1_dorado0.6.0_sup4.3.0_5mCG_5hmCG.bam	82974	dna_r10.4.1_e8.2_400bps_sup@v4.3.0	SQK-ULK114
HG00146	11_14_23_R1041_HPRC_HG00146_2_dorado0.6.0_sup4.3.0_5mCG_5hmCG.bam	13.39	44.2	https://s3-us-west-2.amazonaws.com/human-pangenomics/working/HPRC/HG00146/raw_data/nanopore/dorado0.6.0_sup4.3.0_5mCG_5hmCG/11_14_23_R1041_HPRC_HG00146_2_dorado0.6.0_sup4.3.0_5mCG_5hmCG.bam	s3://human-pangenomics/working/HPRC/HG00146/raw_data/nanopore/dorado0.6.0_sup4.3.0_5mCG_5hmCG/11_14_23_R1041_HPRC_HG00146_2_dorado0.6.0_sup4.3.0_5mCG_5hmCG.bam	89361	dna_r10.4.1_e8.2_400bps_sup@v4.3.0	SQK-ULK114
HG00146	11_14_23_R1041_HPRC_HG00146_3_dorado0.6.0_sup4.3.0_5mCG_5hmCG.bam	11.92	39.4	https://s3-us-west-2.amazonaws.com/human-pangenomics/working/HPRC/HG00146/raw_data/nanopore/dorado0.6.0_sup4.3.0_5mCG_5hmCG/11_14_23_R1041_HPRC_HG00146_3_dorado0.6.0_sup4.3.0_5mCG_5hmCG.bam	s3://human-pangenomics/working/HPRC/HG00146/raw_data/nanopore/dorado0.6.0_sup4.3.0_5mCG_5hmCG/11_14_23_R1041_HPRC_HG00146_3_dorado0.6.0_sup4.3.0_5mCG_5hmCG.bam	82847	dna_r10.4.1_e8.2_400bps_sup@v4.3.0	SQK-ULK114
HG00232	01_23_24_R1041_HPRC_HG00232_1_dorado0.6.0_sup4.3.0_5mCG_5hmCG.bam	14.17	46.8	https://s3-us-west-2.amazonaws.com/human-pangenomics/working/HPRC/HG00232/raw_data/nanopore/dorado0.6.0_sup4.3.0_5mCG_5hmCG/01_23_24_R1041_HPRC_HG00232_1_dorado0.6.0_sup4.3.0_5mCG_5hmCG.bam	s3://human-pangenomics/working/HPRC/HG00232/raw_data/nanopore/dorado0.6.0_sup4.3.0_5mCG_5hmCG/01_23_24_R1041_HPRC_HG00232_1_dorado0.6.0_sup4.3.0_5mCG_5hmCG.bam	8954	dna_r10.4.1_e8.2_400bps_sup@v4.3.0	SQK-ULK114
HG00232	01_23_24_R1041_HPRC_HG00232_2_dorado0.6.0_sup4.3.0_5mCG_5hmCG.bam	19.87	65.6	https://s3-us-west-2.amazonaws.com/human-pangenomics/working/HPRC/HG00232/raw_data/nanopore/dorado0.6.0_sup4.3.0_5mCG_5hmCG/01_23_24_R1041_HPRC_HG00232_2_dorado0.6.0_sup4.3.0_5mCG_5hmCG.bam	s3://human-pangenomics/working/HPRC/HG00232/raw_data/nanopore/dorado0.6.0_sup4.3.0_5mCG_5hmCG/01_23_24_R1041_HPRC_HG00232_2_dorado0.6.0_sup4.3.0_5mCG_5hmCG.bam	49461	dna_r10.4.1_e8.2_400bps_sup@v4.3.0	SQK-ULK114
HG00232	01_23_24_R1041_HPRC_HG00232_3_dorado0.6.0_sup4.3.0_5mCG_5hmCG.bam	4.31	14.2	https://s3-us-west-2.amazonaws.com/human-pangenomics/working/HPRC/HG00232/raw_data/nanopore/dorado0.6.0_sup4.3.0_5mCG_5hmCG/01_23_24_R1041_HPRC_HG00232_3_dorado0.6.0_sup4.3.0_5mCG_5hmCG.bam	s3://human-pangenomics/working/HPRC/HG00232/raw_data/nanopore/dorado0.6.0_sup4.3.0_5mCG_5hmCG/01_23_24_R1041_HPRC_HG00232_3_dorado0.6.0_sup4.3.0_5mCG_5hmCG.bam	83581	dna_r10.4.1_e8.2_400bps_sup@v4.3.0	SQK-ULK114
HG00232	01_23_24_R1041_HPRC_HG00232_4_dorado0.6.0_sup4.3.0_5mCG_5hmCG.bam	4.11	13.6	https://s3-us-west-2.amazonaws.com/human-pangenomics/working/HPRC/HG00232/raw_data/nanopore/dorado0.6.0_sup4.3.0_5mCG_5hmCG/01_23_24_R1041_HPRC_HG00232_4_dorado0.6.0_sup4.3.0_5mCG_5hmCG.bam	s3://human-pangenomics/working/HPRC/HG00232/raw_data/nanopore/dorado0.6.0_sup4.3.0_5mCG_5hmCG/01_23_24_R1041_HPRC_HG00232_4_dorado0.6.0_sup4.3.0_5mCG_5hmCG.bam	93635	dna_r10.4.1_e8.2_400bps_sup@v4.3.0	SQK-ULK114
HG00232	11_14_23_R1041_HPRC_HG00232_1_dorado0.6.0_sup4.3.0_5mCG_5hmCG.bam	16.29	53.8	https://s3-us-west-2.amazonaws.com/human-pangenomics/working/HPRC/HG00232/raw_data/nanopore/dorado0.6.0_sup4.3.0_5mCG_5hmCG/11_14_23_R1041_HPRC_HG00232_1_dorado0.6.0_sup4.3.0_5mCG_5hmCG.bam	s3://human-pangenomics/working/HPRC/HG00232/raw_data/nanopore/dorado0.6.0_sup4.3.0_5mCG_5hmCG/11_14_23_R1041_HPRC_HG00232_1_dorado0.6.0_sup4.3.0_5mCG_5hmCG.bam	65000	dna_r10.4.1_e8.2_400bps_sup@v4.3.0	SQK-ULK114
HG00232	11_14_23_R1041_HPRC_HG00232_2_dorado0.6.0_sup4.3.0_5mCG_5hmCG.bam	19.26	63.5	https://s3-us-west-2.amazonaws.com/human-pangenomics/working/HPRC/HG00232/raw_data/nanopore/dorado0.6.0_sup4.3.0_5mCG_5hmCG/11_14_23_R1041_HPRC_HG00232_2_dorado0.6.0_sup4.3.0_5mCG_5hmCG.bam	s3://human-pangenomics/working/HPRC/HG00232/raw_data/nanopore/dorado0.6.0_sup4.3.0_5mCG_5hmCG/11_14_23_R1041_HPRC_HG00232_2_dorado0.6.0_sup4.3.0_5mCG_5hmCG.bam	65468	dna_r10.4.1_e8.2_400bps_sup@v4.3.0	SQK-ULK114
HG00232	11_14_23_R1041_HPRC_HG00232_3_dorado0.6.0_sup4.3.0_5mCG_5hmCG.bam	1.6	5.3	https://s3-us-west-2.amazonaws.com/human-pangenomics/working/HPRC/HG00232/raw_data/nanopore/dorado0.6.0_sup4.3.0_5mCG_5hmCG/11_14_23_R1041_HPRC_HG00232_3_dorado0.6.0_sup4.3.0_5mCG_5hmCG.bam	s3://human-pangenomics/working/HPRC/HG00232/raw_data/nanopore/dorado0.6.0_sup4.3.0_5mCG_5hmCG/11_14_23_R1041_HPRC_HG00232_3_dorado0.6.0_sup4.3.0_5mCG_5hmCG.bam	68492	dna_r10.4.1_e8.2_400bps_sup@v4.3.0	SQK-ULK114
HG00232	11_14_23_R1041_HPRC_HG00232_4_dorado0.6.0_sup4.3.0_5mCG_5hmCG.bam	12.39	40.9	https://s3-us-west-2.amazonaws.com/human-pangenomics/working/HPRC/HG00232/raw_data/nanopore/dorado0.6.0_sup4.3.0_5mCG_5hmCG/11_14_23_R1041_HPRC_HG00232_4_dorado0.6.0_sup4.3.0_5mCG_5hmCG.bam	s3://human-pangenomics/working/HPRC/HG00232/raw_data/nanopore/dorado0.6.0_sup4.3.0_5mCG_5hmCG/11_14_23_R1041_HPRC_HG00232_4_dorado0.6.0_sup4.3.0_5mCG_5hmCG.bam	63321	dna_r10.4.1_e8.2_400bps_sup@v4.3.0	SQK-ULK114
HG00235	01_16_24_R1041_HPRC_HG00235_1_dorado0.6.0_sup4.3.0_5mCG_5hmCG.bam	23.41	77.3	https://s3-us-west-2.amazonaws.com/human-pangenomics/working/HPRC/HG00235/raw_data/nanopore/dorado0.6.0_sup4.3.0_5mCG_5hmCG/01_16_24_R1041_HPRC_HG00235_1_dorado0.6.0_sup4.3.0_5mCG_5hmCG.bam	s3://human-pangenomics/working/HPRC/HG00235/raw_data/nanopore/dorado0.6.0_sup4.3.0_5mCG_5hmCG/01_16_24_R1041_HPRC_HG00235_1_dorado0.6.0_sup4.3.0_5mCG_5hmCG.bam	82094	dna_r10.4.1_e8.2_400bps_sup@v4.3.0	SQK-ULK114
HG00235	01_16_24_R1041_HPRC_HG00235_2_dorado0.6.0_sup4.3.0_5mCG_5hmCG.bam	23.78	78.5	https://s3-us-west-2.amazonaws.com/human-pangenomics/working/HPRC/HG00235/raw_data/nanopore/dorado0.6.0_sup4.3.0_5mCG_5hmCG/01_16_24_R1041_HPRC_HG00235_2_dorado0.6.0_sup4.3.0_5mCG_5hmCG.bam	s3://human-pangenomics/working/HPRC/HG00235/raw_data/nanopore/dorado0.6.0_sup4.3.0_5mCG_5hmCG/01_16_24_R1041_HPRC_HG00235_2_dorado0.6.0_sup4.3.0_5mCG_5hmCG.bam	81349	dna_r10.4.1_e8.2_400bps_sup@v4.3.0	SQK-ULK114
HG00235	01_16_24_R1041_HPRC_HG00235_3_dorado0.6.0_sup4.3.0_5mCG_5hmCG.bam	13.87	45.8	https://s3-us-west-2.amazonaws.com/human-pangenomics/working/HPRC/HG00235/raw_data/nanopore/dorado0.6.0_sup4.3.0_5mCG_5hmCG/01_16_24_R1041_HPRC_HG00235_3_dorado0.6.0_sup4.3.0_5mCG_5hmCG.bam	s3://human-pangenomics/working/HPRC/HG00235/raw_data/nanopore/dorado0.6.0_sup4.3.0_5mCG_5hmCG/01_16_24_R1041_HPRC_HG00235_3_dorado0.6.0_sup4.3.0_5mCG_5hmCG.bam	85339	dna_r10.4.1_e8.2_400bps_sup@v4.3.0	SQK-ULK114
HG00235	01_16_24_R1041_HPRC_HG00235_4_dorado0.6.0_sup4.3.0_5mCG_5hmCG.bam	15.67	51.7	https://s3-us-west-2.amazonaws.com/human-pangenomics/working/HPRC/HG00235/raw_data/nanopore/dorado0.6.0_sup4.3.0_5mCG_5hmCG/01_16_24_R1041_HPRC_HG00235_4_dorado0.6.0_sup4.3.0_5mCG_5hmCG.bam	s3://human-pangenomics/working/HPRC/HG00235/raw_data/nanopore/dorado0.6.0_sup4.3.0_5mCG_5hmCG/01_16_24_R1041_HPRC_HG00235_4_dorado0.6.0_sup4.3.0_5mCG_5hmCG.bam	72262	dna_r10.4.1_e8.2_400bps_sup@v4.3.0	SQK-ULK114
HG00235	10_10_23_R1041_HPRC_HG00235_1_dorado0.6.0_sup4.3.0_5mCG_5hmCG.bam	5.26	17.4	https://s3-us-west-2.amazonaws.com/human-pangenomics/working/HPRC/HG00235/raw_data/nanopore/dorado0.6.0_sup4.3.0_5mCG_5hmCG/10_10_23_R1041_HPRC_HG00235_1_dorado0.6.0_sup4.3.0_5mCG_5hmCG.bam	s3://human-pangenomics/working/HPRC/HG00235/raw_data/nanopore/dorado0.6.0_sup4.3.0_5mCG_5hmCG/10_10_23_R1041_HPRC_HG00235_1_dorado0.6.0_sup4.3.0_5mCG_5hmCG.bam	93203	dna_r10.4.1_e8.2_400bps_sup@v4.3.0	SQK-ULK114
HG00235	10_10_23_R1041_HPRC_HG00235_2_dorado0.6.0_sup4.3.0_5mCG_5hmCG.bam	4.32	14.3	https://s3-us-west-2.amazonaws.com/human-pangenomics/working/HPRC/HG00235/raw_data/nanopore/dorado0.6.0_sup4.3.0_5mCG_5hmCG/10_10_23_R1041_HPRC_HG00235_2_dorado0.6.0_sup4.3.0_5mCG_5hmCG.bam	s3://human-pangenomics/working/HPRC/HG00235/raw_data/nanopore/dorado0.6.0_sup4.3.0_5mCG_5hmCG/10_10_23_R1041_HPRC_HG00235_2_dorado0.6.0_sup4.3.0_5mCG_5hmCG.bam	93132	dna_r10.4.1_e8.2_400bps_sup@v4.3.0	SQK-ULK114
HG00235	10_10_23_R1041_HPRC_HG00235_3_dorado0.6.0_sup4.3.0_5mCG_5hmCG.bam	4.73	15.6	https://s3-us-west-2.amazonaws.com/human-pangenomics/working/HPRC/HG00235/raw_data/nanopore/dorado0.6.0_sup4.3.0_5mCG_5hmCG/10_10_23_R1041_HPRC_HG00235_3_dorado0.6.0_sup4.3.0_5mCG_5hmCG.bam	s3://human-pangenomics/working/HPRC/HG00235/raw_data/nanopore/dorado0.6.0_sup4.3.0_5mCG_5hmCG/10_10_23_R1041_HPRC_HG00235_3_dorado0.6.0_sup4.3.0_5mCG_5hmCG.bam	92297	dna_r10.4.1_e8.2_400bps_sup@v4.3.0	SQK-ULK114
HG00253	01_16_24_R1041_HPRC_HG00253_1_dorado0.6.0_sup4.3.0_5mCG_5hmCG.bam	22.02	72.7	https://s3-us-west-2.amazonaws.com/human-pangenomics/working/HPRC/HG00253/raw_data/nanopore/dorado0.6.0_sup4.3.0_5mCG_5hmCG/01_16_24_R1041_HPRC_HG00253_1_dorado0.6.0_sup4.3.0_5mCG_5hmCG.bam	s3://human-pangenomics/working/HPRC/HG00253/raw_data/nanopore/dorado0.6.0_sup4.3.0_5mCG_5hmCG/01_16_24_R1041_HPRC_HG00253_1_dorado0.6.0_sup4.3.0_5mCG_5hmCG.bam	80750	dna_r10.4.1_e8.2_400bps_sup@v4.3.0	SQK-ULK114
HG00253	01_16_24_R1041_HPRC_HG00253_2_dorado0.6.0_sup4.3.0_5mCG_5hmCG.bam	23.65	78.0	https://s3-us-west-2.amazonaws.com/human-pangenomics/working/HPRC/HG00253/raw_data/nanopore/dorado0.6.0_sup4.3.0_5mCG_5hmCG/01_16_24_R1041_HPRC_HG00253_2_dorado0.6.0_sup4.3.0_5mCG_5hmCG.bam	s3://human-pangenomics/working/HPRC/HG00253/raw_data/nanopore/dorado0.6.0_sup4.3.0_5mCG_5hmCG/01_16_24_R1041_HPRC_HG00253_2_dorado0.6.0_sup4.3.0_5mCG_5hmCG.bam	82055	dna_r10.4.1_e8.2_400bps_sup@v4.3.0	SQK-ULK114
HG00253	01_16_24_R1041_HPRC_HG00253_3_dorado0.6.0_sup4.3.0_5mCG_5hmCG.bam	24.8	81.8	https://s3-us-west-2.amazonaws.com/human-pangenomics/working/HPRC/HG00253/raw_data/nanopore/dorado0.6.0_sup4.3.0_5mCG_5hmCG/01_16_24_R1041_HPRC_HG00253_3_dorado0.6.0_sup4.3.0_5mCG_5hmCG.bam	s3://human-pangenomics/working/HPRC/HG00253/raw_data/nanopore/dorado0.6.0_sup4.3.0_5mCG_5hmCG/01_16_24_R1041_HPRC_HG00253_3_dorado0.6.0_sup4.3.0_5mCG_5hmCG.bam	83690	dna_r10.4.1_e8.2_400bps_sup@v4.3.0	SQK-ULK114
HG00253	10_31_23_R1041_HPRC_HG00253_1_dorado0.6.0_sup4.3.0_5mCG_5hmCG.bam	3.88	12.8	https://s3-us-west-2.amazonaws.com/human-pangenomics/working/HPRC/HG00253/raw_data/nanopore/dorado0.6.0_sup4.3.0_5mCG_5hmCG/10_31_23_R1041_HPRC_HG00253_1_dorado0.6.0_sup4.3.0_5mCG_5hmCG.bam	s3://human-pangenomics/working/HPRC/HG00253/raw_data/nanopore/dorado0.6.0_sup4.3.0_5mCG_5hmCG/10_31_23_R1041_HPRC_HG00253_1_dorado0.6.0_sup4.3.0_5mCG_5hmCG.bam	104363	dna_r10.4.1_e8.2_400bps_sup@v4.3.0	SQK-ULK114
HG00253	10_31_23_R1041_HPRC_HG00253_2_dorado0.6.0_sup4.3.0_5mCG_5hmCG.bam	1.67	5.5	https://s3-us-west-2.amazonaws.com/human-pangenomics/working/HPRC/HG00253/raw_data/nanopore/dorado0.6.0_sup4.3.0_5mCG_5hmCG/10_31_23_R1041_HPRC_HG00253_2_dorado0.6.0_sup4.3.0_5mCG_5hmCG.bam	s3://human-pangenomics/working/HPRC/HG00253/raw_data/nanopore/dorado0.6.0_sup4.3.0_5mCG_5hmCG/10_31_23_R1041_HPRC_HG00253_2_dorado0.6.0_sup4.3.0_5mCG_5hmCG.bam	92612	dna_r10.4.1_e8.2_400bps_sup@v4.3.0	SQK-ULK114
HG00253	10_31_23_R1041_HPRC_HG00253_3_dorado0.6.0_sup4.3.0_5mCG_5hmCG.bam	3.38	11.2	https://s3-us-west-2.amazonaws.com/human-pangenomics/working/HPRC/HG00253/raw_data/nanopore/dorado0.6.0_sup4.3.0_5mCG_5hmCG/10_31_23_R1041_HPRC_HG00253_3_dorado0.6.0_sup4.3.0_5mCG_5hmCG.bam	s3://human-pangenomics/working/HPRC/HG00253/raw_data/nanopore/dorado0.6.0_sup4.3.0_5mCG_5hmCG/10_31_23_R1041_HPRC_HG00253_3_dorado0.6.0_sup4.3.0_5mCG_5hmCG.bam	100249	dna_r10.4.1_e8.2_400bps_sup@v4.3.0	SQK-ULK114
HG00272	08_08_23_R1041_HPRC_HG00272_1_dorado0.6.0_sup4.3.0_5mCG_5hmCG.bam	23.68	78.2	https://s3-us-west-2.amazonaws.com/human-pangenomics/working/HPRC/HG00272/raw_data/nanopore/dorado0.6.0_sup4.3.0_5mCG_5hmCG/08_08_23_R1041_HPRC_HG00272_1_dorado0.6.0_sup4.3.0_5mCG_5hmCG.bam	s3://human-pangenomics/working/HPRC/HG00272/raw_data/nanopore/dorado0.6.0_sup4.3.0_5mCG_5hmCG/08_08_23_R1041_HPRC_HG00272_1_dorado0.6.0_sup4.3.0_5mCG_5hmCG.bam	76976	dna_r10.4.1_e8.2_400bps_sup@v4.3.0	SQK-ULK114
HG00272	08_08_23_R1041_HPRC_HG00272_2_dorado0.6.0_sup4.3.0_5mCG_5hmCG.bam	19.93	65.8	https://s3-us-west-2.amazonaws.com/human-pangenomics/working/HPRC/HG00272/raw_data/nanopore/dorado0.6.0_sup4.3.0_5mCG_5hmCG/08_08_23_R1041_HPRC_HG00272_2_dorado0.6.0_sup4.3.0_5mCG_5hmCG.bam	s3://human-pangenomics/working/HPRC/HG00272/raw_data/nanopore/dorado0.6.0_sup4.3.0_5mCG_5hmCG/08_08_23_R1041_HPRC_HG00272_2_dorado0.6.0_sup4.3.0_5mCG_5hmCG.bam	81750	dna_r10.4.1_e8.2_400bps_sup@v4.3.0	SQK-ULK114
HG00272	08_08_23_R1041_HPRC_HG00272_3_dorado0.6.0_sup4.3.0_5mCG_5hmCG.bam	18.7	61.7	https://s3-us-west-2.amazonaws.com/human-pangenomics/working/HPRC/HG00272/raw_data/nanopore/dorado0.6.0_sup4.3.0_5mCG_5hmCG/08_08_23_R1041_HPRC_HG00272_3_dorado0.6.0_sup4.3.0_5mCG_5hmCG.bam	s3://human-pangenomics/working/HPRC/HG00272/raw_data/nanopore/dorado0.6.0_sup4.3.0_5mCG_5hmCG/08_08_23_R1041_HPRC_HG00272_3_dorado0.6.0_sup4.3.0_5mCG_5hmCG.bam	79037	dna_r10.4.1_e8.2_400bps_sup@v4.3.0	SQK-ULK114
HG00290	01_23_24_R1041_HPRC_HG00290_1_dorado0.6.0_sup4.3.0_5mCG_5hmCG.bam	26.02	85.9	https://s3-us-west-2.amazonaws.com/human-pangenomics/working/HPRC/HG00290/raw_data/nanopore/dorado0.6.0_sup4.3.0_5mCG_5hmCG/01_23_24_R1041_HPRC_HG00290_1_dorado0.6.0_sup4.3.0_5mCG_5hmCG.bam	s3://human-pangenomics/working/HPRC/HG00290/raw_data/nanopore/dorado0.6.0_sup4.3.0_5mCG_5hmCG/01_23_24_R1041_HPRC_HG00290_1_dorado0.6.0_sup4.3.0_5mCG_5hmCG.bam	79821	dna_r10.4.1_e8.2_400bps_sup@v4.3.0	SQK-ULK114
HG00290	01_23_24_R1041_HPRC_HG00290_2_dorado0.6.0_sup4.3.0_5mCG_5hmCG.bam	22.37	73.8	https://s3-us-west-2.amazonaws.com/human-pangenomics/working/HPRC/HG00290/raw_data/nanopore/dorado0.6.0_sup4.3.0_5mCG_5hmCG/01_23_24_R1041_HPRC_HG00290_2_dorado0.6.0_sup4.3.0_5mCG_5hmCG.bam	s3://human-pangenomics/working/HPRC/HG00290/raw_data/nanopore/dorado0.6.0_sup4.3.0_5mCG_5hmCG/01_23_24_R1041_HPRC_HG00290_2_dorado0.6.0_sup4.3.0_5mCG_5hmCG.bam	78490	dna_r10.4.1_e8.2_400bps_sup@v4.3.0	SQK-ULK114
HG00290	11_7_23_R1041_HPRC_HG00290_1_dorado0.6.0_sup4.3.0_5mCG_5hmCG.bam	14.16	46.7	https://s3-us-west-2.amazonaws.com/human-pangenomics/working/HPRC/HG00290/raw_data/nanopore/dorado0.6.0_sup4.3.0_5mCG_5hmCG/11_7_23_R1041_HPRC_HG00290_1_dorado0.6.0_sup4.3.0_5mCG_5hmCG.bam	s3://human-pangenomics/working/HPRC/HG00290/raw_data/nanopore/dorado0.6.0_sup4.3.0_5mCG_5hmCG/11_7_23_R1041_HPRC_HG00290_1_dorado0.6.0_sup4.3.0_5mCG_5hmCG.bam	76644	dna_r10.4.1_e8.2_400bps_sup@v4.3.0	SQK-ULK114
HG00290	11_7_23_R1041_HPRC_HG00290_2_dorado0.6.0_sup4.3.0_5mCG_5hmCG.bam	15.95	52.6	https://s3-us-west-2.amazonaws.com/human-pangenomics/working/HPRC/HG00290/raw_data/nanopore/dorado0.6.0_sup4.3.0_5mCG_5hmCG/11_7_23_R1041_HPRC_HG00290_2_dorado0.6.0_sup4.3.0_5mCG_5hmCG.bam	s3://human-pangenomics/working/HPRC/HG00290/raw_data/nanopore/dorado0.6.0_sup4.3.0_5mCG_5hmCG/11_7_23_R1041_HPRC_HG00290_2_dorado0.6.0_sup4.3.0_5mCG_5hmCG.bam	77222	dna_r10.4.1_e8.2_400bps_sup@v4.3.0	SQK-ULK114
HG00290	11_7_23_R1041_HPRC_HG00290_3_dorado0.6.0_sup4.3.0_5mCG_5hmCG.bam	15.76	52.0	https://s3-us-west-2.amazonaws.com/human-pangenomics/working/HPRC/HG00290/raw_data/nanopore/dorado0.6.0_sup4.3.0_5mCG_5hmCG/11_7_23_R1041_HPRC_HG00290_3_dorado0.6.0_sup4.3.0_5mCG_5hmCG.bam	s3://human-pangenomics/working/HPRC/HG00290/raw_data/nanopore/dorado0.6.0_sup4.3.0_5mCG_5hmCG/11_7_23_R1041_HPRC_HG00290_3_dorado0.6.0_sup4.3.0_5mCG_5hmCG.bam	75479	dna_r10.4.1_e8.2_400bps_sup@v4.3.0	SQK-ULK114
HG00320	12_12_23_R1041_HPRC_HG00320_1_dorado0.6.0_sup4.3.0_5mCG_5hmCG.bam	25.12	82.9	https://s3-us-west-2.amazonaws.com/human-pangenomics/working/HPRC/HG00320/raw_data/nanopore/dorado0.6.0_sup4.3.0_5mCG_5hmCG/12_12_23_R1041_HPRC_HG00320_1_dorado0.6.0_sup4.3.0_5mCG_5hmCG.bam	s3://human-pangenomics/working/HPRC/HG00320/raw_data/nanopore/dorado0.6.0_sup4.3.0_5mCG_5hmCG/12_12_23_R1041_HPRC_HG00320_1_dorado0.6.0_sup4.3.0_5mCG_5hmCG.bam	85278	dna_r10.4.1_e8.2_400bps_sup@v4.3.0	SQK-ULK114
HG00320	12_12_23_R1041_HPRC_HG00320_2_dorado0.6.0_sup4.3.0_5mCG_5hmCG.bam	26.7	88.1	https://s3-us-west-2.amazonaws.com/human-pangenomics/working/HPRC/HG00320/raw_data/nanopore/dorado0.6.0_sup4.3.0_5mCG_5hmCG/12_12_23_R1041_HPRC_HG00320_2_dorado0.6.0_sup4.3.0_5mCG_5hmCG.bam	s3://human-pangenomics/working/HPRC/HG00320/raw_data/nanopore/dorado0.6.0_sup4.3.0_5mCG_5hmCG/12_12_23_R1041_HPRC_HG00320_2_dorado0.6.0_sup4.3.0_5mCG_5hmCG.bam	84788	dna_r10.4.1_e8.2_400bps_sup@v4.3.0	SQK-ULK114
HG00320	12_12_23_R1041_HPRC_HG00320_3_dorado0.6.0_sup4.3.0_5mCG_5hmCG.bam	25.62	84.5	https://s3-us-west-2.amazonaws.com/human-pangenomics/working/HPRC/HG00320/raw_data/nanopore/dorado0.6.0_sup4.3.0_5mCG_5hmCG/12_12_23_R1041_HPRC_HG00320_3_dorado0.6.0_sup4.3.0_5mCG_5hmCG.bam	s3://human-pangenomics/working/HPRC/HG00320/raw_data/nanopore/dorado0.6.0_sup4.3.0_5mCG_5hmCG/12_12_23_R1041_HPRC_HG00320_3_dorado0.6.0_sup4.3.0_5mCG_5hmCG.bam	82160	dna_r10.4.1_e8.2_400bps_sup@v4.3.0	SQK-ULK114
HG00321	01_16_24_R1041_HPRC_HG00321_1_dorado0.6.0_sup4.3.0_5mCG_5hmCG.bam	23.82	78.6	https://s3-us-west-2.amazonaws.com/human-pangenomics/working/HPRC/HG00321/raw_data/nanopore/dorado0.6.0_sup4.3.0_5mCG_5hmCG/01_16_24_R1041_HPRC_HG00321_1_dorado0.6.0_sup4.3.0_5mCG_5hmCG.bam	s3://human-pangenomics/working/HPRC/HG00321/raw_data/nanopore/dorado0.6.0_sup4.3.0_5mCG_5hmCG/01_16_24_R1041_HPRC_HG00321_1_dorado0.6.0_sup4.3.0_5mCG_5hmCG.bam	73764	dna_r10.4.1_e8.2_400bps_sup@v4.3.0	SQK-ULK114
HG00321	01_16_24_R1041_HPRC_HG00321_2_dorado0.6.0_sup4.3.0_5mCG_5hmCG.bam	25.81	85.2	https://s3-us-west-2.amazonaws.com/human-pangenomics/working/HPRC/HG00321/raw_data/nanopore/dorado0.6.0_sup4.3.0_5mCG_5hmCG/01_16_24_R1041_HPRC_HG00321_2_dorado0.6.0_sup4.3.0_5mCG_5hmCG.bam	s3://human-pangenomics/working/HPRC/HG00321/raw_data/nanopore/dorado0.6.0_sup4.3.0_5mCG_5hmCG/01_16_24_R1041_HPRC_HG00321_2_dorado0.6.0_sup4.3.0_5mCG_5hmCG.bam	74225	dna_r10.4.1_e8.2_400bps_sup@v4.3.0	SQK-ULK114
HG00321	01_16_24_R1041_HPRC_HG00321_3_dorado0.6.0_sup4.3.0_5mCG_5hmCG.bam	24.83	81.9	https://s3-us-west-2.amazonaws.com/human-pangenomics/working/HPRC/HG00321/raw_data/nanopore/dorado0.6.0_sup4.3.0_5mCG_5hmCG/01_16_24_R1041_HPRC_HG00321_3_dorado0.6.0_sup4.3.0_5mCG_5hmCG.bam	s3://human-pangenomics/working/HPRC/HG00321/raw_data/nanopore/dorado0.6.0_sup4.3.0_5mCG_5hmCG/01_16_24_R1041_HPRC_HG00321_3_dorado0.6.0_sup4.3.0_5mCG_5hmCG.bam	72480	dna_r10.4.1_e8.2_400bps_sup@v4.3.0	SQK-ULK114
HG00321	11_7_23_R1041_HPRC_HG00321_1_dorado0.6.0_sup4.3.0_5mCG_5hmCG.bam	1.0	3.3	https://s3-us-west-2.amazonaws.com/human-pangenomics/working/HPRC/HG00321/raw_data/nanopore/dorado0.6.0_sup4.3.0_5mCG_5hmCG/11_7_23_R1041_HPRC_HG00321_1_dorado0.6.0_sup4.3.0_5mCG_5hmCG.bam	s3://human-pangenomics/working/HPRC/HG00321/raw_data/nanopore/dorado0.6.0_sup4.3.0_5mCG_5hmCG/11_7_23_R1041_HPRC_HG00321_1_dorado0.6.0_sup4.3.0_5mCG_5hmCG.bam	81726	dna_r10.4.1_e8.2_400bps_sup@v4.3.0	SQK-ULK114
HG00321	11_7_23_R1041_HPRC_HG00321_2_dorado0.6.0_sup4.3.0_5mCG_5hmCG.bam	0.52	1.7	https://s3-us-west-2.amazonaws.com/human-pangenomics/working/HPRC/HG00321/raw_data/nanopore/dorado0.6.0_sup4.3.0_5mCG_5hmCG/11_7_23_R1041_HPRC_HG00321_2_dorado0.6.0_sup4.3.0_5mCG_5hmCG.bam	s3://human-pangenomics/working/HPRC/HG00321/raw_data/nanopore/dorado0.6.0_sup4.3.0_5mCG_5hmCG/11_7_23_R1041_HPRC_HG00321_2_dorado0.6.0_sup4.3.0_5mCG_5hmCG.bam	75741	dna_r10.4.1_e8.2_400bps_sup@v4.3.0	SQK-ULK114
HG00321	11_7_23_R1041_HPRC_HG00321_3_dorado0.6.0_sup4.3.0_5mCG_5hmCG.bam	0.9	3.0	https://s3-us-west-2.amazonaws.com/human-pangenomics/working/HPRC/HG00321/raw_data/nanopore/dorado0.6.0_sup4.3.0_5mCG_5hmCG/11_7_23_R1041_HPRC_HG00321_3_dorado0.6.0_sup4.3.0_5mCG_5hmCG.bam	s3://human-pangenomics/working/HPRC/HG00321/raw_data/nanopore/dorado0.6.0_sup4.3.0_5mCG_5hmCG/11_7_23_R1041_HPRC_HG00321_3_dorado0.6.0_sup4.3.0_5mCG_5hmCG.bam	79498	dna_r10.4.1_e8.2_400bps_sup@v4.3.0	SQK-ULK114
HG00329	10_24_23_R1041_HPRC_HG00329_1_dorado0.6.0_sup4.3.0_5mCG_5hmCG.bam	25.05	82.7	https://s3-us-west-2.amazonaws.com/human-pangenomics/working/HPRC/HG00329/raw_data/nanopore/dorado0.6.0_sup4.3.0_5mCG_5hmCG/10_24_23_R1041_HPRC_HG00329_1_dorado0.6.0_sup4.3.0_5mCG_5hmCG.bam	s3://human-pangenomics/working/HPRC/HG00329/raw_data/nanopore/dorado0.6.0_sup4.3.0_5mCG_5hmCG/10_24_23_R1041_HPRC_HG00329_1_dorado0.6.0_sup4.3.0_5mCG_5hmCG.bam	64768	dna_r10.4.1_e8.2_400bps_sup@v4.3.0	SQK-ULK114
HG00329	10_24_23_R1041_HPRC_HG00329_2_dorado0.6.0_sup4.3.0_5mCG_5hmCG.bam	30.68	101.2	https://s3-us-west-2.amazonaws.com/human-pangenomics/working/HPRC/HG00329/raw_data/nanopore/dorado0.6.0_sup4.3.0_5mCG_5hmCG/10_24_23_R1041_HPRC_HG00329_2_dorado0.6.0_sup4.3.0_5mCG_5hmCG.bam	s3://human-pangenomics/working/HPRC/HG00329/raw_data/nanopore/dorado0.6.0_sup4.3.0_5mCG_5hmCG/10_24_23_R1041_HPRC_HG00329_2_dorado0.6.0_sup4.3.0_5mCG_5hmCG.bam	63150	dna_r10.4.1_e8.2_400bps_sup@v4.3.0	SQK-ULK114
HG00329	10_24_23_R1041_HPRC_HG00329_3_dorado0.6.0_sup4.3.0_5mCG_5hmCG.bam	34.92	115.2	https://s3-us-west-2.amazonaws.com/human-pangenomics/working/HPRC/HG00329/raw_data/nanopore/dorado0.6.0_sup4.3.0_5mCG_5hmCG/10_24_23_R1041_HPRC_HG00329_3_dorado0.6.0_sup4.3.0_5mCG_5hmCG.bam	s3://human-pangenomics/working/HPRC/HG00329/raw_data/nanopore/dorado0.6.0_sup4.3.0_5mCG_5hmCG/10_24_23_R1041_HPRC_HG00329_3_dorado0.6.0_sup4.3.0_5mCG_5hmCG.bam	63553	dna_r10.4.1_e8.2_400bps_sup@v4.3.0	SQK-ULK114
HG00344	10_31_23_R1041_HPRC_HG00344_1_dorado0.6.0_sup4.3.0_5mCG_5hmCG.bam	19.17	63.3	https://s3-us-west-2.amazonaws.com/human-pangenomics/working/HPRC/HG00344/raw_data/nanopore/dorado0.6.0_sup4.3.0_5mCG_5hmCG/10_31_23_R1041_HPRC_HG00344_1_dorado0.6.0_sup4.3.0_5mCG_5hmCG.bam	s3://human-pangenomics/working/HPRC/HG00344/raw_data/nanopore/dorado0.6.0_sup4.3.0_5mCG_5hmCG/10_31_23_R1041_HPRC_HG00344_1_dorado0.6.0_sup4.3.0_5mCG_5hmCG.bam	101482	dna_r10.4.1_e8.2_400bps_sup@v4.3.0	SQK-ULK114
HG00344	10_31_23_R1041_HPRC_HG00344_2_dorado0.6.0_sup4.3.0_5mCG_5hmCG.bam	16.06	53.0	https://s3-us-west-2.amazonaws.com/human-pangenomics/working/HPRC/HG00344/raw_data/nanopore/dorado0.6.0_sup4.3.0_5mCG_5hmCG/10_31_23_R1041_HPRC_HG00344_2_dorado0.6.0_sup4.3.0_5mCG_5hmCG.bam	s3://human-pangenomics/working/HPRC/HG00344/raw_data/nanopore/dorado0.6.0_sup4.3.0_5mCG_5hmCG/10_31_23_R1041_HPRC_HG00344_2_dorado0.6.0_sup4.3.0_5mCG_5hmCG.bam	93732	dna_r10.4.1_e8.2_400bps_sup@v4.3.0	SQK-ULK114
HG00344	10_31_23_R1041_HPRC_HG00344_3_dorado0.6.0_sup4.3.0_5mCG_5hmCG.bam	15.54	51.3	https://s3-us-west-2.amazonaws.com/human-pangenomics/working/HPRC/HG00344/raw_data/nanopore/dorado0.6.0_sup4.3.0_5mCG_5hmCG/10_31_23_R1041_HPRC_HG00344_3_dorado0.6.0_sup4.3.0_5mCG_5hmCG.bam	s3://human-pangenomics/working/HPRC/HG00344/raw_data/nanopore/dorado0.6.0_sup4.3.0_5mCG_5hmCG/10_31_23_R1041_HPRC_HG00344_3_dorado0.6.0_sup4.3.0_5mCG_5hmCG.bam	95072	dna_r10.4.1_e8.2_400bps_sup@v4.3.0	SQK-ULK114
HG00350	10_24_23_R1041_HPRC_HG00350_1_dorado0.6.0_sup4.3.0_5mCG_5hmCG.bam	23.46	77.4	https://s3-us-west-2.amazonaws.com/human-pangenomics/working/HPRC/HG00350/raw_data/nanopore/dorado0.6.0_sup4.3.0_5mCG_5hmCG/10_24_23_R1041_HPRC_HG00350_1_dorado0.6.0_sup4.3.0_5mCG_5hmCG.bam	s3://human-pangenomics/working/HPRC/HG00350/raw_data/nanopore/dorado0.6.0_sup4.3.0_5mCG_5hmCG/10_24_23_R1041_HPRC_HG00350_1_dorado0.6.0_sup4.3.0_5mCG_5hmCG.bam	73311	dna_r10.4.1_e8.2_400bps_sup@v4.3.0	SQK-ULK114
HG00350	10_24_23_R1041_HPRC_HG00350_2_dorado0.6.0_sup4.3.0_5mCG_5hmCG.bam	26.78	88.4	https://s3-us-west-2.amazonaws.com/human-pangenomics/working/HPRC/HG00350/raw_data/nanopore/dorado0.6.0_sup4.3.0_5mCG_5hmCG/10_24_23_R1041_HPRC_HG00350_2_dorado0.6.0_sup4.3.0_5mCG_5hmCG.bam	s3://human-pangenomics/working/HPRC/HG00350/raw_data/nanopore/dorado0.6.0_sup4.3.0_5mCG_5hmCG/10_24_23_R1041_HPRC_HG00350_2_dorado0.6.0_sup4.3.0_5mCG_5hmCG.bam	78400	dna_r10.4.1_e8.2_400bps_sup@v4.3.0	SQK-ULK114
HG00350	10_24_23_R1041_HPRC_HG00350_3_dorado0.6.0_sup4.3.0_5mCG_5hmCG.bam	29.91	98.7	https://s3-us-west-2.amazonaws.com/human-pangenomics/working/HPRC/HG00350/raw_data/nanopore/dorado0.6.0_sup4.3.0_5mCG_5hmCG/10_24_23_R1041_HPRC_HG00350_3_dorado0.6.0_sup4.3.0_5mCG_5hmCG.bam	s3://human-pangenomics/working/HPRC/HG00350/raw_data/nanopore/dorado0.6.0_sup4.3.0_5mCG_5hmCG/10_24_23_R1041_HPRC_HG00350_3_dorado0.6.0_sup4.3.0_5mCG_5hmCG.bam	73281	dna_r10.4.1_e8.2_400bps_sup@v4.3.0	SQK-ULK114
HG01167	08_29_23_R1041_HPRC_HG01167_1_dorado0.6.0_sup4.3.0_5mCG_5hmCG.bam	23.13	76.3	https://s3-us-west-2.amazonaws.com/human-pangenomics/working/HPRC/HG01167/raw_data/nanopore/dorado0.6.0_sup4.3.0_5mCG_5hmCG/08_29_23_R1041_HPRC_HG01167_1_dorado0.6.0_sup4.3.0_5mCG_5hmCG.bam	s3://human-pangenomics/working/HPRC/HG01167/raw_data/nanopore/dorado0.6.0_sup4.3.0_5mCG_5hmCG/08_29_23_R1041_HPRC_HG01167_1_dorado0.6.0_sup4.3.0_5mCG_5hmCG.bam	98671	dna_r10.4.1_e8.2_400bps_sup@v4.3.0	SQK-ULK114
HG01167	08_29_23_R1041_HPRC_HG01167_2_dorado0.6.0_sup4.3.0_5mCG_5hmCG.bam	20.12	66.4	https://s3-us-west-2.amazonaws.com/human-pangenomics/working/HPRC/HG01167/raw_data/nanopore/dorado0.6.0_sup4.3.0_5mCG_5hmCG/08_29_23_R1041_HPRC_HG01167_2_dorado0.6.0_sup4.3.0_5mCG_5hmCG.bam	s3://human-pangenomics/working/HPRC/HG01167/raw_data/nanopore/dorado0.6.0_sup4.3.0_5mCG_5hmCG/08_29_23_R1041_HPRC_HG01167_2_dorado0.6.0_sup4.3.0_5mCG_5hmCG.bam	101335	dna_r10.4.1_e8.2_400bps_sup@v4.3.0	SQK-ULK114
HG01167	08_29_23_R1041_HPRC_HG01167_3_dorado0.6.0_sup4.3.0_5mCG_5hmCG.bam	23.42	77.3	https://s3-us-west-2.amazonaws.com/human-pangenomics/working/HPRC/HG01167/raw_data/nanopore/dorado0.6.0_sup4.3.0_5mCG_5hmCG/08_29_23_R1041_HPRC_HG01167_3_dorado0.6.0_sup4.3.0_5mCG_5hmCG.bam	s3://human-pangenomics/working/HPRC/HG01167/raw_data/nanopore/dorado0.6.0_sup4.3.0_5mCG_5hmCG/08_29_23_R1041_HPRC_HG01167_3_dorado0.6.0_sup4.3.0_5mCG_5hmCG.bam	100030	dna_r10.4.1_e8.2_400bps_sup@v4.3.0	SQK-ULK114
HG01786	11_28_23_R1041_HPRC_HG01786_1_dorado0.6.0_sup4.3.0_5mCG_5hmCG.bam	27.66	91.3	https://s3-us-west-2.amazonaws.com/human-pangenomics/working/HPRC/HG01786/raw_data/nanopore/dorado0.6.0_sup4.3.0_5mCG_5hmCG/11_28_23_R1041_HPRC_HG01786_1_dorado0.6.0_sup4.3.0_5mCG_5hmCG.bam	s3://human-pangenomics/working/HPRC/HG01786/raw_data/nanopore/dorado0.6.0_sup4.3.0_5mCG_5hmCG/11_28_23_R1041_HPRC_HG01786_1_dorado0.6.0_sup4.3.0_5mCG_5hmCG.bam	63397	dna_r10.4.1_e8.2_400bps_sup@v4.3.0	SQK-ULK114
HG01786	11_28_23_R1041_HPRC_HG01786_2_dorado0.6.0_sup4.3.0_5mCG_5hmCG.bam	32.56	107.5	https://s3-us-west-2.amazonaws.com/human-pangenomics/working/HPRC/HG01786/raw_data/nanopore/dorado0.6.0_sup4.3.0_5mCG_5hmCG/11_28_23_R1041_HPRC_HG01786_2_dorado0.6.0_sup4.3.0_5mCG_5hmCG.bam	s3://human-pangenomics/working/HPRC/HG01786/raw_data/nanopore/dorado0.6.0_sup4.3.0_5mCG_5hmCG/11_28_23_R1041_HPRC_HG01786_2_dorado0.6.0_sup4.3.0_5mCG_5hmCG.bam	69151	dna_r10.4.1_e8.2_400bps_sup@v4.3.0	SQK-ULK114
HG01786	11_28_23_R1041_HPRC_HG01786_3_dorado0.6.0_sup4.3.0_5mCG_5hmCG.bam	19.7	65.0	https://s3-us-west-2.amazonaws.com/human-pangenomics/working/HPRC/HG01786/raw_data/nanopore/dorado0.6.0_sup4.3.0_5mCG_5hmCG/11_28_23_R1041_HPRC_HG01786_3_dorado0.6.0_sup4.3.0_5mCG_5hmCG.bam	s3://human-pangenomics/working/HPRC/HG01786/raw_data/nanopore/dorado0.6.0_sup4.3.0_5mCG_5hmCG/11_28_23_R1041_HPRC_HG01786_3_dorado0.6.0_sup4.3.0_5mCG_5hmCG.bam	71560	dna_r10.4.1_e8.2_400bps_sup@v4.3.0	SQK-ULK114
HG02178	12_12_23_R1041_HPRC_HG02178_1_dorado0.6.0_sup4.3.0_5mCG_5hmCG.bam	20.26	66.8	https://s3-us-west-2.amazonaws.com/human-pangenomics/working/HPRC/HG02178/raw_data/nanopore/dorado0.6.0_sup4.3.0_5mCG_5hmCG/12_12_23_R1041_HPRC_HG02178_1_dorado0.6.0_sup4.3.0_5mCG_5hmCG.bam	s3://human-pangenomics/working/HPRC/HG02178/raw_data/nanopore/dorado0.6.0_sup4.3.0_5mCG_5hmCG/12_12_23_R1041_HPRC_HG02178_1_dorado0.6.0_sup4.3.0_5mCG_5hmCG.bam	75083	dna_r10.4.1_e8.2_400bps_sup@v4.3.0	SQK-ULK114
HG02178	12_12_23_R1041_HPRC_HG02178_2_dorado0.6.0_sup4.3.0_5mCG_5hmCG.bam	18.16	59.9	https://s3-us-west-2.amazonaws.com/human-pangenomics/working/HPRC/HG02178/raw_data/nanopore/dorado0.6.0_sup4.3.0_5mCG_5hmCG/12_12_23_R1041_HPRC_HG02178_2_dorado0.6.0_sup4.3.0_5mCG_5hmCG.bam	s3://human-pangenomics/working/HPRC/HG02178/raw_data/nanopore/dorado0.6.0_sup4.3.0_5mCG_5hmCG/12_12_23_R1041_HPRC_HG02178_2_dorado0.6.0_sup4.3.0_5mCG_5hmCG.bam	81625	dna_r10.4.1_e8.2_400bps_sup@v4.3.0	SQK-ULK114
HG02178	12_12_23_R1041_HPRC_HG02178_3_dorado0.6.0_sup4.3.0_5mCG_5hmCG.bam	21.02	69.4	https://s3-us-west-2.amazonaws.com/human-pangenomics/working/HPRC/HG02178/raw_data/nanopore/dorado0.6.0_sup4.3.0_5mCG_5hmCG/12_12_23_R1041_HPRC_HG02178_3_dorado0.6.0_sup4.3.0_5mCG_5hmCG.bam	s3://human-pangenomics/working/HPRC/HG02178/raw_data/nanopore/dorado0.6.0_sup4.3.0_5mCG_5hmCG/12_12_23_R1041_HPRC_HG02178_3_dorado0.6.0_sup4.3.0_5mCG_5hmCG.bam	81197	dna_r10.4.1_e8.2_400bps_sup@v4.3.0	SQK-ULK114
HG02392	10_31_23_R1041_HPRC_HG02392_1_dorado0.6.0_sup4.3.0_5mCG_5hmCG.bam	29.7	98.0	https://s3-us-west-2.amazonaws.com/human-pangenomics/working/HPRC/HG02392/raw_data/nanopore/dorado0.6.0_sup4.3.0_5mCG_5hmCG/10_31_23_R1041_HPRC_HG02392_1_dorado0.6.0_sup4.3.0_5mCG_5hmCG.bam	s3://human-pangenomics/working/HPRC/HG02392/raw_data/nanopore/dorado0.6.0_sup4.3.0_5mCG_5hmCG/10_31_23_R1041_HPRC_HG02392_1_dorado0.6.0_sup4.3.0_5mCG_5hmCG.bam	92705	dna_r10.4.1_e8.2_400bps_sup@v4.3.0	SQK-ULK114
HG02392	10_31_23_R1041_HPRC_HG02392_2_dorado0.6.0_sup4.3.0_5mCG_5hmCG.bam	24.26	80.0	https://s3-us-west-2.amazonaws.com/human-pangenomics/working/HPRC/HG02392/raw_data/nanopore/dorado0.6.0_sup4.3.0_5mCG_5hmCG/10_31_23_R1041_HPRC_HG02392_2_dorado0.6.0_sup4.3.0_5mCG_5hmCG.bam	s3://human-pangenomics/working/HPRC/HG02392/raw_data/nanopore/dorado0.6.0_sup4.3.0_5mCG_5hmCG/10_31_23_R1041_HPRC_HG02392_2_dorado0.6.0_sup4.3.0_5mCG_5hmCG.bam	97668	dna_r10.4.1_e8.2_400bps_sup@v4.3.0	SQK-ULK114
HG02392	10_31_23_R1041_HPRC_HG02392_3_dorado0.6.0_sup4.3.0_5mCG_5hmCG.bam	22.84	75.4	https://s3-us-west-2.amazonaws.com/human-pangenomics/working/HPRC/HG02392/raw_data/nanopore/dorado0.6.0_sup4.3.0_5mCG_5hmCG/10_31_23_R1041_HPRC_HG02392_3_dorado0.6.0_sup4.3.0_5mCG_5hmCG.bam	s3://human-pangenomics/working/HPRC/HG02392/raw_data/nanopore/dorado0.6.0_sup4.3.0_5mCG_5hmCG/10_31_23_R1041_HPRC_HG02392_3_dorado0.6.0_sup4.3.0_5mCG_5hmCG.bam	96348	dna_r10.4.1_e8.2_400bps_sup@v4.3.0	SQK-ULK114
HG02583	01_16_24_R1041_HPRC_HG02583_1_dorado0.6.0_sup4.3.0_5mCG_5hmCG.bam	26.39	87.1	https://s3-us-west-2.amazonaws.com/human-pangenomics/working/HPRC/HG02583/raw_data/nanopore/dorado0.6.0_sup4.3.0_5mCG_5hmCG/01_16_24_R1041_HPRC_HG02583_1_dorado0.6.0_sup4.3.0_5mCG_5hmCG.bam	s3://human-pangenomics/working/HPRC/HG02583/raw_data/nanopore/dorado0.6.0_sup4.3.0_5mCG_5hmCG/01_16_24_R1041_HPRC_HG02583_1_dorado0.6.0_sup4.3.0_5mCG_5hmCG.bam	79499	dna_r10.4.1_e8.2_400bps_sup@v4.3.0	SQK-ULK114
HG02583	01_16_24_R1041_HPRC_HG02583_2_dorado0.6.0_sup4.3.0_5mCG_5hmCG.bam	25.26	83.3	https://s3-us-west-2.amazonaws.com/human-pangenomics/working/HPRC/HG02583/raw_data/nanopore/dorado0.6.0_sup4.3.0_5mCG_5hmCG/01_16_24_R1041_HPRC_HG02583_2_dorado0.6.0_sup4.3.0_5mCG_5hmCG.bam	s3://human-pangenomics/working/HPRC/HG02583/raw_data/nanopore/dorado0.6.0_sup4.3.0_5mCG_5hmCG/01_16_24_R1041_HPRC_HG02583_2_dorado0.6.0_sup4.3.0_5mCG_5hmCG.bam	79953	dna_r10.4.1_e8.2_400bps_sup@v4.3.0	SQK-ULK114
HG02583	01_16_24_R1041_HPRC_HG02583_3_dorado0.6.0_sup4.3.0_5mCG_5hmCG.bam	26.61	87.8	https://s3-us-west-2.amazonaws.com/human-pangenomics/working/HPRC/HG02583/raw_data/nanopore/dorado0.6.0_sup4.3.0_5mCG_5hmCG/01_16_24_R1041_HPRC_HG02583_3_dorado0.6.0_sup4.3.0_5mCG_5hmCG.bam	s3://human-pangenomics/working/HPRC/HG02583/raw_data/nanopore/dorado0.6.0_sup4.3.0_5mCG_5hmCG/01_16_24_R1041_HPRC_HG02583_3_dorado0.6.0_sup4.3.0_5mCG_5hmCG.bam	74051	dna_r10.4.1_e8.2_400bps_sup@v4.3.0	SQK-ULK114
HG02583	11_7_23_R1041_HPRC_HG02583_1_dorado0.6.0_sup4.3.0_5mCG_5hmCG.bam	0.33	1.1	https://s3-us-west-2.amazonaws.com/human-pangenomics/working/HPRC/HG02583/raw_data/nanopore/dorado0.6.0_sup4.3.0_5mCG_5hmCG/11_7_23_R1041_HPRC_HG02583_1_dorado0.6.0_sup4.3.0_5mCG_5hmCG.bam	s3://human-pangenomics/working/HPRC/HG02583/raw_data/nanopore/dorado0.6.0_sup4.3.0_5mCG_5hmCG/11_7_23_R1041_HPRC_HG02583_1_dorado0.6.0_sup4.3.0_5mCG_5hmCG.bam	65780	dna_r10.4.1_e8.2_400bps_sup@v4.3.0	SQK-ULK114
HG02583	11_7_23_R1041_HPRC_HG02583_2_dorado0.6.0_sup4.3.0_5mCG_5hmCG.bam	0.3	1.0	https://s3-us-west-2.amazonaws.com/human-pangenomics/working/HPRC/HG02583/raw_data/nanopore/dorado0.6.0_sup4.3.0_5mCG_5hmCG/11_7_23_R1041_HPRC_HG02583_2_dorado0.6.0_sup4.3.0_5mCG_5hmCG.bam	s3://human-pangenomics/working/HPRC/HG02583/raw_data/nanopore/dorado0.6.0_sup4.3.0_5mCG_5hmCG/11_7_23_R1041_HPRC_HG02583_2_dorado0.6.0_sup4.3.0_5mCG_5hmCG.bam	65245	dna_r10.4.1_e8.2_400bps_sup@v4.3.0	SQK-ULK114
HG02583	11_7_23_R1041_HPRC_HG02583_3_dorado0.6.0_sup4.3.0_5mCG_5hmCG.bam	0.55	1.8	https://s3-us-west-2.amazonaws.com/human-pangenomics/working/HPRC/HG02583/raw_data/nanopore/dorado0.6.0_sup4.3.0_5mCG_5hmCG/11_7_23_R1041_HPRC_HG02583_3_dorado0.6.0_sup4.3.0_5mCG_5hmCG.bam	s3://human-pangenomics/working/HPRC/HG02583/raw_data/nanopore/dorado0.6.0_sup4.3.0_5mCG_5hmCG/11_7_23_R1041_HPRC_HG02583_3_dorado0.6.0_sup4.3.0_5mCG_5hmCG.bam	73514	dna_r10.4.1_e8.2_400bps_sup@v4.3.0	SQK-ULK114
HG02818	02_22_23_R1041_HG02818_1_dorado0.7.2_sup4.1.0_5mCG_5hmCG.bam	18.16	59.9	https://s3-us-west-2.amazonaws.com/human-pangenomics/working/HPRC_PLUS/HG02818/raw_data/nanopore/dorado0.7.2_sup4.1.0_5mCG_5hmCG/02_22_23_R1041_HG02818_1_dorado0.7.2_sup4.1.0_5mCG_5hmCG.bam	s3://human-pangenomics/working/HPRC_PLUS/HG02818/raw_data/nanopore/dorado0.7.2_sup4.1.0_5mCG_5hmCG/02_22_23_R1041_HG02818_1_dorado0.7.2_sup4.1.0_5mCG_5hmCG.bam	95989	dna_r10.4.1_e8.2_400bps_sup@v4.1.0	SQK-ULK110
HG02818	02_22_23_R1041_HG02818_2_dorado0.7.2_sup4.1.0_5mCG_5hmCG.bam	18.45	60.9	https://s3-us-west-2.amazonaws.com/human-pangenomics/working/HPRC_PLUS/HG02818/raw_data/nanopore/dorado0.7.2_sup4.1.0_5mCG_5hmCG/02_22_23_R1041_HG02818_2_dorado0.7.2_sup4.1.0_5mCG_5hmCG.bam	s3://human-pangenomics/working/HPRC_PLUS/HG02818/raw_data/nanopore/dorado0.7.2_sup4.1.0_5mCG_5hmCG/02_22_23_R1041_HG02818_2_dorado0.7.2_sup4.1.0_5mCG_5hmCG.bam	96301	dna_r10.4.1_e8.2_400bps_sup@v4.1.0	SQK-ULK110
HG02818	02_22_23_R1041_HG02818_3_dorado0.7.2_sup4.1.0_5mCG_5hmCG.bam	29.14	96.2	https://s3-us-west-2.amazonaws.com/human-pangenomics/working/HPRC_PLUS/HG02818/raw_data/nanopore/dorado0.7.2_sup4.1.0_5mCG_5hmCG/02_22_23_R1041_HG02818_3_dorado0.7.2_sup4.1.0_5mCG_5hmCG.bam	s3://human-pangenomics/working/HPRC_PLUS/HG02818/raw_data/nanopore/dorado0.7.2_sup4.1.0_5mCG_5hmCG/02_22_23_R1041_HG02818_3_dorado0.7.2_sup4.1.0_5mCG_5hmCG.bam	94423	dna_r10.4.1_e8.2_400bps_sup@v4.1.0	SQK-ULK110
HG03270	10_24_23_R1041_HPRC_HG03270_1_dorado0.6.0_sup4.3.0_5mCG_5hmCG.bam	19.8	65.3	https://s3-us-west-2.amazonaws.com/human-pangenomics/working/HPRC/HG03270/raw_data/nanopore/dorado0.6.0_sup4.3.0_5mCG_5hmCG/10_24_23_R1041_HPRC_HG03270_1_dorado0.6.0_sup4.3.0_5mCG_5hmCG.bam	s3://human-pangenomics/working/HPRC/HG03270/raw_data/nanopore/dorado0.6.0_sup4.3.0_5mCG_5hmCG/10_24_23_R1041_HPRC_HG03270_1_dorado0.6.0_sup4.3.0_5mCG_5hmCG.bam	55820	dna_r10.4.1_e8.2_400bps_sup@v4.3.0	SQK-ULK114
HG03270	10_24_23_R1041_HPRC_HG03270_2_dorado0.6.0_sup4.3.0_5mCG_5hmCG.bam	22.36	73.8	https://s3-us-west-2.amazonaws.com/human-pangenomics/working/HPRC/HG03270/raw_data/nanopore/dorado0.6.0_sup4.3.0_5mCG_5hmCG/10_24_23_R1041_HPRC_HG03270_2_dorado0.6.0_sup4.3.0_5mCG_5hmCG.bam	s3://human-pangenomics/working/HPRC/HG03270/raw_data/nanopore/dorado0.6.0_sup4.3.0_5mCG_5hmCG/10_24_23_R1041_HPRC_HG03270_2_dorado0.6.0_sup4.3.0_5mCG_5hmCG.bam	56092	dna_r10.4.1_e8.2_400bps_sup@v4.3.0	SQK-ULK114
HG03270	10_24_23_R1041_HPRC_HG03270_3_dorado0.6.0_sup4.3.0_5mCG_5hmCG.bam	24.63	81.3	https://s3-us-west-2.amazonaws.com/human-pangenomics/working/HPRC/HG03270/raw_data/nanopore/dorado0.6.0_sup4.3.0_5mCG_5hmCG/10_24_23_R1041_HPRC_HG03270_3_dorado0.6.0_sup4.3.0_5mCG_5hmCG.bam	s3://human-pangenomics/working/HPRC/HG03270/raw_data/nanopore/dorado0.6.0_sup4.3.0_5mCG_5hmCG/10_24_23_R1041_HPRC_HG03270_3_dorado0.6.0_sup4.3.0_5mCG_5hmCG.bam	56267	dna_r10.4.1_e8.2_400bps_sup@v4.3.0	SQK-ULK114
HG03270	10_24_23_R1041_HPRC_HG03270_4_dorado0.6.0_sup4.3.0_5mCG_5hmCG.bam	7.02	23.2	https://s3-us-west-2.amazonaws.com/human-pangenomics/working/HPRC/HG03270/raw_data/nanopore/dorado0.6.0_sup4.3.0_5mCG_5hmCG/10_24_23_R1041_HPRC_HG03270_4_dorado0.6.0_sup4.3.0_5mCG_5hmCG.bam	s3://human-pangenomics/working/HPRC/HG03270/raw_data/nanopore/dorado0.6.0_sup4.3.0_5mCG_5hmCG/10_24_23_R1041_HPRC_HG03270_4_dorado0.6.0_sup4.3.0_5mCG_5hmCG.bam	56708	dna_r10.4.1_e8.2_400bps_sup@v4.3.0	SQK-ULK114
HG03369	10_10_23_R1041_HPRC_HG03369_1_dorado0.6.0_sup4.3.0_5mCG_5hmCG.bam	18.27	60.3	https://s3-us-west-2.amazonaws.com/human-pangenomics/working/HPRC/HG03369/raw_data/nanopore/dorado0.6.0_sup4.3.0_5mCG_5hmCG/10_10_23_R1041_HPRC_HG03369_1_dorado0.6.0_sup4.3.0_5mCG_5hmCG.bam	s3://human-pangenomics/working/HPRC/HG03369/raw_data/nanopore/dorado0.6.0_sup4.3.0_5mCG_5hmCG/10_10_23_R1041_HPRC_HG03369_1_dorado0.6.0_sup4.3.0_5mCG_5hmCG.bam	97772	dna_r10.4.1_e8.2_400bps_sup@v4.3.0	SQK-ULK114
HG03369	10_10_23_R1041_HPRC_HG03369_2_dorado0.6.0_sup4.3.0_5mCG_5hmCG.bam	20.51	67.7	https://s3-us-west-2.amazonaws.com/human-pangenomics/working/HPRC/HG03369/raw_data/nanopore/dorado0.6.0_sup4.3.0_5mCG_5hmCG/10_10_23_R1041_HPRC_HG03369_2_dorado0.6.0_sup4.3.0_5mCG_5hmCG.bam	s3://human-pangenomics/working/HPRC/HG03369/raw_data/nanopore/dorado0.6.0_sup4.3.0_5mCG_5hmCG/10_10_23_R1041_HPRC_HG03369_2_dorado0.6.0_sup4.3.0_5mCG_5hmCG.bam	99723	dna_r10.4.1_e8.2_400bps_sup@v4.3.0	SQK-ULK114
HG03369	10_10_23_R1041_HPRC_HG03369_3_dorado0.6.0_sup4.3.0_5mCG_5hmCG.bam	18.39	60.7	https://s3-us-west-2.amazonaws.com/human-pangenomics/working/HPRC/HG03369/raw_data/nanopore/dorado0.6.0_sup4.3.0_5mCG_5hmCG/10_10_23_R1041_HPRC_HG03369_3_dorado0.6.0_sup4.3.0_5mCG_5hmCG.bam	s3://human-pangenomics/working/HPRC/HG03369/raw_data/nanopore/dorado0.6.0_sup4.3.0_5mCG_5hmCG/10_10_23_R1041_HPRC_HG03369_3_dorado0.6.0_sup4.3.0_5mCG_5hmCG.bam	91971	dna_r10.4.1_e8.2_400bps_sup@v4.3.0	SQK-ULK114
HG03486	02_15_23_R1041_HG03486_1_dorado0.7.2_sup4.1.0_5mCG_5hmCG.bam	15.55	51.3	https://s3-us-west-2.amazonaws.com/human-pangenomics/working/HPRC_PLUS/HG03486/raw_data/nanopore/dorado0.7.2_sup4.1.0_5mCG_5hmCG/02_15_23_R1041_HG03486_1_dorado0.7.2_sup4.1.0_5mCG_5hmCG.bam	s3://human-pangenomics/working/HPRC_PLUS/HG03486/raw_data/nanopore/dorado0.7.2_sup4.1.0_5mCG_5hmCG/02_15_23_R1041_HG03486_1_dorado0.7.2_sup4.1.0_5mCG_5hmCG.bam	104943	dna_r10.4.1_e8.2_400bps_sup@v4.1.0	SQK-ULK110
HG03486	02_15_23_R1041_HG03486_2_dorado0.7.2_sup4.1.0_5mCG_5hmCG.bam	16.5	54.5	https://s3-us-west-2.amazonaws.com/human-pangenomics/working/HPRC_PLUS/HG03486/raw_data/nanopore/dorado0.7.2_sup4.1.0_5mCG_5hmCG/02_15_23_R1041_HG03486_2_dorado0.7.2_sup4.1.0_5mCG_5hmCG.bam	s3://human-pangenomics/working/HPRC_PLUS/HG03486/raw_data/nanopore/dorado0.7.2_sup4.1.0_5mCG_5hmCG/02_15_23_R1041_HG03486_2_dorado0.7.2_sup4.1.0_5mCG_5hmCG.bam	89412	dna_r10.4.1_e8.2_400bps_sup@v4.1.0	SQK-ULK110
HG03486	02_15_23_R1041_HG03486_3_dorado0.7.2_sup4.1.0_5mCG_5hmCG.bam	18.53	61.1	https://s3-us-west-2.amazonaws.com/human-pangenomics/working/HPRC_PLUS/HG03486/raw_data/nanopore/dorado0.7.2_sup4.1.0_5mCG_5hmCG/02_15_23_R1041_HG03486_3_dorado0.7.2_sup4.1.0_5mCG_5hmCG.bam	s3://human-pangenomics/working/HPRC_PLUS/HG03486/raw_data/nanopore/dorado0.7.2_sup4.1.0_5mCG_5hmCG/02_15_23_R1041_HG03486_3_dorado0.7.2_sup4.1.0_5mCG_5hmCG.bam	102174	dna_r10.4.1_e8.2_400bps_sup@v4.1.0	SQK-ULK110
HG03521	10_24_23_R1041_HPRC_HG03521_1_dorado0.6.0_sup4.3.0_5mCG_5hmCG.bam	25.97	85.7	https://s3-us-west-2.amazonaws.com/human-pangenomics/working/HPRC/HG03521/raw_data/nanopore/dorado0.6.0_sup4.3.0_5mCG_5hmCG/10_24_23_R1041_HPRC_HG03521_1_dorado0.6.0_sup4.3.0_5mCG_5hmCG.bam	s3://human-pangenomics/working/HPRC/HG03521/raw_data/nanopore/dorado0.6.0_sup4.3.0_5mCG_5hmCG/10_24_23_R1041_HPRC_HG03521_1_dorado0.6.0_sup4.3.0_5mCG_5hmCG.bam	74774	dna_r10.4.1_e8.2_400bps_sup@v4.3.0	SQK-ULK114
HG03521	10_24_23_R1041_HPRC_HG03521_2_dorado0.6.0_sup4.3.0_5mCG_5hmCG.bam	30.42	100.4	https://s3-us-west-2.amazonaws.com/human-pangenomics/working/HPRC/HG03521/raw_data/nanopore/dorado0.6.0_sup4.3.0_5mCG_5hmCG/10_24_23_R1041_HPRC_HG03521_2_dorado0.6.0_sup4.3.0_5mCG_5hmCG.bam	s3://human-pangenomics/working/HPRC/HG03521/raw_data/nanopore/dorado0.6.0_sup4.3.0_5mCG_5hmCG/10_24_23_R1041_HPRC_HG03521_2_dorado0.6.0_sup4.3.0_5mCG_5hmCG.bam	77440	dna_r10.4.1_e8.2_400bps_sup@v4.3.0	SQK-ULK114
HG03521	10_24_23_R1041_HPRC_HG03521_3_dorado0.6.0_sup4.3.0_5mCG_5hmCG.bam	30.56	100.8	https://s3-us-west-2.amazonaws.com/human-pangenomics/working/HPRC/HG03521/raw_data/nanopore/dorado0.6.0_sup4.3.0_5mCG_5hmCG/10_24_23_R1041_HPRC_HG03521_3_dorado0.6.0_sup4.3.0_5mCG_5hmCG.bam	s3://human-pangenomics/working/HPRC/HG03521/raw_data/nanopore/dorado0.6.0_sup4.3.0_5mCG_5hmCG/10_24_23_R1041_HPRC_HG03521_3_dorado0.6.0_sup4.3.0_5mCG_5hmCG.bam	74403	dna_r10.4.1_e8.2_400bps_sup@v4.3.0	SQK-ULK114
HG03583	10_31_23_R1041_HPRC_HG03583_1_dorado0.6.0_sup4.3.0_5mCG_5hmCG.bam	15.67	51.7	https://s3-us-west-2.amazonaws.com/human-pangenomics/working/HPRC/HG03583/raw_data/nanopore/dorado0.6.0_sup4.3.0_5mCG_5hmCG/10_31_23_R1041_HPRC_HG03583_1_dorado0.6.0_sup4.3.0_5mCG_5hmCG.bam	s3://human-pangenomics/working/HPRC/HG03583/raw_data/nanopore/dorado0.6.0_sup4.3.0_5mCG_5hmCG/10_31_23_R1041_HPRC_HG03583_1_dorado0.6.0_sup4.3.0_5mCG_5hmCG.bam	91158	dna_r10.4.1_e8.2_400bps_sup@v4.3.0	SQK-ULK114
HG03583	10_31_23_R1041_HPRC_HG03583_2_dorado0.6.0_sup4.3.0_5mCG_5hmCG.bam	12.73	42.0	https://s3-us-west-2.amazonaws.com/human-pangenomics/working/HPRC/HG03583/raw_data/nanopore/dorado0.6.0_sup4.3.0_5mCG_5hmCG/10_31_23_R1041_HPRC_HG03583_2_dorado0.6.0_sup4.3.0_5mCG_5hmCG.bam	s3://human-pangenomics/working/HPRC/HG03583/raw_data/nanopore/dorado0.6.0_sup4.3.0_5mCG_5hmCG/10_31_23_R1041_HPRC_HG03583_2_dorado0.6.0_sup4.3.0_5mCG_5hmCG.bam	92346	dna_r10.4.1_e8.2_400bps_sup@v4.3.0	SQK-ULK114
HG03583	10_31_23_R1041_HPRC_HG03583_3_dorado0.6.0_sup4.3.0_5mCG_5hmCG.bam	14.73	48.6	https://s3-us-west-2.amazonaws.com/human-pangenomics/working/HPRC/HG03583/raw_data/nanopore/dorado0.6.0_sup4.3.0_5mCG_5hmCG/10_31_23_R1041_HPRC_HG03583_3_dorado0.6.0_sup4.3.0_5mCG_5hmCG.bam	s3://human-pangenomics/working/HPRC/HG03583/raw_data/nanopore/dorado0.6.0_sup4.3.0_5mCG_5hmCG/10_31_23_R1041_HPRC_HG03583_3_dorado0.6.0_sup4.3.0_5mCG_5hmCG.bam	75241	dna_r10.4.1_e8.2_400bps_sup@v4.3.0	SQK-ULK114
HG03784	10_17_23_R1041_HPRC_HG03784_1_dorado0.6.0_sup4.3.0_5mCG_5hmCG.bam	20.5	67.7	https://s3-us-west-2.amazonaws.com/human-pangenomics/working/HPRC/HG03784/raw_data/nanopore/dorado0.6.0_sup4.3.0_5mCG_5hmCG/10_17_23_R1041_HPRC_HG03784_1_dorado0.6.0_sup4.3.0_5mCG_5hmCG.bam	s3://human-pangenomics/working/HPRC/HG03784/raw_data/nanopore/dorado0.6.0_sup4.3.0_5mCG_5hmCG/10_17_23_R1041_HPRC_HG03784_1_dorado0.6.0_sup4.3.0_5mCG_5hmCG.bam	85256	dna_r10.4.1_e8.2_400bps_sup@v4.3.0	SQK-ULK114
HG03784	10_17_23_R1041_HPRC_HG03784_2_dorado0.6.0_sup4.3.0_5mCG_5hmCG.bam	20.13	66.4	https://s3-us-west-2.amazonaws.com/human-pangenomics/working/HPRC/HG03784/raw_data/nanopore/dorado0.6.0_sup4.3.0_5mCG_5hmCG/10_17_23_R1041_HPRC_HG03784_2_dorado0.6.0_sup4.3.0_5mCG_5hmCG.bam	s3://human-pangenomics/working/HPRC/HG03784/raw_data/nanopore/dorado0.6.0_sup4.3.0_5mCG_5hmCG/10_17_23_R1041_HPRC_HG03784_2_dorado0.6.0_sup4.3.0_5mCG_5hmCG.bam	85180	dna_r10.4.1_e8.2_400bps_sup@v4.3.0	SQK-ULK114
HG03784	10_17_23_R1041_HPRC_HG03784_3_dorado0.6.0_sup4.3.0_5mCG_5hmCG.bam	16.79	55.4	https://s3-us-west-2.amazonaws.com/human-pangenomics/working/HPRC/HG03784/raw_data/nanopore/dorado0.6.0_sup4.3.0_5mCG_5hmCG/10_17_23_R1041_HPRC_HG03784_3_dorado0.6.0_sup4.3.0_5mCG_5hmCG.bam	s3://human-pangenomics/working/HPRC/HG03784/raw_data/nanopore/dorado0.6.0_sup4.3.0_5mCG_5hmCG/10_17_23_R1041_HPRC_HG03784_3_dorado0.6.0_sup4.3.0_5mCG_5hmCG.bam	84323	dna_r10.4.1_e8.2_400bps_sup@v4.3.0	SQK-ULK114
HG03874	01_23_24_R1041_HPRC_HG03874_1_dorado0.6.0_sup4.3.0_5mCG_5hmCG.bam	24.35	80.4	https://s3-us-west-2.amazonaws.com/human-pangenomics/working/HPRC/HG03874/raw_data/nanopore/dorado0.6.0_sup4.3.0_5mCG_5hmCG/01_23_24_R1041_HPRC_HG03874_1_dorado0.6.0_sup4.3.0_5mCG_5hmCG.bam	s3://human-pangenomics/working/HPRC/HG03874/raw_data/nanopore/dorado0.6.0_sup4.3.0_5mCG_5hmCG/01_23_24_R1041_HPRC_HG03874_1_dorado0.6.0_sup4.3.0_5mCG_5hmCG.bam	94515	dna_r10.4.1_e8.2_400bps_sup@v4.3.0	SQK-ULK114
HG03874	01_23_24_R1041_HPRC_HG03874_2_dorado0.6.0_sup4.3.0_5mCG_5hmCG.bam	19.22	63.4	https://s3-us-west-2.amazonaws.com/human-pangenomics/working/HPRC/HG03874/raw_data/nanopore/dorado0.6.0_sup4.3.0_5mCG_5hmCG/01_23_24_R1041_HPRC_HG03874_2_dorado0.6.0_sup4.3.0_5mCG_5hmCG.bam	s3://human-pangenomics/working/HPRC/HG03874/raw_data/nanopore/dorado0.6.0_sup4.3.0_5mCG_5hmCG/01_23_24_R1041_HPRC_HG03874_2_dorado0.6.0_sup4.3.0_5mCG_5hmCG.bam	96101	dna_r10.4.1_e8.2_400bps_sup@v4.3.0	SQK-ULK114
HG03874	11_14_23_R1041_HPRC_HG03874_1_dorado0.6.0_sup4.3.0_5mCG_5hmCG.bam	3.6	11.9	https://s3-us-west-2.amazonaws.com/human-pangenomics/working/HPRC/HG03874/raw_data/nanopore/dorado0.6.0_sup4.3.0_5mCG_5hmCG/11_14_23_R1041_HPRC_HG03874_1_dorado0.6.0_sup4.3.0_5mCG_5hmCG.bam	s3://human-pangenomics/working/HPRC/HG03874/raw_data/nanopore/dorado0.6.0_sup4.3.0_5mCG_5hmCG/11_14_23_R1041_HPRC_HG03874_1_dorado0.6.0_sup4.3.0_5mCG_5hmCG.bam	70428	dna_r10.4.1_e8.2_400bps_sup@v4.3.0	SQK-ULK114
HG03874	11_14_23_R1041_HPRC_HG03874_2_dorado0.6.0_sup4.3.0_5mCG_5hmCG.bam	20.1	66.3	https://s3-us-west-2.amazonaws.com/human-pangenomics/working/HPRC/HG03874/raw_data/nanopore/dorado0.6.0_sup4.3.0_5mCG_5hmCG/11_14_23_R1041_HPRC_HG03874_2_dorado0.6.0_sup4.3.0_5mCG_5hmCG.bam	s3://human-pangenomics/working/HPRC/HG03874/raw_data/nanopore/dorado0.6.0_sup4.3.0_5mCG_5hmCG/11_14_23_R1041_HPRC_HG03874_2_dorado0.6.0_sup4.3.0_5mCG_5hmCG.bam	70570	dna_r10.4.1_e8.2_400bps_sup@v4.3.0	SQK-ULK114
HG03874	11_14_23_R1041_HPRC_HG03874_3_dorado0.6.0_sup4.3.0_5mCG_5hmCG.bam	17.12	56.5	https://s3-us-west-2.amazonaws.com/human-pangenomics/working/HPRC/HG03874/raw_data/nanopore/dorado0.6.0_sup4.3.0_5mCG_5hmCG/11_14_23_R1041_HPRC_HG03874_3_dorado0.6.0_sup4.3.0_5mCG_5hmCG.bam	s3://human-pangenomics/working/HPRC/HG03874/raw_data/nanopore/dorado0.6.0_sup4.3.0_5mCG_5hmCG/11_14_23_R1041_HPRC_HG03874_3_dorado0.6.0_sup4.3.0_5mCG_5hmCG.bam	63796	dna_r10.4.1_e8.2_400bps_sup@v4.3.0	SQK-ULK114
HG06807	01_09_24_R1041_Q27chem_UL_HG06807_1_dorado0.7.1_sup5.0.0_5mCG_5hmCG.bam	20.9	69.0	https://s3-us-west-2.amazonaws.com/human-pangenomics/working/HPRC_PLUS/HG06807/raw_data/nanopore/dorado0.7.1_sup5.0.0_5mCG_5hmCG/01_09_24_R1041_Q27chem_UL_HG06807_1_dorado0.7.1_sup5.0.0_5mCG_5hmCG.bam	s3://human-pangenomics/working/HPRC_PLUS/HG06807/raw_data/nanopore/dorado0.7.1_sup5.0.0_5mCG_5hmCG/01_09_24_R1041_Q27chem_UL_HG06807_1_dorado0.7.1_sup5.0.0_5mCG_5hmCG.bam	88499	dna_r10.4.1_e8.2_400bps_sup@v5.0.0	SQK-ULK114
HG06807	01_09_24_R1041_Q27chem_UL_HG06807_2_dorado0.7.1_sup5.0.0_5mCG_5hmCG.bam	22.74	75.0	https://s3-us-west-2.amazonaws.com/human-pangenomics/working/HPRC_PLUS/HG06807/raw_data/nanopore/dorado0.7.1_sup5.0.0_5mCG_5hmCG/01_09_24_R1041_Q27chem_UL_HG06807_2_dorado0.7.1_sup5.0.0_5mCG_5hmCG.bam	s3://human-pangenomics/working/HPRC_PLUS/HG06807/raw_data/nanopore/dorado0.7.1_sup5.0.0_5mCG_5hmCG/01_09_24_R1041_Q27chem_UL_HG06807_2_dorado0.7.1_sup5.0.0_5mCG_5hmCG.bam	90320	dna_r10.4.1_e8.2_400bps_sup@v5.0.0	SQK-ULK114
HG06807	01_09_24_R1041_Q27chem_UL_HG06807_3_dorado0.7.1_sup5.0.0_5mCG_5hmCG.bam	28.22	93.1	https://s3-us-west-2.amazonaws.com/human-pangenomics/working/HPRC_PLUS/HG06807/raw_data/nanopore/dorado0.7.1_sup5.0.0_5mCG_5hmCG/01_09_24_R1041_Q27chem_UL_HG06807_3_dorado0.7.1_sup5.0.0_5mCG_5hmCG.bam	s3://human-pangenomics/working/HPRC_PLUS/HG06807/raw_data/nanopore/dorado0.7.1_sup5.0.0_5mCG_5hmCG/01_09_24_R1041_Q27chem_UL_HG06807_3_dorado0.7.1_sup5.0.0_5mCG_5hmCG.bam	85986	dna_r10.4.1_e8.2_400bps_sup@v5.0.0	SQK-ULK114
NA18505	10_24_23_R1041_HPRC_NA18505_1_dorado0.6.0_sup4.3.0_5mCG_5hmCG.bam	24.02	79.3	https://s3-us-west-2.amazonaws.com/human-pangenomics/working/HPRC/NA18505/raw_data/nanopore/dorado0.6.0_sup4.3.0_5mCG_5hmCG/10_24_23_R1041_HPRC_NA18505_1_dorado0.6.0_sup4.3.0_5mCG_5hmCG.bam	s3://human-pangenomics/working/HPRC/NA18505/raw_data/nanopore/dorado0.6.0_sup4.3.0_5mCG_5hmCG/10_24_23_R1041_HPRC_NA18505_1_dorado0.6.0_sup4.3.0_5mCG_5hmCG.bam	50258	dna_r10.4.1_e8.2_400bps_sup@v4.3.0	SQK-ULK114
NA18505	10_24_23_R1041_HPRC_NA18505_2_dorado0.6.0_sup4.3.0_5mCG_5hmCG.bam	17.42	57.5	https://s3-us-west-2.amazonaws.com/human-pangenomics/working/HPRC/NA18505/raw_data/nanopore/dorado0.6.0_sup4.3.0_5mCG_5hmCG/10_24_23_R1041_HPRC_NA18505_2_dorado0.6.0_sup4.3.0_5mCG_5hmCG.bam	s3://human-pangenomics/working/HPRC/NA18505/raw_data/nanopore/dorado0.6.0_sup4.3.0_5mCG_5hmCG/10_24_23_R1041_HPRC_NA18505_2_dorado0.6.0_sup4.3.0_5mCG_5hmCG.bam	53532	dna_r10.4.1_e8.2_400bps_sup@v4.3.0	SQK-ULK114
NA18505	10_24_23_R1041_HPRC_NA18505_3_dorado0.6.0_sup4.3.0_5mCG_5hmCG.bam	33.45	110.4	https://s3-us-west-2.amazonaws.com/human-pangenomics/working/HPRC/NA18505/raw_data/nanopore/dorado0.6.0_sup4.3.0_5mCG_5hmCG/10_24_23_R1041_HPRC_NA18505_3_dorado0.6.0_sup4.3.0_5mCG_5hmCG.bam	s3://human-pangenomics/working/HPRC/NA18505/raw_data/nanopore/dorado0.6.0_sup4.3.0_5mCG_5hmCG/10_24_23_R1041_HPRC_NA18505_3_dorado0.6.0_sup4.3.0_5mCG_5hmCG.bam	52438	dna_r10.4.1_e8.2_400bps_sup@v4.3.0	SQK-ULK114
NA18505	10_24_23_R1041_HPRC_NA18505_4_dorado0.6.0_sup4.3.0_5mCG_5hmCG.bam	5.54	18.3	https://s3-us-west-2.amazonaws.com/human-pangenomics/working/HPRC/NA18505/raw_data/nanopore/dorado0.6.0_sup4.3.0_5mCG_5hmCG/10_24_23_R1041_HPRC_NA18505_4_dorado0.6.0_sup4.3.0_5mCG_5hmCG.bam	s3://human-pangenomics/working/HPRC/NA18505/raw_data/nanopore/dorado0.6.0_sup4.3.0_5mCG_5hmCG/10_24_23_R1041_HPRC_NA18505_4_dorado0.6.0_sup4.3.0_5mCG_5hmCG.bam	60516	dna_r10.4.1_e8.2_400bps_sup@v4.3.0	SQK-ULK114
NA18508	09_12_23_R1041_HPRC_NA18508_1_dorado0.6.0_sup4.3.0_5mCG_5hmCG.bam	23.89	78.8	https://s3-us-west-2.amazonaws.com/human-pangenomics/working/HPRC/NA18508/raw_data/nanopore/dorado0.6.0_sup4.3.0_5mCG_5hmCG/09_12_23_R1041_HPRC_NA18508_1_dorado0.6.0_sup4.3.0_5mCG_5hmCG.bam	s3://human-pangenomics/working/HPRC/NA18508/raw_data/nanopore/dorado0.6.0_sup4.3.0_5mCG_5hmCG/09_12_23_R1041_HPRC_NA18508_1_dorado0.6.0_sup4.3.0_5mCG_5hmCG.bam	101951	dna_r10.4.1_e8.2_400bps_sup@v4.3.0	SQK-ULK114
NA18508	09_12_23_R1041_HPRC_NA18508_2_dorado0.6.0_sup4.3.0_5mCG_5hmCG.bam	27.43	90.5	https://s3-us-west-2.amazonaws.com/human-pangenomics/working/HPRC/NA18508/raw_data/nanopore/dorado0.6.0_sup4.3.0_5mCG_5hmCG/09_12_23_R1041_HPRC_NA18508_2_dorado0.6.0_sup4.3.0_5mCG_5hmCG.bam	s3://human-pangenomics/working/HPRC/NA18508/raw_data/nanopore/dorado0.6.0_sup4.3.0_5mCG_5hmCG/09_12_23_R1041_HPRC_NA18508_2_dorado0.6.0_sup4.3.0_5mCG_5hmCG.bam	107595	dna_r10.4.1_e8.2_400bps_sup@v4.3.0	SQK-ULK114
NA18508	09_12_23_R1041_HPRC_NA18508_3_dorado0.6.0_sup4.3.0_5mCG_5hmCG.bam	28.38	93.7	https://s3-us-west-2.amazonaws.com/human-pangenomics/working/HPRC/NA18508/raw_data/nanopore/dorado0.6.0_sup4.3.0_5mCG_5hmCG/09_12_23_R1041_HPRC_NA18508_3_dorado0.6.0_sup4.3.0_5mCG_5hmCG.bam	s3://human-pangenomics/working/HPRC/NA18508/raw_data/nanopore/dorado0.6.0_sup4.3.0_5mCG_5hmCG/09_12_23_R1041_HPRC_NA18508_3_dorado0.6.0_sup4.3.0_5mCG_5hmCG.bam	106946	dna_r10.4.1_e8.2_400bps_sup@v4.3.0	SQK-ULK114
NA18565	10_10_23_R1041_HPRC_NA18565_1_dorado0.6.0_sup4.3.0_5mCG_5hmCG.bam	0.35	1.1	https://s3-us-west-2.amazonaws.com/human-pangenomics/working/HPRC/NA18565/raw_data/nanopore/dorado0.6.0_sup4.3.0_5mCG_5hmCG/10_10_23_R1041_HPRC_NA18565_1_dorado0.6.0_sup4.3.0_5mCG_5hmCG.bam	s3://human-pangenomics/working/HPRC/NA18565/raw_data/nanopore/dorado0.6.0_sup4.3.0_5mCG_5hmCG/10_10_23_R1041_HPRC_NA18565_1_dorado0.6.0_sup4.3.0_5mCG_5hmCG.bam	70838	dna_r10.4.1_e8.2_400bps_sup@v4.3.0	SQK-ULK114
NA18565	10_10_23_R1041_HPRC_NA18565_2_dorado0.6.0_sup4.3.0_5mCG_5hmCG.bam	0.35	1.2	https://s3-us-west-2.amazonaws.com/human-pangenomics/working/HPRC/NA18565/raw_data/nanopore/dorado0.6.0_sup4.3.0_5mCG_5hmCG/10_10_23_R1041_HPRC_NA18565_2_dorado0.6.0_sup4.3.0_5mCG_5hmCG.bam	s3://human-pangenomics/working/HPRC/NA18565/raw_data/nanopore/dorado0.6.0_sup4.3.0_5mCG_5hmCG/10_10_23_R1041_HPRC_NA18565_2_dorado0.6.0_sup4.3.0_5mCG_5hmCG.bam	62001	dna_r10.4.1_e8.2_400bps_sup@v4.3.0	SQK-ULK114
NA18565	10_10_23_R1041_HPRC_NA18565_3_dorado0.6.0_sup4.3.0_5mCG_5hmCG.bam	0.6	2.0	https://s3-us-west-2.amazonaws.com/human-pangenomics/working/HPRC/NA18565/raw_data/nanopore/dorado0.6.0_sup4.3.0_5mCG_5hmCG/10_10_23_R1041_HPRC_NA18565_3_dorado0.6.0_sup4.3.0_5mCG_5hmCG.bam	s3://human-pangenomics/working/HPRC/NA18565/raw_data/nanopore/dorado0.6.0_sup4.3.0_5mCG_5hmCG/10_10_23_R1041_HPRC_NA18565_3_dorado0.6.0_sup4.3.0_5mCG_5hmCG.bam	74783	dna_r10.4.1_e8.2_400bps_sup@v4.3.0	SQK-ULK114
NA18565	10_10_23_R1041_HPRC_NA18565_4_dorado0.6.0_sup4.3.0_5mCG_5hmCG.bam	18.51	61.1	https://s3-us-west-2.amazonaws.com/human-pangenomics/working/HPRC/NA18565/raw_data/nanopore/dorado0.6.0_sup4.3.0_5mCG_5hmCG/10_10_23_R1041_HPRC_NA18565_4_dorado0.6.0_sup4.3.0_5mCG_5hmCG.bam	s3://human-pangenomics/working/HPRC/NA18565/raw_data/nanopore/dorado0.6.0_sup4.3.0_5mCG_5hmCG/10_10_23_R1041_HPRC_NA18565_4_dorado0.6.0_sup4.3.0_5mCG_5hmCG.bam	83442	dna_r10.4.1_e8.2_400bps_sup@v4.3.0	SQK-ULK114
NA18565	10_10_23_R1041_HPRC_NA18565_5_dorado0.6.0_sup4.3.0_5mCG_5hmCG.bam	21.76	71.8	https://s3-us-west-2.amazonaws.com/human-pangenomics/working/HPRC/NA18565/raw_data/nanopore/dorado0.6.0_sup4.3.0_5mCG_5hmCG/10_10_23_R1041_HPRC_NA18565_5_dorado0.6.0_sup4.3.0_5mCG_5hmCG.bam	s3://human-pangenomics/working/HPRC/NA18565/raw_data/nanopore/dorado0.6.0_sup4.3.0_5mCG_5hmCG/10_10_23_R1041_HPRC_NA18565_5_dorado0.6.0_sup4.3.0_5mCG_5hmCG.bam	82323	dna_r10.4.1_e8.2_400bps_sup@v4.3.0	SQK-ULK114
NA18565	10_10_23_R1041_HPRC_NA18565_6_dorado0.6.0_sup4.3.0_5mCG_5hmCG.bam	17.99	59.4	https://s3-us-west-2.amazonaws.com/human-pangenomics/working/HPRC/NA18565/raw_data/nanopore/dorado0.6.0_sup4.3.0_5mCG_5hmCG/10_10_23_R1041_HPRC_NA18565_6_dorado0.6.0_sup4.3.0_5mCG_5hmCG.bam	s3://human-pangenomics/working/HPRC/NA18565/raw_data/nanopore/dorado0.6.0_sup4.3.0_5mCG_5hmCG/10_10_23_R1041_HPRC_NA18565_6_dorado0.6.0_sup4.3.0_5mCG_5hmCG.bam	84325	dna_r10.4.1_e8.2_400bps_sup@v4.3.0	SQK-ULK114
NA18608	10_31_23_R1041_HPRC_NA18608_1_dorado0.6.0_sup4.3.0_5mCG_5hmCG.bam	29.07	96.0	https://s3-us-west-2.amazonaws.com/human-pangenomics/working/HPRC/NA18608/raw_data/nanopore/dorado0.6.0_sup4.3.0_5mCG_5hmCG/10_31_23_R1041_HPRC_NA18608_1_dorado0.6.0_sup4.3.0_5mCG_5hmCG.bam	s3://human-pangenomics/working/HPRC/NA18608/raw_data/nanopore/dorado0.6.0_sup4.3.0_5mCG_5hmCG/10_31_23_R1041_HPRC_NA18608_1_dorado0.6.0_sup4.3.0_5mCG_5hmCG.bam	93889	dna_r10.4.1_e8.2_400bps_sup@v4.3.0	SQK-ULK114
NA18608	10_31_23_R1041_HPRC_NA18608_2_dorado0.6.0_sup4.3.0_5mCG_5hmCG.bam	26.14	86.3	https://s3-us-west-2.amazonaws.com/human-pangenomics/working/HPRC/NA18608/raw_data/nanopore/dorado0.6.0_sup4.3.0_5mCG_5hmCG/10_31_23_R1041_HPRC_NA18608_2_dorado0.6.0_sup4.3.0_5mCG_5hmCG.bam	s3://human-pangenomics/working/HPRC/NA18608/raw_data/nanopore/dorado0.6.0_sup4.3.0_5mCG_5hmCG/10_31_23_R1041_HPRC_NA18608_2_dorado0.6.0_sup4.3.0_5mCG_5hmCG.bam	83049	dna_r10.4.1_e8.2_400bps_sup@v4.3.0	SQK-ULK114
NA18608	10_31_23_R1041_HPRC_NA18608_3_dorado0.6.0_sup4.3.0_5mCG_5hmCG.bam	21.59	71.2	https://s3-us-west-2.amazonaws.com/human-pangenomics/working/HPRC/NA18608/raw_data/nanopore/dorado0.6.0_sup4.3.0_5mCG_5hmCG/10_31_23_R1041_HPRC_NA18608_3_dorado0.6.0_sup4.3.0_5mCG_5hmCG.bam	s3://human-pangenomics/working/HPRC/NA18608/raw_data/nanopore/dorado0.6.0_sup4.3.0_5mCG_5hmCG/10_31_23_R1041_HPRC_NA18608_3_dorado0.6.0_sup4.3.0_5mCG_5hmCG.bam	91077	dna_r10.4.1_e8.2_400bps_sup@v4.3.0	SQK-ULK114
NA18620	01_16_24_R1041_HPRC_NA18620_1_dorado0.6.0_sup4.3.0_5mCG_5hmCG.bam	24.25	80.0	https://s3-us-west-2.amazonaws.com/human-pangenomics/working/HPRC/NA18620/raw_data/nanopore/dorado0.6.0_sup4.3.0_5mCG_5hmCG/01_16_24_R1041_HPRC_NA18620_1_dorado0.6.0_sup4.3.0_5mCG_5hmCG.bam	s3://human-pangenomics/working/HPRC/NA18620/raw_data/nanopore/dorado0.6.0_sup4.3.0_5mCG_5hmCG/01_16_24_R1041_HPRC_NA18620_1_dorado0.6.0_sup4.3.0_5mCG_5hmCG.bam	91704	dna_r10.4.1_e8.2_400bps_sup@v4.3.0	SQK-ULK114
NA18620	01_16_24_R1041_HPRC_NA18620_2_dorado0.6.0_sup4.3.0_5mCG_5hmCG.bam	23.06	76.1	https://s3-us-west-2.amazonaws.com/human-pangenomics/working/HPRC/NA18620/raw_data/nanopore/dorado0.6.0_sup4.3.0_5mCG_5hmCG/01_16_24_R1041_HPRC_NA18620_2_dorado0.6.0_sup4.3.0_5mCG_5hmCG.bam	s3://human-pangenomics/working/HPRC/NA18620/raw_data/nanopore/dorado0.6.0_sup4.3.0_5mCG_5hmCG/01_16_24_R1041_HPRC_NA18620_2_dorado0.6.0_sup4.3.0_5mCG_5hmCG.bam	92516	dna_r10.4.1_e8.2_400bps_sup@v4.3.0	SQK-ULK114
NA18620	01_16_24_R1041_HPRC_NA18620_3_dorado0.6.0_sup4.3.0_5mCG_5hmCG.bam	27.46	90.6	https://s3-us-west-2.amazonaws.com/human-pangenomics/working/HPRC/NA18620/raw_data/nanopore/dorado0.6.0_sup4.3.0_5mCG_5hmCG/01_16_24_R1041_HPRC_NA18620_3_dorado0.6.0_sup4.3.0_5mCG_5hmCG.bam	s3://human-pangenomics/working/HPRC/NA18620/raw_data/nanopore/dorado0.6.0_sup4.3.0_5mCG_5hmCG/01_16_24_R1041_HPRC_NA18620_3_dorado0.6.0_sup4.3.0_5mCG_5hmCG.bam	94233	dna_r10.4.1_e8.2_400bps_sup@v4.3.0	SQK-ULK114
NA18620	11_14_23_R1041_HPRC_NA18620_1_dorado0.6.0_sup4.3.0_5mCG_5hmCG.bam	2.2	7.2	https://s3-us-west-2.amazonaws.com/human-pangenomics/working/HPRC/NA18620/raw_data/nanopore/dorado0.6.0_sup4.3.0_5mCG_5hmCG/11_14_23_R1041_HPRC_NA18620_1_dorado0.6.0_sup4.3.0_5mCG_5hmCG.bam	s3://human-pangenomics/working/HPRC/NA18620/raw_data/nanopore/dorado0.6.0_sup4.3.0_5mCG_5hmCG/11_14_23_R1041_HPRC_NA18620_1_dorado0.6.0_sup4.3.0_5mCG_5hmCG.bam	87877	dna_r10.4.1_e8.2_400bps_sup@v4.3.0	SQK-ULK114
NA18620	11_14_23_R1041_HPRC_NA18620_2_dorado0.6.0_sup4.3.0_5mCG_5hmCG.bam	0.85	2.8	https://s3-us-west-2.amazonaws.com/human-pangenomics/working/HPRC/NA18620/raw_data/nanopore/dorado0.6.0_sup4.3.0_5mCG_5hmCG/11_14_23_R1041_HPRC_NA18620_2_dorado0.6.0_sup4.3.0_5mCG_5hmCG.bam	s3://human-pangenomics/working/HPRC/NA18620/raw_data/nanopore/dorado0.6.0_sup4.3.0_5mCG_5hmCG/11_14_23_R1041_HPRC_NA18620_2_dorado0.6.0_sup4.3.0_5mCG_5hmCG.bam	78838	dna_r10.4.1_e8.2_400bps_sup@v4.3.0	SQK-ULK114
NA18620	11_14_23_R1041_HPRC_NA18620_3_dorado0.6.0_sup4.3.0_5mCG_5hmCG.bam	0.87	2.9	https://s3-us-west-2.amazonaws.com/human-pangenomics/working/HPRC/NA18620/raw_data/nanopore/dorado0.6.0_sup4.3.0_5mCG_5hmCG/11_14_23_R1041_HPRC_NA18620_3_dorado0.6.0_sup4.3.0_5mCG_5hmCG.bam	s3://human-pangenomics/working/HPRC/NA18620/raw_data/nanopore/dorado0.6.0_sup4.3.0_5mCG_5hmCG/11_14_23_R1041_HPRC_NA18620_3_dorado0.6.0_sup4.3.0_5mCG_5hmCG.bam	78236	dna_r10.4.1_e8.2_400bps_sup@v4.3.0	SQK-ULK114
NA18879	08_08_23_R1041_HPRC_NA18879_1_dorado0.6.0_sup4.3.0_5mCG_5hmCG.bam	18.34	60.5	https://s3-us-west-2.amazonaws.com/human-pangenomics/working/HPRC/NA18879/raw_data/nanopore/dorado0.6.0_sup4.3.0_5mCG_5hmCG/08_08_23_R1041_HPRC_NA18879_1_dorado0.6.0_sup4.3.0_5mCG_5hmCG.bam	s3://human-pangenomics/working/HPRC/NA18879/raw_data/nanopore/dorado0.6.0_sup4.3.0_5mCG_5hmCG/08_08_23_R1041_HPRC_NA18879_1_dorado0.6.0_sup4.3.0_5mCG_5hmCG.bam	79013	dna_r10.4.1_e8.2_400bps_sup@v4.3.0	SQK-ULK114
NA18879	08_08_23_R1041_HPRC_NA18879_2_dorado0.6.0_sup4.3.0_5mCG_5hmCG.bam	18.49	61.0	https://s3-us-west-2.amazonaws.com/human-pangenomics/working/HPRC/NA18879/raw_data/nanopore/dorado0.6.0_sup4.3.0_5mCG_5hmCG/08_08_23_R1041_HPRC_NA18879_2_dorado0.6.0_sup4.3.0_5mCG_5hmCG.bam	s3://human-pangenomics/working/HPRC/NA18879/raw_data/nanopore/dorado0.6.0_sup4.3.0_5mCG_5hmCG/08_08_23_R1041_HPRC_NA18879_2_dorado0.6.0_sup4.3.0_5mCG_5hmCG.bam	75987	dna_r10.4.1_e8.2_400bps_sup@v4.3.0	SQK-ULK114
NA18879	08_08_23_R1041_HPRC_NA18879_3_dorado0.6.0_sup4.3.0_5mCG_5hmCG.bam	17.84	58.9	https://s3-us-west-2.amazonaws.com/human-pangenomics/working/HPRC/NA18879/raw_data/nanopore/dorado0.6.0_sup4.3.0_5mCG_5hmCG/08_08_23_R1041_HPRC_NA18879_3_dorado0.6.0_sup4.3.0_5mCG_5hmCG.bam	s3://human-pangenomics/working/HPRC/NA18879/raw_data/nanopore/dorado0.6.0_sup4.3.0_5mCG_5hmCG/08_08_23_R1041_HPRC_NA18879_3_dorado0.6.0_sup4.3.0_5mCG_5hmCG.bam	77243	dna_r10.4.1_e8.2_400bps_sup@v4.3.0	SQK-ULK114
NA18906	02_15_23_R1041_NA18906_1_dorado0.7.2_sup4.1.0_5mCG_5hmCG.bam	18.89	62.3	https://s3-us-west-2.amazonaws.com/human-pangenomics/working/HPRC_PLUS/NA18906/raw_data/nanopore/dorado0.7.2_sup4.1.0_5mCG_5hmCG/02_15_23_R1041_NA18906_1_dorado0.7.2_sup4.1.0_5mCG_5hmCG.bam	s3://human-pangenomics/working/HPRC_PLUS/NA18906/raw_data/nanopore/dorado0.7.2_sup4.1.0_5mCG_5hmCG/02_15_23_R1041_NA18906_1_dorado0.7.2_sup4.1.0_5mCG_5hmCG.bam	92925	dna_r10.4.1_e8.2_400bps_sup@v4.1.0	SQK-ULK110
NA18906	02_15_23_R1041_NA18906_2_dorado0.7.2_sup4.1.0_5mCG_5hmCG.bam	21.15	69.8	https://s3-us-west-2.amazonaws.com/human-pangenomics/working/HPRC_PLUS/NA18906/raw_data/nanopore/dorado0.7.2_sup4.1.0_5mCG_5hmCG/02_15_23_R1041_NA18906_2_dorado0.7.2_sup4.1.0_5mCG_5hmCG.bam	s3://human-pangenomics/working/HPRC_PLUS/NA18906/raw_data/nanopore/dorado0.7.2_sup4.1.0_5mCG_5hmCG/02_15_23_R1041_NA18906_2_dorado0.7.2_sup4.1.0_5mCG_5hmCG.bam	97314	dna_r10.4.1_e8.2_400bps_sup@v4.1.0	SQK-ULK110
NA18906	02_15_23_R1041_NA18906_3_dorado0.7.2_sup4.1.0_5mCG_5hmCG.bam	21.7	71.6	https://s3-us-west-2.amazonaws.com/human-pangenomics/working/HPRC_PLUS/NA18906/raw_data/nanopore/dorado0.7.2_sup4.1.0_5mCG_5hmCG/02_15_23_R1041_NA18906_3_dorado0.7.2_sup4.1.0_5mCG_5hmCG.bam	s3://human-pangenomics/working/HPRC_PLUS/NA18906/raw_data/nanopore/dorado0.7.2_sup4.1.0_5mCG_5hmCG/02_15_23_R1041_NA18906_3_dorado0.7.2_sup4.1.0_5mCG_5hmCG.bam	97497	dna_r10.4.1_e8.2_400bps_sup@v4.1.0	SQK-ULK110
NA18940	11_28_23_R1041_AMED-Collaboration-HPRC_NA18940_1_dorado0.5.3_sup4.3.0_5mCG_5hmCG.bam	21.98	72.5	https://s3-us-west-2.amazonaws.com/human-pangenomics/working/HPP/AMED/NA18940/raw_data/nanopore/dorado0.5.3_sup4.3.0_5mCG_5hmCG/11_28_23_R1041_AMED-Collaboration-HPRC_NA18940_1_dorado0.5.3_sup4.3.0_5mCG_5hmCG.bam	s3://human-pangenomics/working/HPP/AMED/NA18940/raw_data/nanopore/dorado0.5.3_sup4.3.0_5mCG_5hmCG/11_28_23_R1041_AMED-Collaboration-HPRC_NA18940_1_dorado0.5.3_sup4.3.0_5mCG_5hmCG.bam	62907	dna_r10.4.1_e8.2_400bps_sup@v4.3.0	SQK-ULK114
NA18940	11_28_23_R1041_AMED-Collaboration-HPRC_NA18940_2_dorado0.5.3_sup4.3.0_5mCG_5hmCG.bam	22.66	74.8	https://s3-us-west-2.amazonaws.com/human-pangenomics/working/HPP/AMED/NA18940/raw_data/nanopore/dorado0.5.3_sup4.3.0_5mCG_5hmCG/11_28_23_R1041_AMED-Collaboration-HPRC_NA18940_2_dorado0.5.3_sup4.3.0_5mCG_5hmCG.bam	s3://human-pangenomics/working/HPP/AMED/NA18940/raw_data/nanopore/dorado0.5.3_sup4.3.0_5mCG_5hmCG/11_28_23_R1041_AMED-Collaboration-HPRC_NA18940_2_dorado0.5.3_sup4.3.0_5mCG_5hmCG.bam	57439	dna_r10.4.1_e8.2_400bps_sup@v4.3.0	SQK-ULK114
NA18940	11_28_23_R1041_AMED-Collaboration-HPRC_NA18940_3_dorado0.5.3_sup4.3.0_5mCG_5hmCG.bam	25.82	85.2	https://s3-us-west-2.amazonaws.com/human-pangenomics/working/HPP/AMED/NA18940/raw_data/nanopore/dorado0.5.3_sup4.3.0_5mCG_5hmCG/11_28_23_R1041_AMED-Collaboration-HPRC_NA18940_3_dorado0.5.3_sup4.3.0_5mCG_5hmCG.bam	s3://human-pangenomics/working/HPP/AMED/NA18940/raw_data/nanopore/dorado0.5.3_sup4.3.0_5mCG_5hmCG/11_28_23_R1041_AMED-Collaboration-HPRC_NA18940_3_dorado0.5.3_sup4.3.0_5mCG_5hmCG.bam	63723	dna_r10.4.1_e8.2_400bps_sup@v4.3.0	SQK-ULK114
NA18940	12_12_23_R1041_AMED-Collaboration-HPRC_NA18940_1_dorado0.5.3_sup4.3.0_5mCG_5hmCG.bam	23.64	78.0	https://s3-us-west-2.amazonaws.com/human-pangenomics/working/HPP/AMED/NA18940/raw_data/nanopore/dorado0.5.3_sup4.3.0_5mCG_5hmCG/12_12_23_R1041_AMED-Collaboration-HPRC_NA18940_1_dorado0.5.3_sup4.3.0_5mCG_5hmCG.bam	s3://human-pangenomics/working/HPP/AMED/NA18940/raw_data/nanopore/dorado0.5.3_sup4.3.0_5mCG_5hmCG/12_12_23_R1041_AMED-Collaboration-HPRC_NA18940_1_dorado0.5.3_sup4.3.0_5mCG_5hmCG.bam	79281	dna_r10.4.1_e8.2_400bps_sup@v4.3.0	SQK-ULK114
NA18943	11_28_23_R1041_AMED-Collaboration-HPRC_NA18943_1_dorado0.5.3_sup4.3.0_5mCG_5hmCG.bam	2.36	7.8	https://s3-us-west-2.amazonaws.com/human-pangenomics/working/HPP/AMED/NA18943/raw_data/nanopore/dorado0.5.3_sup4.3.0_5mCG_5hmCG/11_28_23_R1041_AMED-Collaboration-HPRC_NA18943_1_dorado0.5.3_sup4.3.0_5mCG_5hmCG.bam	s3://human-pangenomics/working/HPP/AMED/NA18943/raw_data/nanopore/dorado0.5.3_sup4.3.0_5mCG_5hmCG/11_28_23_R1041_AMED-Collaboration-HPRC_NA18943_1_dorado0.5.3_sup4.3.0_5mCG_5hmCG.bam	54507	dna_r10.4.1_e8.2_400bps_sup@v4.3.0	SQK-ULK114
NA18943	11_28_23_R1041_AMED-Collaboration-HPRC_NA18943_2_dorado0.5.3_sup4.3.0_5mCG_5hmCG.bam	6.56	21.6	https://s3-us-west-2.amazonaws.com/human-pangenomics/working/HPP/AMED/NA18943/raw_data/nanopore/dorado0.5.3_sup4.3.0_5mCG_5hmCG/11_28_23_R1041_AMED-Collaboration-HPRC_NA18943_2_dorado0.5.3_sup4.3.0_5mCG_5hmCG.bam	s3://human-pangenomics/working/HPP/AMED/NA18943/raw_data/nanopore/dorado0.5.3_sup4.3.0_5mCG_5hmCG/11_28_23_R1041_AMED-Collaboration-HPRC_NA18943_2_dorado0.5.3_sup4.3.0_5mCG_5hmCG.bam	42791	dna_r10.4.1_e8.2_400bps_sup@v4.3.0	SQK-ULK114
NA18943	11_28_23_R1041_AMED-Collaboration-HPRC_NA18943_3_dorado0.5.3_sup4.3.0_5mCG_5hmCG.bam	8.69	28.7	https://s3-us-west-2.amazonaws.com/human-pangenomics/working/HPP/AMED/NA18943/raw_data/nanopore/dorado0.5.3_sup4.3.0_5mCG_5hmCG/11_28_23_R1041_AMED-Collaboration-HPRC_NA18943_3_dorado0.5.3_sup4.3.0_5mCG_5hmCG.bam	s3://human-pangenomics/working/HPP/AMED/NA18943/raw_data/nanopore/dorado0.5.3_sup4.3.0_5mCG_5hmCG/11_28_23_R1041_AMED-Collaboration-HPRC_NA18943_3_dorado0.5.3_sup4.3.0_5mCG_5hmCG.bam	49253	dna_r10.4.1_e8.2_400bps_sup@v4.3.0	SQK-ULK114
NA18943	12_12_23_R1041_AMED-Collaboration-HPRC_NA18943_1_dorado0.5.3_sup4.3.0_5mCG_5hmCG.bam	2.16	7.1	https://s3-us-west-2.amazonaws.com/human-pangenomics/working/HPP/AMED/NA18943/raw_data/nanopore/dorado0.5.3_sup4.3.0_5mCG_5hmCG/12_12_23_R1041_AMED-Collaboration-HPRC_NA18943_1_dorado0.5.3_sup4.3.0_5mCG_5hmCG.bam	s3://human-pangenomics/working/HPP/AMED/NA18943/raw_data/nanopore/dorado0.5.3_sup4.3.0_5mCG_5hmCG/12_12_23_R1041_AMED-Collaboration-HPRC_NA18943_1_dorado0.5.3_sup4.3.0_5mCG_5hmCG.bam	83587	dna_r10.4.1_e8.2_400bps_sup@v4.3.0	SQK-ULK114
NA18943	12_12_23_R1041_AMED-Collaboration-HPRC_NA18943_2_dorado0.5.3_sup4.3.0_5mCG_5hmCG.bam	26.44	87.3	https://s3-us-west-2.amazonaws.com/human-pangenomics/working/HPP/AMED/NA18943/raw_data/nanopore/dorado0.5.3_sup4.3.0_5mCG_5hmCG/12_12_23_R1041_AMED-Collaboration-HPRC_NA18943_2_dorado0.5.3_sup4.3.0_5mCG_5hmCG.bam	s3://human-pangenomics/working/HPP/AMED/NA18943/raw_data/nanopore/dorado0.5.3_sup4.3.0_5mCG_5hmCG/12_12_23_R1041_AMED-Collaboration-HPRC_NA18943_2_dorado0.5.3_sup4.3.0_5mCG_5hmCG.bam	78070	dna_r10.4.1_e8.2_400bps_sup@v4.3.0	SQK-ULK114
NA18943	12_12_23_R1041_AMED-Collaboration-HPRC_NA18943_3_dorado0.5.3_sup4.3.0_5mCG_5hmCG.bam	18.32	60.4	https://s3-us-west-2.amazonaws.com/human-pangenomics/working/HPP/AMED/NA18943/raw_data/nanopore/dorado0.5.3_sup4.3.0_5mCG_5hmCG/12_12_23_R1041_AMED-Collaboration-HPRC_NA18943_3_dorado0.5.3_sup4.3.0_5mCG_5hmCG.bam	s3://human-pangenomics/working/HPP/AMED/NA18943/raw_data/nanopore/dorado0.5.3_sup4.3.0_5mCG_5hmCG/12_12_23_R1041_AMED-Collaboration-HPRC_NA18943_3_dorado0.5.3_sup4.3.0_5mCG_5hmCG.bam	89738	dna_r10.4.1_e8.2_400bps_sup@v4.3.0	SQK-ULK114
NA18943	12_12_23_R1041_AMED-Collaboration-HPRC_NA18943_4_dorado0.5.3_sup4.3.0_5mCG_5hmCG.bam	16.85	55.6	https://s3-us-west-2.amazonaws.com/human-pangenomics/working/HPP/AMED/NA18943/raw_data/nanopore/dorado0.5.3_sup4.3.0_5mCG_5hmCG/12_12_23_R1041_AMED-Collaboration-HPRC_NA18943_4_dorado0.5.3_sup4.3.0_5mCG_5hmCG.bam	s3://human-pangenomics/working/HPP/AMED/NA18943/raw_data/nanopore/dorado0.5.3_sup4.3.0_5mCG_5hmCG/12_12_23_R1041_AMED-Collaboration-HPRC_NA18943_4_dorado0.5.3_sup4.3.0_5mCG_5hmCG.bam	84956	dna_r10.4.1_e8.2_400bps_sup@v4.3.0	SQK-ULK114
NA18944	11_28_23_R1041_AMED-Collaboration-HPRC_NA18944_1_dorado0.5.3_sup4.3.0_5mCG_5hmCG.bam	29.66	97.9	https://s3-us-west-2.amazonaws.com/human-pangenomics/working/HPP/AMED/NA18944/raw_data/nanopore/dorado0.5.3_sup4.3.0_5mCG_5hmCG/11_28_23_R1041_AMED-Collaboration-HPRC_NA18944_1_dorado0.5.3_sup4.3.0_5mCG_5hmCG.bam	s3://human-pangenomics/working/HPP/AMED/NA18944/raw_data/nanopore/dorado0.5.3_sup4.3.0_5mCG_5hmCG/11_28_23_R1041_AMED-Collaboration-HPRC_NA18944_1_dorado0.5.3_sup4.3.0_5mCG_5hmCG.bam	50841	dna_r10.4.1_e8.2_400bps_sup@v4.3.0	SQK-ULK114
NA18944	11_28_23_R1041_AMED-Collaboration-HPRC_NA18944_2_dorado0.5.3_sup4.3.0_5mCG_5hmCG.bam	21.5	71.0	https://s3-us-west-2.amazonaws.com/human-pangenomics/working/HPP/AMED/NA18944/raw_data/nanopore/dorado0.5.3_sup4.3.0_5mCG_5hmCG/11_28_23_R1041_AMED-Collaboration-HPRC_NA18944_2_dorado0.5.3_sup4.3.0_5mCG_5hmCG.bam	s3://human-pangenomics/working/HPP/AMED/NA18944/raw_data/nanopore/dorado0.5.3_sup4.3.0_5mCG_5hmCG/11_28_23_R1041_AMED-Collaboration-HPRC_NA18944_2_dorado0.5.3_sup4.3.0_5mCG_5hmCG.bam	58004	dna_r10.4.1_e8.2_400bps_sup@v4.3.0	SQK-ULK114
NA18944	11_28_23_R1041_AMED-Collaboration-HPRC_NA18944_3_dorado0.5.3_sup4.3.0_5mCG_5hmCG.bam	23.67	78.1	https://s3-us-west-2.amazonaws.com/human-pangenomics/working/HPP/AMED/NA18944/raw_data/nanopore/dorado0.5.3_sup4.3.0_5mCG_5hmCG/11_28_23_R1041_AMED-Collaboration-HPRC_NA18944_3_dorado0.5.3_sup4.3.0_5mCG_5hmCG.bam	s3://human-pangenomics/working/HPP/AMED/NA18944/raw_data/nanopore/dorado0.5.3_sup4.3.0_5mCG_5hmCG/11_28_23_R1041_AMED-Collaboration-HPRC_NA18944_3_dorado0.5.3_sup4.3.0_5mCG_5hmCG.bam	56506	dna_r10.4.1_e8.2_400bps_sup@v4.3.0	SQK-ULK114
NA18944	12_12_23_R1041_AMED-Collaboration-HPRC_NA18944_1_dorado0.5.3_sup4.3.0_5mCG_5hmCG.bam	24.66	81.4	https://s3-us-west-2.amazonaws.com/human-pangenomics/working/HPP/AMED/NA18944/raw_data/nanopore/dorado0.5.3_sup4.3.0_5mCG_5hmCG/12_12_23_R1041_AMED-Collaboration-HPRC_NA18944_1_dorado0.5.3_sup4.3.0_5mCG_5hmCG.bam	s3://human-pangenomics/working/HPP/AMED/NA18944/raw_data/nanopore/dorado0.5.3_sup4.3.0_5mCG_5hmCG/12_12_23_R1041_AMED-Collaboration-HPRC_NA18944_1_dorado0.5.3_sup4.3.0_5mCG_5hmCG.bam	78510	dna_r10.4.1_e8.2_400bps_sup@v4.3.0	SQK-ULK114
NA18945	12_05_23_R1041_AMED-Collaboration-HPRC_NA18945_1_dorado0.5.3_sup4.3.0_5mCG_5hmCG.bam	6.08	20.1	https://s3-us-west-2.amazonaws.com/human-pangenomics/working/HPP/AMED/NA18945/raw_data/nanopore/dorado0.5.3_sup4.3.0_5mCG_5hmCG/12_05_23_R1041_AMED-Collaboration-HPRC_NA18945_1_dorado0.5.3_sup4.3.0_5mCG_5hmCG.bam	s3://human-pangenomics/working/HPP/AMED/NA18945/raw_data/nanopore/dorado0.5.3_sup4.3.0_5mCG_5hmCG/12_05_23_R1041_AMED-Collaboration-HPRC_NA18945_1_dorado0.5.3_sup4.3.0_5mCG_5hmCG.bam	71554	dna_r10.4.1_e8.2_400bps_sup@v4.3.0	SQK-ULK114
NA18945	12_05_23_R1041_AMED-Collaboration-HPRC_NA18945_2_dorado0.5.3_sup4.3.0_5mCG_5hmCG.bam	10.49	34.6	https://s3-us-west-2.amazonaws.com/human-pangenomics/working/HPP/AMED/NA18945/raw_data/nanopore/dorado0.5.3_sup4.3.0_5mCG_5hmCG/12_05_23_R1041_AMED-Collaboration-HPRC_NA18945_2_dorado0.5.3_sup4.3.0_5mCG_5hmCG.bam	s3://human-pangenomics/working/HPP/AMED/NA18945/raw_data/nanopore/dorado0.5.3_sup4.3.0_5mCG_5hmCG/12_05_23_R1041_AMED-Collaboration-HPRC_NA18945_2_dorado0.5.3_sup4.3.0_5mCG_5hmCG.bam	73357	dna_r10.4.1_e8.2_400bps_sup@v4.3.0	SQK-ULK114
NA18945	12_05_23_R1041_AMED-Collaboration-HPRC_NA18945_3_dorado0.5.3_sup4.3.0_5mCG_5hmCG.bam	2.85	9.4	https://s3-us-west-2.amazonaws.com/human-pangenomics/working/HPP/AMED/NA18945/raw_data/nanopore/dorado0.5.3_sup4.3.0_5mCG_5hmCG/12_05_23_R1041_AMED-Collaboration-HPRC_NA18945_3_dorado0.5.3_sup4.3.0_5mCG_5hmCG.bam	s3://human-pangenomics/working/HPP/AMED/NA18945/raw_data/nanopore/dorado0.5.3_sup4.3.0_5mCG_5hmCG/12_05_23_R1041_AMED-Collaboration-HPRC_NA18945_3_dorado0.5.3_sup4.3.0_5mCG_5hmCG.bam	72711	dna_r10.4.1_e8.2_400bps_sup@v4.3.0	SQK-ULK114
NA18945	12_05_23_R1041_AMED-Collaboration-HPRC_NA18945_4_dorado0.5.3_sup4.3.0_5mCG_5hmCG.bam	0.17	0.6	https://s3-us-west-2.amazonaws.com/human-pangenomics/working/HPP/AMED/NA18945/raw_data/nanopore/dorado0.5.3_sup4.3.0_5mCG_5hmCG/12_05_23_R1041_AMED-Collaboration-HPRC_NA18945_4_dorado0.5.3_sup4.3.0_5mCG_5hmCG.bam	s3://human-pangenomics/working/HPP/AMED/NA18945/raw_data/nanopore/dorado0.5.3_sup4.3.0_5mCG_5hmCG/12_05_23_R1041_AMED-Collaboration-HPRC_NA18945_4_dorado0.5.3_sup4.3.0_5mCG_5hmCG.bam	84631	dna_r10.4.1_e8.2_400bps_sup@v4.3.0	SQK-ULK114
NA18945	12_12_23_R1041_AMED-Collaboration-HPRC_NA18945_1_dorado0.5.3_sup4.3.0_5mCG_5hmCG.bam	10.99	36.3	https://s3-us-west-2.amazonaws.com/human-pangenomics/working/HPP/AMED/NA18945/raw_data/nanopore/dorado0.5.3_sup4.3.0_5mCG_5hmCG/12_12_23_R1041_AMED-Collaboration-HPRC_NA18945_1_dorado0.5.3_sup4.3.0_5mCG_5hmCG.bam	s3://human-pangenomics/working/HPP/AMED/NA18945/raw_data/nanopore/dorado0.5.3_sup4.3.0_5mCG_5hmCG/12_12_23_R1041_AMED-Collaboration-HPRC_NA18945_1_dorado0.5.3_sup4.3.0_5mCG_5hmCG.bam	83367	dna_r10.4.1_e8.2_400bps_sup@v4.3.0	SQK-ULK114
NA18945	12_12_23_R1041_AMED-Collaboration-HPRC_NA18945_2_dorado0.5.3_sup4.3.0_5mCG_5hmCG.bam	16.19	53.4	https://s3-us-west-2.amazonaws.com/human-pangenomics/working/HPP/AMED/NA18945/raw_data/nanopore/dorado0.5.3_sup4.3.0_5mCG_5hmCG/12_12_23_R1041_AMED-Collaboration-HPRC_NA18945_2_dorado0.5.3_sup4.3.0_5mCG_5hmCG.bam	s3://human-pangenomics/working/HPP/AMED/NA18945/raw_data/nanopore/dorado0.5.3_sup4.3.0_5mCG_5hmCG/12_12_23_R1041_AMED-Collaboration-HPRC_NA18945_2_dorado0.5.3_sup4.3.0_5mCG_5hmCG.bam	80485	dna_r10.4.1_e8.2_400bps_sup@v4.3.0	SQK-ULK114
NA18945	12_12_23_R1041_AMED-Collaboration-HPRC_NA18945_3_dorado0.5.3_sup4.3.0_5mCG_5hmCG.bam	18.24	60.2	https://s3-us-west-2.amazonaws.com/human-pangenomics/working/HPP/AMED/NA18945/raw_data/nanopore/dorado0.5.3_sup4.3.0_5mCG_5hmCG/12_12_23_R1041_AMED-Collaboration-HPRC_NA18945_3_dorado0.5.3_sup4.3.0_5mCG_5hmCG.bam	s3://human-pangenomics/working/HPP/AMED/NA18945/raw_data/nanopore/dorado0.5.3_sup4.3.0_5mCG_5hmCG/12_12_23_R1041_AMED-Collaboration-HPRC_NA18945_3_dorado0.5.3_sup4.3.0_5mCG_5hmCG.bam	92339	dna_r10.4.1_e8.2_400bps_sup@v4.3.0	SQK-ULK114
NA18948	01_09_24_R1041_AMED-Collaboration-HPRC_NA18948_1_dorado0.5.3_sup4.3.0_5mCG_5hmCG.bam	17.57	58.0	https://s3-us-west-2.amazonaws.com/human-pangenomics/working/HPP/AMED/NA18948/raw_data/nanopore/dorado0.5.3_sup4.3.0_5mCG_5hmCG/01_09_24_R1041_AMED-Collaboration-HPRC_NA18948_1_dorado0.5.3_sup4.3.0_5mCG_5hmCG.bam	s3://human-pangenomics/working/HPP/AMED/NA18948/raw_data/nanopore/dorado0.5.3_sup4.3.0_5mCG_5hmCG/01_09_24_R1041_AMED-Collaboration-HPRC_NA18948_1_dorado0.5.3_sup4.3.0_5mCG_5hmCG.bam	95515	dna_r10.4.1_e8.2_400bps_sup@v4.3.0	SQK-ULK114
NA18948	01_09_24_R1041_AMED-Collaboration-HPRC_NA18948_2_dorado0.5.3_sup4.3.0_5mCG_5hmCG.bam	28.6	94.4	https://s3-us-west-2.amazonaws.com/human-pangenomics/working/HPP/AMED/NA18948/raw_data/nanopore/dorado0.5.3_sup4.3.0_5mCG_5hmCG/01_09_24_R1041_AMED-Collaboration-HPRC_NA18948_2_dorado0.5.3_sup4.3.0_5mCG_5hmCG.bam	s3://human-pangenomics/working/HPP/AMED/NA18948/raw_data/nanopore/dorado0.5.3_sup4.3.0_5mCG_5hmCG/01_09_24_R1041_AMED-Collaboration-HPRC_NA18948_2_dorado0.5.3_sup4.3.0_5mCG_5hmCG.bam	89722	dna_r10.4.1_e8.2_400bps_sup@v4.3.0	SQK-ULK114
NA18948	12_05_23_R1041_AMED-Collaboration-HPRC_NA18948_1_dorado0.5.3_sup4.3.0_5mCG_5hmCG.bam	13.23	43.7	https://s3-us-west-2.amazonaws.com/human-pangenomics/working/HPP/AMED/NA18948/raw_data/nanopore/dorado0.5.3_sup4.3.0_5mCG_5hmCG/12_05_23_R1041_AMED-Collaboration-HPRC_NA18948_1_dorado0.5.3_sup4.3.0_5mCG_5hmCG.bam	s3://human-pangenomics/working/HPP/AMED/NA18948/raw_data/nanopore/dorado0.5.3_sup4.3.0_5mCG_5hmCG/12_05_23_R1041_AMED-Collaboration-HPRC_NA18948_1_dorado0.5.3_sup4.3.0_5mCG_5hmCG.bam	69069	dna_r10.4.1_e8.2_400bps_sup@v4.3.0	SQK-ULK114
NA18948	12_05_23_R1041_AMED-Collaboration-HPRC_NA18948_2_dorado0.5.3_sup4.3.0_5mCG_5hmCG.bam	16.87	55.7	https://s3-us-west-2.amazonaws.com/human-pangenomics/working/HPP/AMED/NA18948/raw_data/nanopore/dorado0.5.3_sup4.3.0_5mCG_5hmCG/12_05_23_R1041_AMED-Collaboration-HPRC_NA18948_2_dorado0.5.3_sup4.3.0_5mCG_5hmCG.bam	s3://human-pangenomics/working/HPP/AMED/NA18948/raw_data/nanopore/dorado0.5.3_sup4.3.0_5mCG_5hmCG/12_05_23_R1041_AMED-Collaboration-HPRC_NA18948_2_dorado0.5.3_sup4.3.0_5mCG_5hmCG.bam	74894	dna_r10.4.1_e8.2_400bps_sup@v4.3.0	SQK-ULK114
NA18948	12_05_23_R1041_AMED-Collaboration-HPRC_NA18948_3_dorado0.5.3_sup4.3.0_5mCG_5hmCG.bam	17.85	58.9	https://s3-us-west-2.amazonaws.com/human-pangenomics/working/HPP/AMED/NA18948/raw_data/nanopore/dorado0.5.3_sup4.3.0_5mCG_5hmCG/12_05_23_R1041_AMED-Collaboration-HPRC_NA18948_3_dorado0.5.3_sup4.3.0_5mCG_5hmCG.bam	s3://human-pangenomics/working/HPP/AMED/NA18948/raw_data/nanopore/dorado0.5.3_sup4.3.0_5mCG_5hmCG/12_05_23_R1041_AMED-Collaboration-HPRC_NA18948_3_dorado0.5.3_sup4.3.0_5mCG_5hmCG.bam	71778	dna_r10.4.1_e8.2_400bps_sup@v4.3.0	SQK-ULK114
NA18952	11_28_23_R1041_HPRC_NA18952_1_dorado0.6.0_sup4.3.0_5mCG_5hmCG.bam	26.48	87.4	https://s3-us-west-2.amazonaws.com/human-pangenomics/working/HPRC/NA18952/raw_data/nanopore/dorado0.6.0_sup4.3.0_5mCG_5hmCG/11_28_23_R1041_HPRC_NA18952_1_dorado0.6.0_sup4.3.0_5mCG_5hmCG.bam	s3://human-pangenomics/working/HPRC/NA18952/raw_data/nanopore/dorado0.6.0_sup4.3.0_5mCG_5hmCG/11_28_23_R1041_HPRC_NA18952_1_dorado0.6.0_sup4.3.0_5mCG_5hmCG.bam	76378	dna_r10.4.1_e8.2_400bps_sup@v4.3.0	SQK-ULK114
NA18952	11_28_23_R1041_HPRC_NA18952_2_dorado0.6.0_sup4.3.0_5mCG_5hmCG.bam	25.49	84.1	https://s3-us-west-2.amazonaws.com/human-pangenomics/working/HPRC/NA18952/raw_data/nanopore/dorado0.6.0_sup4.3.0_5mCG_5hmCG/11_28_23_R1041_HPRC_NA18952_2_dorado0.6.0_sup4.3.0_5mCG_5hmCG.bam	s3://human-pangenomics/working/HPRC/NA18952/raw_data/nanopore/dorado0.6.0_sup4.3.0_5mCG_5hmCG/11_28_23_R1041_HPRC_NA18952_2_dorado0.6.0_sup4.3.0_5mCG_5hmCG.bam	77524	dna_r10.4.1_e8.2_400bps_sup@v4.3.0	SQK-ULK114
NA18952	11_28_23_R1041_HPRC_NA18952_3_dorado0.6.0_sup4.3.0_5mCG_5hmCG.bam	24.09	79.5	https://s3-us-west-2.amazonaws.com/human-pangenomics/working/HPRC/NA18952/raw_data/nanopore/dorado0.6.0_sup4.3.0_5mCG_5hmCG/11_28_23_R1041_HPRC_NA18952_3_dorado0.6.0_sup4.3.0_5mCG_5hmCG.bam	s3://human-pangenomics/working/HPRC/NA18952/raw_data/nanopore/dorado0.6.0_sup4.3.0_5mCG_5hmCG/11_28_23_R1041_HPRC_NA18952_3_dorado0.6.0_sup4.3.0_5mCG_5hmCG.bam	74943	dna_r10.4.1_e8.2_400bps_sup@v4.3.0	SQK-ULK114
NA18959	01_09_24_R1041_AMED-Collaboration-HPRC_NA18959_1_dorado0.5.3_sup4.3.0_5mCG_5hmCG.bam	23.11	76.3	https://s3-us-west-2.amazonaws.com/human-pangenomics/working/HPP/AMED/NA18959/raw_data/nanopore/dorado0.5.3_sup4.3.0_5mCG_5hmCG/01_09_24_R1041_AMED-Collaboration-HPRC_NA18959_1_dorado0.5.3_sup4.3.0_5mCG_5hmCG.bam	s3://human-pangenomics/working/HPP/AMED/NA18959/raw_data/nanopore/dorado0.5.3_sup4.3.0_5mCG_5hmCG/01_09_24_R1041_AMED-Collaboration-HPRC_NA18959_1_dorado0.5.3_sup4.3.0_5mCG_5hmCG.bam	86205	dna_r10.4.1_e8.2_400bps_sup@v4.3.0	SQK-ULK114
NA18959	01_09_24_R1041_AMED-Collaboration-HPRC_NA18959_2_dorado0.5.3_sup4.3.0_5mCG_5hmCG.bam	22.17	73.2	https://s3-us-west-2.amazonaws.com/human-pangenomics/working/HPP/AMED/NA18959/raw_data/nanopore/dorado0.5.3_sup4.3.0_5mCG_5hmCG/01_09_24_R1041_AMED-Collaboration-HPRC_NA18959_2_dorado0.5.3_sup4.3.0_5mCG_5hmCG.bam	s3://human-pangenomics/working/HPP/AMED/NA18959/raw_data/nanopore/dorado0.5.3_sup4.3.0_5mCG_5hmCG/01_09_24_R1041_AMED-Collaboration-HPRC_NA18959_2_dorado0.5.3_sup4.3.0_5mCG_5hmCG.bam	94824	dna_r10.4.1_e8.2_400bps_sup@v4.3.0	SQK-ULK114
NA18959	01_09_24_R1041_AMED-Collaboration-HPRC_NA18959_3_dorado0.5.3_sup4.3.0_5mCG_5hmCG.bam	23.7	78.2	https://s3-us-west-2.amazonaws.com/human-pangenomics/working/HPP/AMED/NA18959/raw_data/nanopore/dorado0.5.3_sup4.3.0_5mCG_5hmCG/01_09_24_R1041_AMED-Collaboration-HPRC_NA18959_3_dorado0.5.3_sup4.3.0_5mCG_5hmCG.bam	s3://human-pangenomics/working/HPP/AMED/NA18959/raw_data/nanopore/dorado0.5.3_sup4.3.0_5mCG_5hmCG/01_09_24_R1041_AMED-Collaboration-HPRC_NA18959_3_dorado0.5.3_sup4.3.0_5mCG_5hmCG.bam	92026	dna_r10.4.1_e8.2_400bps_sup@v4.3.0	SQK-ULK114
NA18960	01_09_24_R1041_AMED-Collaboration-HPRC_NA18960_1_dorado0.5.3_sup4.3.0_5mCG_5hmCG.bam	27.48	90.7	https://s3-us-west-2.amazonaws.com/human-pangenomics/working/HPP/AMED/NA18960/raw_data/nanopore/dorado0.5.3_sup4.3.0_5mCG_5hmCG/01_09_24_R1041_AMED-Collaboration-HPRC_NA18960_1_dorado0.5.3_sup4.3.0_5mCG_5hmCG.bam	s3://human-pangenomics/working/HPP/AMED/NA18960/raw_data/nanopore/dorado0.5.3_sup4.3.0_5mCG_5hmCG/01_09_24_R1041_AMED-Collaboration-HPRC_NA18960_1_dorado0.5.3_sup4.3.0_5mCG_5hmCG.bam	86535	dna_r10.4.1_e8.2_400bps_sup@v4.3.0	SQK-ULK114
NA18960	01_09_24_R1041_AMED-Collaboration-HPRC_NA18960_2_dorado0.5.3_sup4.3.0_5mCG_5hmCG.bam	25.96	85.7	https://s3-us-west-2.amazonaws.com/human-pangenomics/working/HPP/AMED/NA18960/raw_data/nanopore/dorado0.5.3_sup4.3.0_5mCG_5hmCG/01_09_24_R1041_AMED-Collaboration-HPRC_NA18960_2_dorado0.5.3_sup4.3.0_5mCG_5hmCG.bam	s3://human-pangenomics/working/HPP/AMED/NA18960/raw_data/nanopore/dorado0.5.3_sup4.3.0_5mCG_5hmCG/01_09_24_R1041_AMED-Collaboration-HPRC_NA18960_2_dorado0.5.3_sup4.3.0_5mCG_5hmCG.bam	86994	dna_r10.4.1_e8.2_400bps_sup@v4.3.0	SQK-ULK114
NA18960	01_09_24_R1041_AMED-Collaboration-HPRC_NA18960_3_dorado0.5.3_sup4.3.0_5mCG_5hmCG.bam	24.02	79.3	https://s3-us-west-2.amazonaws.com/human-pangenomics/working/HPP/AMED/NA18960/raw_data/nanopore/dorado0.5.3_sup4.3.0_5mCG_5hmCG/01_09_24_R1041_AMED-Collaboration-HPRC_NA18960_3_dorado0.5.3_sup4.3.0_5mCG_5hmCG.bam	s3://human-pangenomics/working/HPP/AMED/NA18960/raw_data/nanopore/dorado0.5.3_sup4.3.0_5mCG_5hmCG/01_09_24_R1041_AMED-Collaboration-HPRC_NA18960_3_dorado0.5.3_sup4.3.0_5mCG_5hmCG.bam	85904	dna_r10.4.1_e8.2_400bps_sup@v4.3.0	SQK-ULK114
NA18967	01_09_24_R1041_AMED-Collaboration-HPRC_NA18967_1_dorado0.5.3_sup4.3.0_5mCG_5hmCG.bam	14.23	47.0	https://s3-us-west-2.amazonaws.com/human-pangenomics/working/HPP/AMED/NA18967/raw_data/nanopore/dorado0.5.3_sup4.3.0_5mCG_5hmCG/01_09_24_R1041_AMED-Collaboration-HPRC_NA18967_1_dorado0.5.3_sup4.3.0_5mCG_5hmCG.bam	s3://human-pangenomics/working/HPP/AMED/NA18967/raw_data/nanopore/dorado0.5.3_sup4.3.0_5mCG_5hmCG/01_09_24_R1041_AMED-Collaboration-HPRC_NA18967_1_dorado0.5.3_sup4.3.0_5mCG_5hmCG.bam	83952	dna_r10.4.1_e8.2_400bps_sup@v4.3.0	SQK-ULK114
NA18967	01_09_24_R1041_AMED-Collaboration-HPRC_NA18967_2_dorado0.5.3_sup4.3.0_5mCG_5hmCG.bam	20.02	66.0	https://s3-us-west-2.amazonaws.com/human-pangenomics/working/HPP/AMED/NA18967/raw_data/nanopore/dorado0.5.3_sup4.3.0_5mCG_5hmCG/01_09_24_R1041_AMED-Collaboration-HPRC_NA18967_2_dorado0.5.3_sup4.3.0_5mCG_5hmCG.bam	s3://human-pangenomics/working/HPP/AMED/NA18967/raw_data/nanopore/dorado0.5.3_sup4.3.0_5mCG_5hmCG/01_09_24_R1041_AMED-Collaboration-HPRC_NA18967_2_dorado0.5.3_sup4.3.0_5mCG_5hmCG.bam	81953	dna_r10.4.1_e8.2_400bps_sup@v4.3.0	SQK-ULK114
NA18967	01_09_24_R1041_AMED-Collaboration-HPRC_NA18967_3_dorado0.5.3_sup4.3.0_5mCG_5hmCG.bam	24.25	80.0	https://s3-us-west-2.amazonaws.com/human-pangenomics/working/HPP/AMED/NA18967/raw_data/nanopore/dorado0.5.3_sup4.3.0_5mCG_5hmCG/01_09_24_R1041_AMED-Collaboration-HPRC_NA18967_3_dorado0.5.3_sup4.3.0_5mCG_5hmCG.bam	s3://human-pangenomics/working/HPP/AMED/NA18967/raw_data/nanopore/dorado0.5.3_sup4.3.0_5mCG_5hmCG/01_09_24_R1041_AMED-Collaboration-HPRC_NA18967_3_dorado0.5.3_sup4.3.0_5mCG_5hmCG.bam	91691	dna_r10.4.1_e8.2_400bps_sup@v4.3.0	SQK-ULK114
NA18967	01_09_24_R1041_AMED-Collaboration-HPRC_NA18967_4_dorado0.5.3_sup4.3.0_5mCG_5hmCG.bam	7.36	24.3	https://s3-us-west-2.amazonaws.com/human-pangenomics/working/HPP/AMED/NA18967/raw_data/nanopore/dorado0.5.3_sup4.3.0_5mCG_5hmCG/01_09_24_R1041_AMED-Collaboration-HPRC_NA18967_4_dorado0.5.3_sup4.3.0_5mCG_5hmCG.bam	s3://human-pangenomics/working/HPP/AMED/NA18967/raw_data/nanopore/dorado0.5.3_sup4.3.0_5mCG_5hmCG/01_09_24_R1041_AMED-Collaboration-HPRC_NA18967_4_dorado0.5.3_sup4.3.0_5mCG_5hmCG.bam	95062	dna_r10.4.1_e8.2_400bps_sup@v4.3.0	SQK-ULK114
NA18970	01_09_24_R1041_AMED-Collaboration-HPRC_NA18970_1_dorado0.5.3_sup4.3.0_5mCG_5hmCG.bam	28.19	93.0	https://s3-us-west-2.amazonaws.com/human-pangenomics/working/HPP/AMED/NA18970/raw_data/nanopore/dorado0.5.3_sup4.3.0_5mCG_5hmCG/01_09_24_R1041_AMED-Collaboration-HPRC_NA18970_1_dorado0.5.3_sup4.3.0_5mCG_5hmCG.bam	s3://human-pangenomics/working/HPP/AMED/NA18970/raw_data/nanopore/dorado0.5.3_sup4.3.0_5mCG_5hmCG/01_09_24_R1041_AMED-Collaboration-HPRC_NA18970_1_dorado0.5.3_sup4.3.0_5mCG_5hmCG.bam	88506	dna_r10.4.1_e8.2_400bps_sup@v4.3.0	SQK-ULK114
NA18970	01_09_24_R1041_AMED-Collaboration-HPRC_NA18970_2_dorado0.5.3_sup4.3.0_5mCG_5hmCG.bam	22.03	72.7	https://s3-us-west-2.amazonaws.com/human-pangenomics/working/HPP/AMED/NA18970/raw_data/nanopore/dorado0.5.3_sup4.3.0_5mCG_5hmCG/01_09_24_R1041_AMED-Collaboration-HPRC_NA18970_2_dorado0.5.3_sup4.3.0_5mCG_5hmCG.bam	s3://human-pangenomics/working/HPP/AMED/NA18970/raw_data/nanopore/dorado0.5.3_sup4.3.0_5mCG_5hmCG/01_09_24_R1041_AMED-Collaboration-HPRC_NA18970_2_dorado0.5.3_sup4.3.0_5mCG_5hmCG.bam	87730	dna_r10.4.1_e8.2_400bps_sup@v4.3.0	SQK-ULK114
NA18970	01_09_24_R1041_AMED-Collaboration-HPRC_NA18970_3_dorado0.5.3_sup4.3.0_5mCG_5hmCG.bam	16.57	54.7	https://s3-us-west-2.amazonaws.com/human-pangenomics/working/HPP/AMED/NA18970/raw_data/nanopore/dorado0.5.3_sup4.3.0_5mCG_5hmCG/01_09_24_R1041_AMED-Collaboration-HPRC_NA18970_3_dorado0.5.3_sup4.3.0_5mCG_5hmCG.bam	s3://human-pangenomics/working/HPP/AMED/NA18970/raw_data/nanopore/dorado0.5.3_sup4.3.0_5mCG_5hmCG/01_09_24_R1041_AMED-Collaboration-HPRC_NA18970_3_dorado0.5.3_sup4.3.0_5mCG_5hmCG.bam	70390	dna_r10.4.1_e8.2_400bps_sup@v4.3.0	SQK-ULK114
NA18974	11_28_23_R1041_HPRC_NA18974_1_dorado0.6.0_sup4.3.0_5mCG_5hmCG.bam	25.16	83.0	https://s3-us-west-2.amazonaws.com/human-pangenomics/working/HPRC/NA18974/raw_data/nanopore/dorado0.6.0_sup4.3.0_5mCG_5hmCG/11_28_23_R1041_HPRC_NA18974_1_dorado0.6.0_sup4.3.0_5mCG_5hmCG.bam	s3://human-pangenomics/working/HPRC/NA18974/raw_data/nanopore/dorado0.6.0_sup4.3.0_5mCG_5hmCG/11_28_23_R1041_HPRC_NA18974_1_dorado0.6.0_sup4.3.0_5mCG_5hmCG.bam	82940	dna_r10.4.1_e8.2_400bps_sup@v4.3.0	SQK-ULK114
NA18974	11_28_23_R1041_HPRC_NA18974_2_dorado0.6.0_sup4.3.0_5mCG_5hmCG.bam	27.71	91.5	https://s3-us-west-2.amazonaws.com/human-pangenomics/working/HPRC/NA18974/raw_data/nanopore/dorado0.6.0_sup4.3.0_5mCG_5hmCG/11_28_23_R1041_HPRC_NA18974_2_dorado0.6.0_sup4.3.0_5mCG_5hmCG.bam	s3://human-pangenomics/working/HPRC/NA18974/raw_data/nanopore/dorado0.6.0_sup4.3.0_5mCG_5hmCG/11_28_23_R1041_HPRC_NA18974_2_dorado0.6.0_sup4.3.0_5mCG_5hmCG.bam	80674	dna_r10.4.1_e8.2_400bps_sup@v4.3.0	SQK-ULK114
NA18974	11_28_23_R1041_HPRC_NA18974_3_dorado0.6.0_sup4.3.0_5mCG_5hmCG.bam	13.3	43.9	https://s3-us-west-2.amazonaws.com/human-pangenomics/working/HPRC/NA18974/raw_data/nanopore/dorado0.6.0_sup4.3.0_5mCG_5hmCG/11_28_23_R1041_HPRC_NA18974_3_dorado0.6.0_sup4.3.0_5mCG_5hmCG.bam	s3://human-pangenomics/working/HPRC/NA18974/raw_data/nanopore/dorado0.6.0_sup4.3.0_5mCG_5hmCG/11_28_23_R1041_HPRC_NA18974_3_dorado0.6.0_sup4.3.0_5mCG_5hmCG.bam	81432	dna_r10.4.1_e8.2_400bps_sup@v4.3.0	SQK-ULK114
NA18974	11_28_23_R1041_HPRC_NA18974_4_dorado0.6.0_sup4.3.0_5mCG_5hmCG.bam	19.03	62.8	https://s3-us-west-2.amazonaws.com/human-pangenomics/working/HPRC/NA18974/raw_data/nanopore/dorado0.6.0_sup4.3.0_5mCG_5hmCG/11_28_23_R1041_HPRC_NA18974_4_dorado0.6.0_sup4.3.0_5mCG_5hmCG.bam	s3://human-pangenomics/working/HPRC/NA18974/raw_data/nanopore/dorado0.6.0_sup4.3.0_5mCG_5hmCG/11_28_23_R1041_HPRC_NA18974_4_dorado0.6.0_sup4.3.0_5mCG_5hmCG.bam	82076	dna_r10.4.1_e8.2_400bps_sup@v4.3.0	SQK-ULK114
NA18976	12_12_23_R1041_HPRC_NA18976_1_dorado0.6.0_sup4.3.0_5mCG_5hmCG.bam	23.93	79.0	https://s3-us-west-2.amazonaws.com/human-pangenomics/working/HPRC/NA18976/raw_data/nanopore/dorado0.6.0_sup4.3.0_5mCG_5hmCG/12_12_23_R1041_HPRC_NA18976_1_dorado0.6.0_sup4.3.0_5mCG_5hmCG.bam	s3://human-pangenomics/working/HPRC/NA18976/raw_data/nanopore/dorado0.6.0_sup4.3.0_5mCG_5hmCG/12_12_23_R1041_HPRC_NA18976_1_dorado0.6.0_sup4.3.0_5mCG_5hmCG.bam	74401	dna_r10.4.1_e8.2_400bps_sup@v4.3.0	SQK-ULK114
NA18976	12_12_23_R1041_HPRC_NA18976_2_dorado0.6.0_sup4.3.0_5mCG_5hmCG.bam	16.97	56.0	https://s3-us-west-2.amazonaws.com/human-pangenomics/working/HPRC/NA18976/raw_data/nanopore/dorado0.6.0_sup4.3.0_5mCG_5hmCG/12_12_23_R1041_HPRC_NA18976_2_dorado0.6.0_sup4.3.0_5mCG_5hmCG.bam	s3://human-pangenomics/working/HPRC/NA18976/raw_data/nanopore/dorado0.6.0_sup4.3.0_5mCG_5hmCG/12_12_23_R1041_HPRC_NA18976_2_dorado0.6.0_sup4.3.0_5mCG_5hmCG.bam	75104	dna_r10.4.1_e8.2_400bps_sup@v4.3.0	SQK-ULK114
NA18976	12_12_23_R1041_HPRC_NA18976_3_dorado0.6.0_sup4.3.0_5mCG_5hmCG.bam	23.93	79.0	https://s3-us-west-2.amazonaws.com/human-pangenomics/working/HPRC/NA18976/raw_data/nanopore/dorado0.6.0_sup4.3.0_5mCG_5hmCG/12_12_23_R1041_HPRC_NA18976_3_dorado0.6.0_sup4.3.0_5mCG_5hmCG.bam	s3://human-pangenomics/working/HPRC/NA18976/raw_data/nanopore/dorado0.6.0_sup4.3.0_5mCG_5hmCG/12_12_23_R1041_HPRC_NA18976_3_dorado0.6.0_sup4.3.0_5mCG_5hmCG.bam	76620	dna_r10.4.1_e8.2_400bps_sup@v4.3.0	SQK-ULK114
NA18982	01_09_24_R1041_AMED-Collaboration-HPRC_NA18982_1_dorado0.5.3_sup4.3.0_5mCG_5hmCG.bam	21.75	71.8	https://s3-us-west-2.amazonaws.com/human-pangenomics/working/HPP/AMED/NA18982/raw_data/nanopore/dorado0.5.3_sup4.3.0_5mCG_5hmCG/01_09_24_R1041_AMED-Collaboration-HPRC_NA18982_1_dorado0.5.3_sup4.3.0_5mCG_5hmCG.bam	s3://human-pangenomics/working/HPP/AMED/NA18982/raw_data/nanopore/dorado0.5.3_sup4.3.0_5mCG_5hmCG/01_09_24_R1041_AMED-Collaboration-HPRC_NA18982_1_dorado0.5.3_sup4.3.0_5mCG_5hmCG.bam	88281	dna_r10.4.1_e8.2_400bps_sup@v4.3.0	SQK-ULK114
NA18982	01_09_24_R1041_AMED-Collaboration-HPRC_NA18982_2_dorado0.5.3_sup4.3.0_5mCG_5hmCG.bam	11.88	39.2	https://s3-us-west-2.amazonaws.com/human-pangenomics/working/HPP/AMED/NA18982/raw_data/nanopore/dorado0.5.3_sup4.3.0_5mCG_5hmCG/01_09_24_R1041_AMED-Collaboration-HPRC_NA18982_2_dorado0.5.3_sup4.3.0_5mCG_5hmCG.bam	s3://human-pangenomics/working/HPP/AMED/NA18982/raw_data/nanopore/dorado0.5.3_sup4.3.0_5mCG_5hmCG/01_09_24_R1041_AMED-Collaboration-HPRC_NA18982_2_dorado0.5.3_sup4.3.0_5mCG_5hmCG.bam	39152	dna_r10.4.1_e8.2_400bps_sup@v4.3.0	SQK-ULK114
NA18982	01_09_24_R1041_AMED-Collaboration-HPRC_NA18982_3_dorado0.5.3_sup4.3.0_5mCG_5hmCG.bam	20.94	69.1	https://s3-us-west-2.amazonaws.com/human-pangenomics/working/HPP/AMED/NA18982/raw_data/nanopore/dorado0.5.3_sup4.3.0_5mCG_5hmCG/01_09_24_R1041_AMED-Collaboration-HPRC_NA18982_3_dorado0.5.3_sup4.3.0_5mCG_5hmCG.bam	s3://human-pangenomics/working/HPP/AMED/NA18982/raw_data/nanopore/dorado0.5.3_sup4.3.0_5mCG_5hmCG/01_09_24_R1041_AMED-Collaboration-HPRC_NA18982_3_dorado0.5.3_sup4.3.0_5mCG_5hmCG.bam	88648	dna_r10.4.1_e8.2_400bps_sup@v4.3.0	SQK-ULK114
NA18982	01_09_24_R1041_AMED-Collaboration-HPRC_NA18982_4_dorado0.5.3_sup4.3.0_5mCG_5hmCG.bam	7.31	24.1	https://s3-us-west-2.amazonaws.com/human-pangenomics/working/HPP/AMED/NA18982/raw_data/nanopore/dorado0.5.3_sup4.3.0_5mCG_5hmCG/01_09_24_R1041_AMED-Collaboration-HPRC_NA18982_4_dorado0.5.3_sup4.3.0_5mCG_5hmCG.bam	s3://human-pangenomics/working/HPP/AMED/NA18982/raw_data/nanopore/dorado0.5.3_sup4.3.0_5mCG_5hmCG/01_09_24_R1041_AMED-Collaboration-HPRC_NA18982_4_dorado0.5.3_sup4.3.0_5mCG_5hmCG.bam	93907	dna_r10.4.1_e8.2_400bps_sup@v4.3.0	SQK-ULK114
NA19036	01_23_24_R1041_HPRC_NA19036_1_dorado0.6.0_sup4.3.0_5mCG_5hmCG.bam	18.93	62.5	https://s3-us-west-2.amazonaws.com/human-pangenomics/working/HPRC/NA19036/raw_data/nanopore/dorado0.6.0_sup4.3.0_5mCG_5hmCG/01_23_24_R1041_HPRC_NA19036_1_dorado0.6.0_sup4.3.0_5mCG_5hmCG.bam	s3://human-pangenomics/working/HPRC/NA19036/raw_data/nanopore/dorado0.6.0_sup4.3.0_5mCG_5hmCG/01_23_24_R1041_HPRC_NA19036_1_dorado0.6.0_sup4.3.0_5mCG_5hmCG.bam	93887	dna_r10.4.1_e8.2_400bps_sup@v4.3.0	SQK-ULK114
NA19036	01_23_24_R1041_HPRC_NA19036_2_dorado0.6.0_sup4.3.0_5mCG_5hmCG.bam	9.55	31.5	https://s3-us-west-2.amazonaws.com/human-pangenomics/working/HPRC/NA19036/raw_data/nanopore/dorado0.6.0_sup4.3.0_5mCG_5hmCG/01_23_24_R1041_HPRC_NA19036_2_dorado0.6.0_sup4.3.0_5mCG_5hmCG.bam	s3://human-pangenomics/working/HPRC/NA19036/raw_data/nanopore/dorado0.6.0_sup4.3.0_5mCG_5hmCG/01_23_24_R1041_HPRC_NA19036_2_dorado0.6.0_sup4.3.0_5mCG_5hmCG.bam	101740	dna_r10.4.1_e8.2_400bps_sup@v4.3.0	SQK-ULK114
NA19036	01_23_24_R1041_HPRC_NA19036_3_dorado0.6.0_sup4.3.0_5mCG_5hmCG.bam	10.7	35.3	https://s3-us-west-2.amazonaws.com/human-pangenomics/working/HPRC/NA19036/raw_data/nanopore/dorado0.6.0_sup4.3.0_5mCG_5hmCG/01_23_24_R1041_HPRC_NA19036_3_dorado0.6.0_sup4.3.0_5mCG_5hmCG.bam	s3://human-pangenomics/working/HPRC/NA19036/raw_data/nanopore/dorado0.6.0_sup4.3.0_5mCG_5hmCG/01_23_24_R1041_HPRC_NA19036_3_dorado0.6.0_sup4.3.0_5mCG_5hmCG.bam	100299	dna_r10.4.1_e8.2_400bps_sup@v4.3.0	SQK-ULK114
NA19036	12_05_23_R1041_HPRC_NA19036_1_dorado0.6.0_sup4.3.0_5mCG_5hmCG.bam	21.29	70.3	https://s3-us-west-2.amazonaws.com/human-pangenomics/working/HPRC/NA19036/raw_data/nanopore/dorado0.6.0_sup4.3.0_5mCG_5hmCG/12_05_23_R1041_HPRC_NA19036_1_dorado0.6.0_sup4.3.0_5mCG_5hmCG.bam	s3://human-pangenomics/working/HPRC/NA19036/raw_data/nanopore/dorado0.6.0_sup4.3.0_5mCG_5hmCG/12_05_23_R1041_HPRC_NA19036_1_dorado0.6.0_sup4.3.0_5mCG_5hmCG.bam	59325	dna_r10.4.1_e8.2_400bps_sup@v4.3.0	SQK-ULK114
NA19036	12_05_23_R1041_HPRC_NA19036_2_dorado0.6.0_sup4.3.0_5mCG_5hmCG.bam	14.55	48.0	https://s3-us-west-2.amazonaws.com/human-pangenomics/working/HPRC/NA19036/raw_data/nanopore/dorado0.6.0_sup4.3.0_5mCG_5hmCG/12_05_23_R1041_HPRC_NA19036_2_dorado0.6.0_sup4.3.0_5mCG_5hmCG.bam	s3://human-pangenomics/working/HPRC/NA19036/raw_data/nanopore/dorado0.6.0_sup4.3.0_5mCG_5hmCG/12_05_23_R1041_HPRC_NA19036_2_dorado0.6.0_sup4.3.0_5mCG_5hmCG.bam	67608	dna_r10.4.1_e8.2_400bps_sup@v4.3.0	SQK-ULK114
NA19036	12_05_23_R1041_HPRC_NA19036_3_dorado0.6.0_sup4.3.0_5mCG_5hmCG.bam	16.52	54.5	https://s3-us-west-2.amazonaws.com/human-pangenomics/working/HPRC/NA19036/raw_data/nanopore/dorado0.6.0_sup4.3.0_5mCG_5hmCG/12_05_23_R1041_HPRC_NA19036_3_dorado0.6.0_sup4.3.0_5mCG_5hmCG.bam	s3://human-pangenomics/working/HPRC/NA19036/raw_data/nanopore/dorado0.6.0_sup4.3.0_5mCG_5hmCG/12_05_23_R1041_HPRC_NA19036_3_dorado0.6.0_sup4.3.0_5mCG_5hmCG.bam	71988	dna_r10.4.1_e8.2_400bps_sup@v4.3.0	SQK-ULK114
NA19240	03_14_23_R1041_NA19240_1_dorado0.7.2_sup4.1.0_5mCG_5hmCG.bam	24.97	82.4	https://s3-us-west-2.amazonaws.com/human-pangenomics/working/HPRC_PLUS/NA19240/raw_data/nanopore/dorado0.7.2_sup4.1.0_5mCG_5hmCG/03_14_23_R1041_NA19240_1_dorado0.7.2_sup4.1.0_5mCG_5hmCG.bam	s3://human-pangenomics/working/HPRC_PLUS/NA19240/raw_data/nanopore/dorado0.7.2_sup4.1.0_5mCG_5hmCG/03_14_23_R1041_NA19240_1_dorado0.7.2_sup4.1.0_5mCG_5hmCG.bam	101147	dna_r10.4.1_e8.2_400bps_sup@v4.1.0	SQK-ULK110
NA19240	03_14_23_R1041_NA19240_2_dorado0.7.2_sup4.1.0_5mCG_5hmCG.bam	23.97	79.1	https://s3-us-west-2.amazonaws.com/human-pangenomics/working/HPRC_PLUS/NA19240/raw_data/nanopore/dorado0.7.2_sup4.1.0_5mCG_5hmCG/03_14_23_R1041_NA19240_2_dorado0.7.2_sup4.1.0_5mCG_5hmCG.bam	s3://human-pangenomics/working/HPRC_PLUS/NA19240/raw_data/nanopore/dorado0.7.2_sup4.1.0_5mCG_5hmCG/03_14_23_R1041_NA19240_2_dorado0.7.2_sup4.1.0_5mCG_5hmCG.bam	104114	dna_r10.4.1_e8.2_400bps_sup@v4.1.0	SQK-ULK110
NA19240	03_14_23_R1041_NA19240_3_dorado0.7.2_sup4.1.0_5mCG_5hmCG.bam	25.0	82.5	https://s3-us-west-2.amazonaws.com/human-pangenomics/working/HPRC_PLUS/NA19240/raw_data/nanopore/dorado0.7.2_sup4.1.0_5mCG_5hmCG/03_14_23_R1041_NA19240_3_dorado0.7.2_sup4.1.0_5mCG_5hmCG.bam	s3://human-pangenomics/working/HPRC_PLUS/NA19240/raw_data/nanopore/dorado0.7.2_sup4.1.0_5mCG_5hmCG/03_14_23_R1041_NA19240_3_dorado0.7.2_sup4.1.0_5mCG_5hmCG.bam	103247	dna_r10.4.1_e8.2_400bps_sup@v4.1.0	SQK-ULK110
NA19443	01_23_24_R1041_HPRC_NA19443_1_dorado0.6.0_sup4.3.0_5mCG_5hmCG.bam	18.0	59.4	https://s3-us-west-2.amazonaws.com/human-pangenomics/working/HPRC/NA19443/raw_data/nanopore/dorado0.6.0_sup4.3.0_5mCG_5hmCG/01_23_24_R1041_HPRC_NA19443_1_dorado0.6.0_sup4.3.0_5mCG_5hmCG.bam	s3://human-pangenomics/working/HPRC/NA19443/raw_data/nanopore/dorado0.6.0_sup4.3.0_5mCG_5hmCG/01_23_24_R1041_HPRC_NA19443_1_dorado0.6.0_sup4.3.0_5mCG_5hmCG.bam	86836	dna_r10.4.1_e8.2_400bps_sup@v4.3.0	SQK-ULK114
NA19443	01_23_24_R1041_HPRC_NA19443_2_dorado0.6.0_sup4.3.0_5mCG_5hmCG.bam	21.44	70.8	https://s3-us-west-2.amazonaws.com/human-pangenomics/working/HPRC/NA19443/raw_data/nanopore/dorado0.6.0_sup4.3.0_5mCG_5hmCG/01_23_24_R1041_HPRC_NA19443_2_dorado0.6.0_sup4.3.0_5mCG_5hmCG.bam	s3://human-pangenomics/working/HPRC/NA19443/raw_data/nanopore/dorado0.6.0_sup4.3.0_5mCG_5hmCG/01_23_24_R1041_HPRC_NA19443_2_dorado0.6.0_sup4.3.0_5mCG_5hmCG.bam	80834	dna_r10.4.1_e8.2_400bps_sup@v4.3.0	SQK-ULK114
NA19443	12_12_23_R1041_HPRC_NA19443_1_dorado0.6.0_sup4.3.0_5mCG_5hmCG.bam	11.36	37.5	https://s3-us-west-2.amazonaws.com/human-pangenomics/working/HPRC/NA19443/raw_data/nanopore/dorado0.6.0_sup4.3.0_5mCG_5hmCG/12_12_23_R1041_HPRC_NA19443_1_dorado0.6.0_sup4.3.0_5mCG_5hmCG.bam	s3://human-pangenomics/working/HPRC/NA19443/raw_data/nanopore/dorado0.6.0_sup4.3.0_5mCG_5hmCG/12_12_23_R1041_HPRC_NA19443_1_dorado0.6.0_sup4.3.0_5mCG_5hmCG.bam	66772	dna_r10.4.1_e8.2_400bps_sup@v4.3.0	SQK-ULK114
NA19443	12_12_23_R1041_HPRC_NA19443_2_dorado0.6.0_sup4.3.0_5mCG_5hmCG.bam	10.32	34.1	https://s3-us-west-2.amazonaws.com/human-pangenomics/working/HPRC/NA19443/raw_data/nanopore/dorado0.6.0_sup4.3.0_5mCG_5hmCG/12_12_23_R1041_HPRC_NA19443_2_dorado0.6.0_sup4.3.0_5mCG_5hmCG.bam	s3://human-pangenomics/working/HPRC/NA19443/raw_data/nanopore/dorado0.6.0_sup4.3.0_5mCG_5hmCG/12_12_23_R1041_HPRC_NA19443_2_dorado0.6.0_sup4.3.0_5mCG_5hmCG.bam	69832	dna_r10.4.1_e8.2_400bps_sup@v4.3.0	SQK-ULK114
NA19443	12_12_23_R1041_HPRC_NA19443_3_dorado0.6.0_sup4.3.0_5mCG_5hmCG.bam	8.73	28.8	https://s3-us-west-2.amazonaws.com/human-pangenomics/working/HPRC/NA19443/raw_data/nanopore/dorado0.6.0_sup4.3.0_5mCG_5hmCG/12_12_23_R1041_HPRC_NA19443_3_dorado0.6.0_sup4.3.0_5mCG_5hmCG.bam	s3://human-pangenomics/working/HPRC/NA19443/raw_data/nanopore/dorado0.6.0_sup4.3.0_5mCG_5hmCG/12_12_23_R1041_HPRC_NA19443_3_dorado0.6.0_sup4.3.0_5mCG_5hmCG.bam	76405	dna_r10.4.1_e8.2_400bps_sup@v4.3.0	SQK-ULK114
NA19682	11_28_23_R1041_HPRC_NA19682_1_dorado0.6.0_sup4.3.0_5mCG_5hmCG.bam	31.36	103.5	https://s3-us-west-2.amazonaws.com/human-pangenomics/working/HPRC/NA19682/raw_data/nanopore/dorado0.6.0_sup4.3.0_5mCG_5hmCG/11_28_23_R1041_HPRC_NA19682_1_dorado0.6.0_sup4.3.0_5mCG_5hmCG.bam	s3://human-pangenomics/working/HPRC/NA19682/raw_data/nanopore/dorado0.6.0_sup4.3.0_5mCG_5hmCG/11_28_23_R1041_HPRC_NA19682_1_dorado0.6.0_sup4.3.0_5mCG_5hmCG.bam	74515	dna_r10.4.1_e8.2_400bps_sup@v4.3.0	SQK-ULK114
NA19682	11_28_23_R1041_HPRC_NA19682_2_dorado0.6.0_sup4.3.0_5mCG_5hmCG.bam	9.34	30.8	https://s3-us-west-2.amazonaws.com/human-pangenomics/working/HPRC/NA19682/raw_data/nanopore/dorado0.6.0_sup4.3.0_5mCG_5hmCG/11_28_23_R1041_HPRC_NA19682_2_dorado0.6.0_sup4.3.0_5mCG_5hmCG.bam	s3://human-pangenomics/working/HPRC/NA19682/raw_data/nanopore/dorado0.6.0_sup4.3.0_5mCG_5hmCG/11_28_23_R1041_HPRC_NA19682_2_dorado0.6.0_sup4.3.0_5mCG_5hmCG.bam	67076	dna_r10.4.1_e8.2_400bps_sup@v4.3.0	SQK-ULK114
NA19682	11_28_23_R1041_HPRC_NA19682_3_dorado0.6.0_sup4.3.0_5mCG_5hmCG.bam	27.66	91.3	https://s3-us-west-2.amazonaws.com/human-pangenomics/working/HPRC/NA19682/raw_data/nanopore/dorado0.6.0_sup4.3.0_5mCG_5hmCG/11_28_23_R1041_HPRC_NA19682_3_dorado0.6.0_sup4.3.0_5mCG_5hmCG.bam	s3://human-pangenomics/working/HPRC/NA19682/raw_data/nanopore/dorado0.6.0_sup4.3.0_5mCG_5hmCG/11_28_23_R1041_HPRC_NA19682_3_dorado0.6.0_sup4.3.0_5mCG_5hmCG.bam	69847	dna_r10.4.1_e8.2_400bps_sup@v4.3.0	SQK-ULK114
NA19682	11_28_23_R1041_HPRC_NA19682_4_dorado0.6.0_sup4.3.0_5mCG_5hmCG.bam	18.46	60.9	https://s3-us-west-2.amazonaws.com/human-pangenomics/working/HPRC/NA19682/raw_data/nanopore/dorado0.6.0_sup4.3.0_5mCG_5hmCG/11_28_23_R1041_HPRC_NA19682_4_dorado0.6.0_sup4.3.0_5mCG_5hmCG.bam	s3://human-pangenomics/working/HPRC/NA19682/raw_data/nanopore/dorado0.6.0_sup4.3.0_5mCG_5hmCG/11_28_23_R1041_HPRC_NA19682_4_dorado0.6.0_sup4.3.0_5mCG_5hmCG.bam	66575	dna_r10.4.1_e8.2_400bps_sup@v4.3.0	SQK-ULK114
NA19700	01_23_24_R1041_HPRC_NA19700_1_dorado0.6.0_sup4.3.0_5mCG_5hmCG.bam	16.09	53.1	https://s3-us-west-2.amazonaws.com/human-pangenomics/working/HPRC/NA19700/raw_data/nanopore/dorado0.6.0_sup4.3.0_5mCG_5hmCG/01_23_24_R1041_HPRC_NA19700_1_dorado0.6.0_sup4.3.0_5mCG_5hmCG.bam	s3://human-pangenomics/working/HPRC/NA19700/raw_data/nanopore/dorado0.6.0_sup4.3.0_5mCG_5hmCG/01_23_24_R1041_HPRC_NA19700_1_dorado0.6.0_sup4.3.0_5mCG_5hmCG.bam	118028	dna_r10.4.1_e8.2_400bps_sup@v4.3.0	SQK-ULK114
NA19700	01_23_24_R1041_HPRC_NA19700_2_dorado0.6.0_sup4.3.0_5mCG_5hmCG.bam	15.86	52.3	https://s3-us-west-2.amazonaws.com/human-pangenomics/working/HPRC/NA19700/raw_data/nanopore/dorado0.6.0_sup4.3.0_5mCG_5hmCG/01_23_24_R1041_HPRC_NA19700_2_dorado0.6.0_sup4.3.0_5mCG_5hmCG.bam	s3://human-pangenomics/working/HPRC/NA19700/raw_data/nanopore/dorado0.6.0_sup4.3.0_5mCG_5hmCG/01_23_24_R1041_HPRC_NA19700_2_dorado0.6.0_sup4.3.0_5mCG_5hmCG.bam	115312	dna_r10.4.1_e8.2_400bps_sup@v4.3.0	SQK-ULK114
NA19700	09_12_23_R1041_HPRC_NA19700_1_dorado0.6.0_sup4.3.0_5mCG_5hmCG.bam	3.27	10.8	https://s3-us-west-2.amazonaws.com/human-pangenomics/working/HPRC/NA19700/raw_data/nanopore/dorado0.6.0_sup4.3.0_5mCG_5hmCG/09_12_23_R1041_HPRC_NA19700_1_dorado0.6.0_sup4.3.0_5mCG_5hmCG.bam	s3://human-pangenomics/working/HPRC/NA19700/raw_data/nanopore/dorado0.6.0_sup4.3.0_5mCG_5hmCG/09_12_23_R1041_HPRC_NA19700_1_dorado0.6.0_sup4.3.0_5mCG_5hmCG.bam	109310	dna_r10.4.1_e8.2_400bps_sup@v4.3.0	SQK-ULK114
NA19700	09_12_23_R1041_HPRC_NA19700_2_dorado0.6.0_sup4.3.0_5mCG_5hmCG.bam	8.02	26.5	https://s3-us-west-2.amazonaws.com/human-pangenomics/working/HPRC/NA19700/raw_data/nanopore/dorado0.6.0_sup4.3.0_5mCG_5hmCG/09_12_23_R1041_HPRC_NA19700_2_dorado0.6.0_sup4.3.0_5mCG_5hmCG.bam	s3://human-pangenomics/working/HPRC/NA19700/raw_data/nanopore/dorado0.6.0_sup4.3.0_5mCG_5hmCG/09_12_23_R1041_HPRC_NA19700_2_dorado0.6.0_sup4.3.0_5mCG_5hmCG.bam	117906	dna_r10.4.1_e8.2_400bps_sup@v4.3.0	SQK-ULK114
NA19700	09_12_23_R1041_HPRC_NA19700_3_dorado0.6.0_sup4.3.0_5mCG_5hmCG.bam	7.87	26.0	https://s3-us-west-2.amazonaws.com/human-pangenomics/working/HPRC/NA19700/raw_data/nanopore/dorado0.6.0_sup4.3.0_5mCG_5hmCG/09_12_23_R1041_HPRC_NA19700_3_dorado0.6.0_sup4.3.0_5mCG_5hmCG.bam	s3://human-pangenomics/working/HPRC/NA19700/raw_data/nanopore/dorado0.6.0_sup4.3.0_5mCG_5hmCG/09_12_23_R1041_HPRC_NA19700_3_dorado0.6.0_sup4.3.0_5mCG_5hmCG.bam	116408	dna_r10.4.1_e8.2_400bps_sup@v4.3.0	SQK-ULK114
NA19700	09_12_23_R1041_HPRC_NA19700_4_dorado0.6.0_sup4.3.0_5mCG_5hmCG.bam	10.59	35.0	https://s3-us-west-2.amazonaws.com/human-pangenomics/working/HPRC/NA19700/raw_data/nanopore/dorado0.6.0_sup4.3.0_5mCG_5hmCG/09_12_23_R1041_HPRC_NA19700_4_dorado0.6.0_sup4.3.0_5mCG_5hmCG.bam	s3://human-pangenomics/working/HPRC/NA19700/raw_data/nanopore/dorado0.6.0_sup4.3.0_5mCG_5hmCG/09_12_23_R1041_HPRC_NA19700_4_dorado0.6.0_sup4.3.0_5mCG_5hmCG.bam	109895	dna_r10.4.1_e8.2_400bps_sup@v4.3.0	SQK-ULK114
NA19776	10_24_23_R1041_HPRC_NA19776_1_dorado0.6.0_sup4.3.0_5mCG_5hmCG.bam	31.98	105.5	https://s3-us-west-2.amazonaws.com/human-pangenomics/working/HPRC/NA19776/raw_data/nanopore/dorado0.6.0_sup4.3.0_5mCG_5hmCG/10_24_23_R1041_HPRC_NA19776_1_dorado0.6.0_sup4.3.0_5mCG_5hmCG.bam	s3://human-pangenomics/working/HPRC/NA19776/raw_data/nanopore/dorado0.6.0_sup4.3.0_5mCG_5hmCG/10_24_23_R1041_HPRC_NA19776_1_dorado0.6.0_sup4.3.0_5mCG_5hmCG.bam	76649	dna_r10.4.1_e8.2_400bps_sup@v4.3.0	SQK-ULK114
NA19776	10_24_23_R1041_HPRC_NA19776_2_dorado0.6.0_sup4.3.0_5mCG_5hmCG.bam	29.92	98.7	https://s3-us-west-2.amazonaws.com/human-pangenomics/working/HPRC/NA19776/raw_data/nanopore/dorado0.6.0_sup4.3.0_5mCG_5hmCG/10_24_23_R1041_HPRC_NA19776_2_dorado0.6.0_sup4.3.0_5mCG_5hmCG.bam	s3://human-pangenomics/working/HPRC/NA19776/raw_data/nanopore/dorado0.6.0_sup4.3.0_5mCG_5hmCG/10_24_23_R1041_HPRC_NA19776_2_dorado0.6.0_sup4.3.0_5mCG_5hmCG.bam	75350	dna_r10.4.1_e8.2_400bps_sup@v4.3.0	SQK-ULK114
NA19776	10_24_23_R1041_HPRC_NA19776_3_dorado0.6.0_sup4.3.0_5mCG_5hmCG.bam	28.77	95.0	https://s3-us-west-2.amazonaws.com/human-pangenomics/working/HPRC/NA19776/raw_data/nanopore/dorado0.6.0_sup4.3.0_5mCG_5hmCG/10_24_23_R1041_HPRC_NA19776_3_dorado0.6.0_sup4.3.0_5mCG_5hmCG.bam	s3://human-pangenomics/working/HPRC/NA19776/raw_data/nanopore/dorado0.6.0_sup4.3.0_5mCG_5hmCG/10_24_23_R1041_HPRC_NA19776_3_dorado0.6.0_sup4.3.0_5mCG_5hmCG.bam	74650	dna_r10.4.1_e8.2_400bps_sup@v4.3.0	SQK-ULK114
NA19835	10_31_23_R1041_HPRC_NA19835_1_dorado0.6.0_sup4.3.0_5mCG_5hmCG.bam	32.12	106.0	https://s3-us-west-2.amazonaws.com/human-pangenomics/working/HPRC/NA19835/raw_data/nanopore/dorado0.6.0_sup4.3.0_5mCG_5hmCG/10_31_23_R1041_HPRC_NA19835_1_dorado0.6.0_sup4.3.0_5mCG_5hmCG.bam	s3://human-pangenomics/working/HPRC/NA19835/raw_data/nanopore/dorado0.6.0_sup4.3.0_5mCG_5hmCG/10_31_23_R1041_HPRC_NA19835_1_dorado0.6.0_sup4.3.0_5mCG_5hmCG.bam	93710	dna_r10.4.1_e8.2_400bps_sup@v4.3.0	SQK-ULK114
NA19835	10_31_23_R1041_HPRC_NA19835_2_dorado0.6.0_sup4.3.0_5mCG_5hmCG.bam	25.75	85.0	https://s3-us-west-2.amazonaws.com/human-pangenomics/working/HPRC/NA19835/raw_data/nanopore/dorado0.6.0_sup4.3.0_5mCG_5hmCG/10_31_23_R1041_HPRC_NA19835_2_dorado0.6.0_sup4.3.0_5mCG_5hmCG.bam	s3://human-pangenomics/working/HPRC/NA19835/raw_data/nanopore/dorado0.6.0_sup4.3.0_5mCG_5hmCG/10_31_23_R1041_HPRC_NA19835_2_dorado0.6.0_sup4.3.0_5mCG_5hmCG.bam	85426	dna_r10.4.1_e8.2_400bps_sup@v4.3.0	SQK-ULK114
NA19835	10_31_23_R1041_HPRC_NA19835_3_dorado0.6.0_sup4.3.0_5mCG_5hmCG.bam	25.09	82.8	https://s3-us-west-2.amazonaws.com/human-pangenomics/working/HPRC/NA19835/raw_data/nanopore/dorado0.6.0_sup4.3.0_5mCG_5hmCG/10_31_23_R1041_HPRC_NA19835_3_dorado0.6.0_sup4.3.0_5mCG_5hmCG.bam	s3://human-pangenomics/working/HPRC/NA19835/raw_data/nanopore/dorado0.6.0_sup4.3.0_5mCG_5hmCG/10_31_23_R1041_HPRC_NA19835_3_dorado0.6.0_sup4.3.0_5mCG_5hmCG.bam	91420	dna_r10.4.1_e8.2_400bps_sup@v4.3.0	SQK-ULK114
NA19909	11_14_23_R1041_HPRC_NA19909_1_dorado0.6.0_sup4.3.0_5mCG_5hmCG.bam	26.61	87.8	https://s3-us-west-2.amazonaws.com/human-pangenomics/working/HPRC/NA19909/raw_data/nanopore/dorado0.6.0_sup4.3.0_5mCG_5hmCG/11_14_23_R1041_HPRC_NA19909_1_dorado0.6.0_sup4.3.0_5mCG_5hmCG.bam	s3://human-pangenomics/working/HPRC/NA19909/raw_data/nanopore/dorado0.6.0_sup4.3.0_5mCG_5hmCG/11_14_23_R1041_HPRC_NA19909_1_dorado0.6.0_sup4.3.0_5mCG_5hmCG.bam	66734	dna_r10.4.1_e8.2_400bps_sup@v4.3.0	SQK-ULK114
NA19909	11_14_23_R1041_HPRC_NA19909_2_dorado0.6.0_sup4.3.0_5mCG_5hmCG.bam	24.66	81.4	https://s3-us-west-2.amazonaws.com/human-pangenomics/working/HPRC/NA19909/raw_data/nanopore/dorado0.6.0_sup4.3.0_5mCG_5hmCG/11_14_23_R1041_HPRC_NA19909_2_dorado0.6.0_sup4.3.0_5mCG_5hmCG.bam	s3://human-pangenomics/working/HPRC/NA19909/raw_data/nanopore/dorado0.6.0_sup4.3.0_5mCG_5hmCG/11_14_23_R1041_HPRC_NA19909_2_dorado0.6.0_sup4.3.0_5mCG_5hmCG.bam	75859	dna_r10.4.1_e8.2_400bps_sup@v4.3.0	SQK-ULK114
NA19909	11_14_23_R1041_HPRC_NA19909_3_dorado0.6.0_sup4.3.0_5mCG_5hmCG.bam	28.6	94.4	https://s3-us-west-2.amazonaws.com/human-pangenomics/working/HPRC/NA19909/raw_data/nanopore/dorado0.6.0_sup4.3.0_5mCG_5hmCG/11_14_23_R1041_HPRC_NA19909_3_dorado0.6.0_sup4.3.0_5mCG_5hmCG.bam	s3://human-pangenomics/working/HPRC/NA19909/raw_data/nanopore/dorado0.6.0_sup4.3.0_5mCG_5hmCG/11_14_23_R1041_HPRC_NA19909_3_dorado0.6.0_sup4.3.0_5mCG_5hmCG.bam	73198	dna_r10.4.1_e8.2_400bps_sup@v4.3.0	SQK-ULK114
NA20129	03_08_23_R1041_NA20129_1_dorado0.7.2_sup4.1.0_5mCG_5hmCG.bam	29.4	97.0	https://s3-us-west-2.amazonaws.com/human-pangenomics/working/HPRC_PLUS/NA20129/raw_data/nanopore/dorado0.7.2_sup4.1.0_5mCG_5hmCG/03_08_23_R1041_NA20129_1_dorado0.7.2_sup4.1.0_5mCG_5hmCG.bam	s3://human-pangenomics/working/HPRC_PLUS/NA20129/raw_data/nanopore/dorado0.7.2_sup4.1.0_5mCG_5hmCG/03_08_23_R1041_NA20129_1_dorado0.7.2_sup4.1.0_5mCG_5hmCG.bam	89158	dna_r10.4.1_e8.2_400bps_sup@v4.1.0	SQK-ULK110
NA20129	03_08_23_R1041_NA20129_2_dorado0.7.2_sup4.1.0_5mCG_5hmCG.bam	18.43	60.8	https://s3-us-west-2.amazonaws.com/human-pangenomics/working/HPRC_PLUS/NA20129/raw_data/nanopore/dorado0.7.2_sup4.1.0_5mCG_5hmCG/03_08_23_R1041_NA20129_2_dorado0.7.2_sup4.1.0_5mCG_5hmCG.bam	s3://human-pangenomics/working/HPRC_PLUS/NA20129/raw_data/nanopore/dorado0.7.2_sup4.1.0_5mCG_5hmCG/03_08_23_R1041_NA20129_2_dorado0.7.2_sup4.1.0_5mCG_5hmCG.bam	88478	dna_r10.4.1_e8.2_400bps_sup@v4.1.0	SQK-ULK110
NA20129	03_08_23_R1041_NA20129_3_dorado0.7.2_sup4.1.0_5mCG_5hmCG.bam	26.75	88.3	https://s3-us-west-2.amazonaws.com/human-pangenomics/working/HPRC_PLUS/NA20129/raw_data/nanopore/dorado0.7.2_sup4.1.0_5mCG_5hmCG/03_08_23_R1041_NA20129_3_dorado0.7.2_sup4.1.0_5mCG_5hmCG.bam	s3://human-pangenomics/working/HPRC_PLUS/NA20129/raw_data/nanopore/dorado0.7.2_sup4.1.0_5mCG_5hmCG/03_08_23_R1041_NA20129_3_dorado0.7.2_sup4.1.0_5mCG_5hmCG.bam	85341	dna_r10.4.1_e8.2_400bps_sup@v4.1.0	SQK-ULK110
NA20282	12_12_23_R1041_HPRC_NA20282_1_dorado0.6.0_sup4.3.0_5mCG_5hmCG.bam	26.62	87.8	https://s3-us-west-2.amazonaws.com/human-pangenomics/working/HPRC/NA20282/raw_data/nanopore/dorado0.6.0_sup4.3.0_5mCG_5hmCG/12_12_23_R1041_HPRC_NA20282_1_dorado0.6.0_sup4.3.0_5mCG_5hmCG.bam	s3://human-pangenomics/working/HPRC/NA20282/raw_data/nanopore/dorado0.6.0_sup4.3.0_5mCG_5hmCG/12_12_23_R1041_HPRC_NA20282_1_dorado0.6.0_sup4.3.0_5mCG_5hmCG.bam	80900	dna_r10.4.1_e8.2_400bps_sup@v4.3.0	SQK-ULK114
NA20282	12_12_23_R1041_HPRC_NA20282_2_dorado0.6.0_sup4.3.0_5mCG_5hmCG.bam	19.57	64.6	https://s3-us-west-2.amazonaws.com/human-pangenomics/working/HPRC/NA20282/raw_data/nanopore/dorado0.6.0_sup4.3.0_5mCG_5hmCG/12_12_23_R1041_HPRC_NA20282_2_dorado0.6.0_sup4.3.0_5mCG_5hmCG.bam	s3://human-pangenomics/working/HPRC/NA20282/raw_data/nanopore/dorado0.6.0_sup4.3.0_5mCG_5hmCG/12_12_23_R1041_HPRC_NA20282_2_dorado0.6.0_sup4.3.0_5mCG_5hmCG.bam	78192	dna_r10.4.1_e8.2_400bps_sup@v4.3.0	SQK-ULK114
NA20282	12_12_23_R1041_HPRC_NA20282_3_dorado0.6.0_sup4.3.0_5mCG_5hmCG.bam	22.21	73.3	https://s3-us-west-2.amazonaws.com/human-pangenomics/working/HPRC/NA20282/raw_data/nanopore/dorado0.6.0_sup4.3.0_5mCG_5hmCG/12_12_23_R1041_HPRC_NA20282_3_dorado0.6.0_sup4.3.0_5mCG_5hmCG.bam	s3://human-pangenomics/working/HPRC/NA20282/raw_data/nanopore/dorado0.6.0_sup4.3.0_5mCG_5hmCG/12_12_23_R1041_HPRC_NA20282_3_dorado0.6.0_sup4.3.0_5mCG_5hmCG.bam	76008	dna_r10.4.1_e8.2_400bps_sup@v4.3.0	SQK-ULK114
NA20346	11_28_23_R1041_HPRC_NA20346_1_dorado0.6.0_sup4.3.0_5mCG_5hmCG.bam	10.88	35.9	https://s3-us-west-2.amazonaws.com/human-pangenomics/working/HPRC/NA20346/raw_data/nanopore/dorado0.6.0_sup4.3.0_5mCG_5hmCG/11_28_23_R1041_HPRC_NA20346_1_dorado0.6.0_sup4.3.0_5mCG_5hmCG.bam	s3://human-pangenomics/working/HPRC/NA20346/raw_data/nanopore/dorado0.6.0_sup4.3.0_5mCG_5hmCG/11_28_23_R1041_HPRC_NA20346_1_dorado0.6.0_sup4.3.0_5mCG_5hmCG.bam	72313	dna_r10.4.1_e8.2_400bps_sup@v4.3.0	SQK-ULK114
NA20346	11_28_23_R1041_HPRC_NA20346_2_dorado0.6.0_sup4.3.0_5mCG_5hmCG.bam	29.86	98.5	https://s3-us-west-2.amazonaws.com/human-pangenomics/working/HPRC/NA20346/raw_data/nanopore/dorado0.6.0_sup4.3.0_5mCG_5hmCG/11_28_23_R1041_HPRC_NA20346_2_dorado0.6.0_sup4.3.0_5mCG_5hmCG.bam	s3://human-pangenomics/working/HPRC/NA20346/raw_data/nanopore/dorado0.6.0_sup4.3.0_5mCG_5hmCG/11_28_23_R1041_HPRC_NA20346_2_dorado0.6.0_sup4.3.0_5mCG_5hmCG.bam	71717	dna_r10.4.1_e8.2_400bps_sup@v4.3.0	SQK-ULK114
NA20346	11_28_23_R1041_HPRC_NA20346_3_dorado0.6.0_sup4.3.0_5mCG_5hmCG.bam	30.16	99.5	https://s3-us-west-2.amazonaws.com/human-pangenomics/working/HPRC/NA20346/raw_data/nanopore/dorado0.6.0_sup4.3.0_5mCG_5hmCG/11_28_23_R1041_HPRC_NA20346_3_dorado0.6.0_sup4.3.0_5mCG_5hmCG.bam	s3://human-pangenomics/working/HPRC/NA20346/raw_data/nanopore/dorado0.6.0_sup4.3.0_5mCG_5hmCG/11_28_23_R1041_HPRC_NA20346_3_dorado0.6.0_sup4.3.0_5mCG_5hmCG.bam	67294	dna_r10.4.1_e8.2_400bps_sup@v4.3.0	SQK-ULK114
NA20346	11_28_23_R1041_HPRC_NA20346_4_dorado0.6.0_sup4.3.0_5mCG_5hmCG.bam	16.45	54.3	https://s3-us-west-2.amazonaws.com/human-pangenomics/working/HPRC/NA20346/raw_data/nanopore/dorado0.6.0_sup4.3.0_5mCG_5hmCG/11_28_23_R1041_HPRC_NA20346_4_dorado0.6.0_sup4.3.0_5mCG_5hmCG.bam	s3://human-pangenomics/working/HPRC/NA20346/raw_data/nanopore/dorado0.6.0_sup4.3.0_5mCG_5hmCG/11_28_23_R1041_HPRC_NA20346_4_dorado0.6.0_sup4.3.0_5mCG_5hmCG.bam	65177	dna_r10.4.1_e8.2_400bps_sup@v4.3.0	SQK-ULK114
NA20503	12_12_23_R1041_HPRC_NA20503_1_dorado0.6.0_sup4.3.0_5mCG_5hmCG.bam	21.8	71.9	https://s3-us-west-2.amazonaws.com/human-pangenomics/working/HPRC/NA20503/raw_data/nanopore/dorado0.6.0_sup4.3.0_5mCG_5hmCG/12_12_23_R1041_HPRC_NA20503_1_dorado0.6.0_sup4.3.0_5mCG_5hmCG.bam	s3://human-pangenomics/working/HPRC/NA20503/raw_data/nanopore/dorado0.6.0_sup4.3.0_5mCG_5hmCG/12_12_23_R1041_HPRC_NA20503_1_dorado0.6.0_sup4.3.0_5mCG_5hmCG.bam	78204	dna_r10.4.1_e8.2_400bps_sup@v4.3.0	SQK-ULK114
NA20503	12_12_23_R1041_HPRC_NA20503_2_dorado0.6.0_sup4.3.0_5mCG_5hmCG.bam	22.0	72.6	https://s3-us-west-2.amazonaws.com/human-pangenomics/working/HPRC/NA20503/raw_data/nanopore/dorado0.6.0_sup4.3.0_5mCG_5hmCG/12_12_23_R1041_HPRC_NA20503_2_dorado0.6.0_sup4.3.0_5mCG_5hmCG.bam	s3://human-pangenomics/working/HPRC/NA20503/raw_data/nanopore/dorado0.6.0_sup4.3.0_5mCG_5hmCG/12_12_23_R1041_HPRC_NA20503_2_dorado0.6.0_sup4.3.0_5mCG_5hmCG.bam	82806	dna_r10.4.1_e8.2_400bps_sup@v4.3.0	SQK-ULK114
NA20503	12_12_23_R1041_HPRC_NA20503_3_dorado0.6.0_sup4.3.0_5mCG_5hmCG.bam	19.42	64.1	https://s3-us-west-2.amazonaws.com/human-pangenomics/working/HPRC/NA20503/raw_data/nanopore/dorado0.6.0_sup4.3.0_5mCG_5hmCG/12_12_23_R1041_HPRC_NA20503_3_dorado0.6.0_sup4.3.0_5mCG_5hmCG.bam	s3://human-pangenomics/working/HPRC/NA20503/raw_data/nanopore/dorado0.6.0_sup4.3.0_5mCG_5hmCG/12_12_23_R1041_HPRC_NA20503_3_dorado0.6.0_sup4.3.0_5mCG_5hmCG.bam	75551	dna_r10.4.1_e8.2_400bps_sup@v4.3.0	SQK-ULK114
NA20762	01_23_24_R1041_HPRC_NA20762_1_dorado0.6.0_sup4.3.0_5mCG_5hmCG.bam	26.01	85.8	https://s3-us-west-2.amazonaws.com/human-pangenomics/working/HPRC/NA20762/raw_data/nanopore/dorado0.6.0_sup4.3.0_5mCG_5hmCG/01_23_24_R1041_HPRC_NA20762_1_dorado0.6.0_sup4.3.0_5mCG_5hmCG.bam	s3://human-pangenomics/working/HPRC/NA20762/raw_data/nanopore/dorado0.6.0_sup4.3.0_5mCG_5hmCG/01_23_24_R1041_HPRC_NA20762_1_dorado0.6.0_sup4.3.0_5mCG_5hmCG.bam	104130	dna_r10.4.1_e8.2_400bps_sup@v4.3.0	SQK-ULK114
NA20762	01_23_24_R1041_HPRC_NA20762_2_dorado0.6.0_sup4.3.0_5mCG_5hmCG.bam	25.39	83.8	https://s3-us-west-2.amazonaws.com/human-pangenomics/working/HPRC/NA20762/raw_data/nanopore/dorado0.6.0_sup4.3.0_5mCG_5hmCG/01_23_24_R1041_HPRC_NA20762_2_dorado0.6.0_sup4.3.0_5mCG_5hmCG.bam	s3://human-pangenomics/working/HPRC/NA20762/raw_data/nanopore/dorado0.6.0_sup4.3.0_5mCG_5hmCG/01_23_24_R1041_HPRC_NA20762_2_dorado0.6.0_sup4.3.0_5mCG_5hmCG.bam	101319	dna_r10.4.1_e8.2_400bps_sup@v4.3.0	SQK-ULK114
NA20762	10_31_23_R1041_HPRC_NA20762_1_dorado0.6.0_sup4.3.0_5mCG_5hmCG.bam	7.16	23.6	https://s3-us-west-2.amazonaws.com/human-pangenomics/working/HPRC/NA20762/raw_data/nanopore/dorado0.6.0_sup4.3.0_5mCG_5hmCG/10_31_23_R1041_HPRC_NA20762_1_dorado0.6.0_sup4.3.0_5mCG_5hmCG.bam	s3://human-pangenomics/working/HPRC/NA20762/raw_data/nanopore/dorado0.6.0_sup4.3.0_5mCG_5hmCG/10_31_23_R1041_HPRC_NA20762_1_dorado0.6.0_sup4.3.0_5mCG_5hmCG.bam	94423	dna_r10.4.1_e8.2_400bps_sup@v4.3.0	SQK-ULK114
NA20762	10_31_23_R1041_HPRC_NA20762_2_dorado0.6.0_sup4.3.0_5mCG_5hmCG.bam	8.55	28.2	https://s3-us-west-2.amazonaws.com/human-pangenomics/working/HPRC/NA20762/raw_data/nanopore/dorado0.6.0_sup4.3.0_5mCG_5hmCG/10_31_23_R1041_HPRC_NA20762_2_dorado0.6.0_sup4.3.0_5mCG_5hmCG.bam	s3://human-pangenomics/working/HPRC/NA20762/raw_data/nanopore/dorado0.6.0_sup4.3.0_5mCG_5hmCG/10_31_23_R1041_HPRC_NA20762_2_dorado0.6.0_sup4.3.0_5mCG_5hmCG.bam	92407	dna_r10.4.1_e8.2_400bps_sup@v4.3.0	SQK-ULK114
NA20762	10_31_23_R1041_HPRC_NA20762_3_dorado0.6.0_sup4.3.0_5mCG_5hmCG.bam	7.94	26.2	https://s3-us-west-2.amazonaws.com/human-pangenomics/working/HPRC/NA20762/raw_data/nanopore/dorado0.6.0_sup4.3.0_5mCG_5hmCG/10_31_23_R1041_HPRC_NA20762_3_dorado0.6.0_sup4.3.0_5mCG_5hmCG.bam	s3://human-pangenomics/working/HPRC/NA20762/raw_data/nanopore/dorado0.6.0_sup4.3.0_5mCG_5hmCG/10_31_23_R1041_HPRC_NA20762_3_dorado0.6.0_sup4.3.0_5mCG_5hmCG.bam	92514	dna_r10.4.1_e8.2_400bps_sup@v4.3.0	SQK-ULK114
NA20806	12_12_23_R1041_HPRC_NA20806_1_dorado0.6.0_sup4.3.0_5mCG_5hmCG.bam	29.73	98.1	https://s3-us-west-2.amazonaws.com/human-pangenomics/working/HPRC/NA20806/raw_data/nanopore/dorado0.6.0_sup4.3.0_5mCG_5hmCG/12_12_23_R1041_HPRC_NA20806_1_dorado0.6.0_sup4.3.0_5mCG_5hmCG.bam	s3://human-pangenomics/working/HPRC/NA20806/raw_data/nanopore/dorado0.6.0_sup4.3.0_5mCG_5hmCG/12_12_23_R1041_HPRC_NA20806_1_dorado0.6.0_sup4.3.0_5mCG_5hmCG.bam	80278	dna_r10.4.1_e8.2_400bps_sup@v4.3.0	SQK-ULK114
NA20806	12_12_23_R1041_HPRC_NA20806_2_dorado0.6.0_sup4.3.0_5mCG_5hmCG.bam	15.32	50.6	https://s3-us-west-2.amazonaws.com/human-pangenomics/working/HPRC/NA20806/raw_data/nanopore/dorado0.6.0_sup4.3.0_5mCG_5hmCG/12_12_23_R1041_HPRC_NA20806_2_dorado0.6.0_sup4.3.0_5mCG_5hmCG.bam	s3://human-pangenomics/working/HPRC/NA20806/raw_data/nanopore/dorado0.6.0_sup4.3.0_5mCG_5hmCG/12_12_23_R1041_HPRC_NA20806_2_dorado0.6.0_sup4.3.0_5mCG_5hmCG.bam	80773	dna_r10.4.1_e8.2_400bps_sup@v4.3.0	SQK-ULK114
NA20806	12_12_23_R1041_HPRC_NA20806_3_dorado0.6.0_sup4.3.0_5mCG_5hmCG.bam	27.71	91.5	https://s3-us-west-2.amazonaws.com/human-pangenomics/working/HPRC/NA20806/raw_data/nanopore/dorado0.6.0_sup4.3.0_5mCG_5hmCG/12_12_23_R1041_HPRC_NA20806_3_dorado0.6.0_sup4.3.0_5mCG_5hmCG.bam	s3://human-pangenomics/working/HPRC/NA20806/raw_data/nanopore/dorado0.6.0_sup4.3.0_5mCG_5hmCG/12_12_23_R1041_HPRC_NA20806_3_dorado0.6.0_sup4.3.0_5mCG_5hmCG.bam	79726	dna_r10.4.1_e8.2_400bps_sup@v4.3.0	SQK-ULK114
NA20806	12_12_23_R1041_HPRC_NA20806_4_dorado0.6.0_sup4.3.0_5mCG_5hmCG.bam	22.78	75.2	https://s3-us-west-2.amazonaws.com/human-pangenomics/working/HPRC/NA20806/raw_data/nanopore/dorado0.6.0_sup4.3.0_5mCG_5hmCG/12_12_23_R1041_HPRC_NA20806_4_dorado0.6.0_sup4.3.0_5mCG_5hmCG.bam	s3://human-pangenomics/working/HPRC/NA20806/raw_data/nanopore/dorado0.6.0_sup4.3.0_5mCG_5hmCG/12_12_23_R1041_HPRC_NA20806_4_dorado0.6.0_sup4.3.0_5mCG_5hmCG.bam	79752	dna_r10.4.1_e8.2_400bps_sup@v4.3.0	SQK-ULK114
NA20809	08_08_23_R1041_HPRC_NA20809_1_dorado0.6.0_sup4.3.0_5mCG_5hmCG.bam	23.75	78.4	https://s3-us-west-2.amazonaws.com/human-pangenomics/working/HPRC/NA20809/raw_data/nanopore/dorado0.6.0_sup4.3.0_5mCG_5hmCG/08_08_23_R1041_HPRC_NA20809_1_dorado0.6.0_sup4.3.0_5mCG_5hmCG.bam	s3://human-pangenomics/working/HPRC/NA20809/raw_data/nanopore/dorado0.6.0_sup4.3.0_5mCG_5hmCG/08_08_23_R1041_HPRC_NA20809_1_dorado0.6.0_sup4.3.0_5mCG_5hmCG.bam	76230	dna_r10.4.1_e8.2_400bps_sup@v4.3.0	SQK-ULK114
NA20809	08_08_23_R1041_HPRC_NA20809_2_dorado0.6.0_sup4.3.0_5mCG_5hmCG.bam	25.89	85.5	https://s3-us-west-2.amazonaws.com/human-pangenomics/working/HPRC/NA20809/raw_data/nanopore/dorado0.6.0_sup4.3.0_5mCG_5hmCG/08_08_23_R1041_HPRC_NA20809_2_dorado0.6.0_sup4.3.0_5mCG_5hmCG.bam	s3://human-pangenomics/working/HPRC/NA20809/raw_data/nanopore/dorado0.6.0_sup4.3.0_5mCG_5hmCG/08_08_23_R1041_HPRC_NA20809_2_dorado0.6.0_sup4.3.0_5mCG_5hmCG.bam	70362	dna_r10.4.1_e8.2_400bps_sup@v4.3.0	SQK-ULK114
NA20809	08_08_23_R1041_HPRC_NA20809_3_dorado0.6.0_sup4.3.0_5mCG_5hmCG.bam	20.29	67.0	https://s3-us-west-2.amazonaws.com/human-pangenomics/working/HPRC/NA20809/raw_data/nanopore/dorado0.6.0_sup4.3.0_5mCG_5hmCG/08_08_23_R1041_HPRC_NA20809_3_dorado0.6.0_sup4.3.0_5mCG_5hmCG.bam	s3://human-pangenomics/working/HPRC/NA20809/raw_data/nanopore/dorado0.6.0_sup4.3.0_5mCG_5hmCG/08_08_23_R1041_HPRC_NA20809_3_dorado0.6.0_sup4.3.0_5mCG_5hmCG.bam	75520	dna_r10.4.1_e8.2_400bps_sup@v4.3.0	SQK-ULK114
NA20827	01_23_24_R1041_HPRC_NA20827_1_dorado0.6.0_sup4.3.0_5mCG_5hmCG.bam	15.83	52.2	https://s3-us-west-2.amazonaws.com/human-pangenomics/working/HPRC/NA20827/raw_data/nanopore/dorado0.6.0_sup4.3.0_5mCG_5hmCG/01_23_24_R1041_HPRC_NA20827_1_dorado0.6.0_sup4.3.0_5mCG_5hmCG.bam	s3://human-pangenomics/working/HPRC/NA20827/raw_data/nanopore/dorado0.6.0_sup4.3.0_5mCG_5hmCG/01_23_24_R1041_HPRC_NA20827_1_dorado0.6.0_sup4.3.0_5mCG_5hmCG.bam	111902	dna_r10.4.1_e8.2_400bps_sup@v4.3.0	SQK-ULK114
NA20827	01_23_24_R1041_HPRC_NA20827_2_dorado0.6.0_sup4.3.0_5mCG_5hmCG.bam	19.42	64.1	https://s3-us-west-2.amazonaws.com/human-pangenomics/working/HPRC/NA20827/raw_data/nanopore/dorado0.6.0_sup4.3.0_5mCG_5hmCG/01_23_24_R1041_HPRC_NA20827_2_dorado0.6.0_sup4.3.0_5mCG_5hmCG.bam	s3://human-pangenomics/working/HPRC/NA20827/raw_data/nanopore/dorado0.6.0_sup4.3.0_5mCG_5hmCG/01_23_24_R1041_HPRC_NA20827_2_dorado0.6.0_sup4.3.0_5mCG_5hmCG.bam	110993	dna_r10.4.1_e8.2_400bps_sup@v4.3.0	SQK-ULK114
NA20827	11_28_23_R1041_HPRC_NA20827_1_dorado0.6.0_sup4.3.0_5mCG_5hmCG.bam	21.56	71.1	https://s3-us-west-2.amazonaws.com/human-pangenomics/working/HPRC/NA20827/raw_data/nanopore/dorado0.6.0_sup4.3.0_5mCG_5hmCG/11_28_23_R1041_HPRC_NA20827_1_dorado0.6.0_sup4.3.0_5mCG_5hmCG.bam	s3://human-pangenomics/working/HPRC/NA20827/raw_data/nanopore/dorado0.6.0_sup4.3.0_5mCG_5hmCG/11_28_23_R1041_HPRC_NA20827_1_dorado0.6.0_sup4.3.0_5mCG_5hmCG.bam	76191	dna_r10.4.1_e8.2_400bps_sup@v4.3.0	SQK-ULK114
NA20827	11_28_23_R1041_HPRC_NA20827_2_dorado0.6.0_sup4.3.0_5mCG_5hmCG.bam	18.95	62.5	https://s3-us-west-2.amazonaws.com/human-pangenomics/working/HPRC/NA20827/raw_data/nanopore/dorado0.6.0_sup4.3.0_5mCG_5hmCG/11_28_23_R1041_HPRC_NA20827_2_dorado0.6.0_sup4.3.0_5mCG_5hmCG.bam	s3://human-pangenomics/working/HPRC/NA20827/raw_data/nanopore/dorado0.6.0_sup4.3.0_5mCG_5hmCG/11_28_23_R1041_HPRC_NA20827_2_dorado0.6.0_sup4.3.0_5mCG_5hmCG.bam	75169	dna_r10.4.1_e8.2_400bps_sup@v4.3.0	SQK-ULK114
NA20827	11_28_23_R1041_HPRC_NA20827_3_dorado0.6.0_sup4.3.0_5mCG_5hmCG.bam	8.87	29.3	https://s3-us-west-2.amazonaws.com/human-pangenomics/working/HPRC/NA20827/raw_data/nanopore/dorado0.6.0_sup4.3.0_5mCG_5hmCG/11_28_23_R1041_HPRC_NA20827_3_dorado0.6.0_sup4.3.0_5mCG_5hmCG.bam	s3://human-pangenomics/working/HPRC/NA20827/raw_data/nanopore/dorado0.6.0_sup4.3.0_5mCG_5hmCG/11_28_23_R1041_HPRC_NA20827_3_dorado0.6.0_sup4.3.0_5mCG_5hmCG.bam	58171	dna_r10.4.1_e8.2_400bps_sup@v4.3.0	SQK-ULK114
NA20850	08_08_23_R1041_HPRC_NA20850_1_dorado0.6.0_sup4.3.0_5mCG_5hmCG.bam	20.76	68.5	https://s3-us-west-2.amazonaws.com/human-pangenomics/working/HPRC/NA20850/raw_data/nanopore/dorado0.6.0_sup4.3.0_5mCG_5hmCG/08_08_23_R1041_HPRC_NA20850_1_dorado0.6.0_sup4.3.0_5mCG_5hmCG.bam	s3://human-pangenomics/working/HPRC/NA20850/raw_data/nanopore/dorado0.6.0_sup4.3.0_5mCG_5hmCG/08_08_23_R1041_HPRC_NA20850_1_dorado0.6.0_sup4.3.0_5mCG_5hmCG.bam	64056	dna_r10.4.1_e8.2_400bps_sup@v4.3.0	SQK-ULK114
NA20850	08_08_23_R1041_HPRC_NA20850_2_dorado0.6.0_sup4.3.0_5mCG_5hmCG.bam	20.89	68.9	https://s3-us-west-2.amazonaws.com/human-pangenomics/working/HPRC/NA20850/raw_data/nanopore/dorado0.6.0_sup4.3.0_5mCG_5hmCG/08_08_23_R1041_HPRC_NA20850_2_dorado0.6.0_sup4.3.0_5mCG_5hmCG.bam	s3://human-pangenomics/working/HPRC/NA20850/raw_data/nanopore/dorado0.6.0_sup4.3.0_5mCG_5hmCG/08_08_23_R1041_HPRC_NA20850_2_dorado0.6.0_sup4.3.0_5mCG_5hmCG.bam	60903	dna_r10.4.1_e8.2_400bps_sup@v4.3.0	SQK-ULK114
NA20850	08_08_23_R1041_HPRC_NA20850_3_dorado0.6.0_sup4.3.0_5mCG_5hmCG.bam	22.3	73.6	https://s3-us-west-2.amazonaws.com/human-pangenomics/working/HPRC/NA20850/raw_data/nanopore/dorado0.6.0_sup4.3.0_5mCG_5hmCG/08_08_23_R1041_HPRC_NA20850_3_dorado0.6.0_sup4.3.0_5mCG_5hmCG.bam	s3://human-pangenomics/working/HPRC/NA20850/raw_data/nanopore/dorado0.6.0_sup4.3.0_5mCG_5hmCG/08_08_23_R1041_HPRC_NA20850_3_dorado0.6.0_sup4.3.0_5mCG_5hmCG.bam	65509	dna_r10.4.1_e8.2_400bps_sup@v4.3.0	SQK-ULK114
NA20870	11_14_23_R1041_HPRC_NA20870_1_dorado0.6.0_sup4.3.0_5mCG_5hmCG.bam	28.34	93.5	https://s3-us-west-2.amazonaws.com/human-pangenomics/working/HPRC/NA20870/raw_data/nanopore/dorado0.6.0_sup4.3.0_5mCG_5hmCG/11_14_23_R1041_HPRC_NA20870_1_dorado0.6.0_sup4.3.0_5mCG_5hmCG.bam	s3://human-pangenomics/working/HPRC/NA20870/raw_data/nanopore/dorado0.6.0_sup4.3.0_5mCG_5hmCG/11_14_23_R1041_HPRC_NA20870_1_dorado0.6.0_sup4.3.0_5mCG_5hmCG.bam	71442	dna_r10.4.1_e8.2_400bps_sup@v4.3.0	SQK-ULK114
NA20870	11_14_23_R1041_HPRC_NA20870_2_dorado0.6.0_sup4.3.0_5mCG_5hmCG.bam	22.78	75.2	https://s3-us-west-2.amazonaws.com/human-pangenomics/working/HPRC/NA20870/raw_data/nanopore/dorado0.6.0_sup4.3.0_5mCG_5hmCG/11_14_23_R1041_HPRC_NA20870_2_dorado0.6.0_sup4.3.0_5mCG_5hmCG.bam	s3://human-pangenomics/working/HPRC/NA20870/raw_data/nanopore/dorado0.6.0_sup4.3.0_5mCG_5hmCG/11_14_23_R1041_HPRC_NA20870_2_dorado0.6.0_sup4.3.0_5mCG_5hmCG.bam	73153	dna_r10.4.1_e8.2_400bps_sup@v4.3.0	SQK-ULK114
NA20870	11_14_23_R1041_HPRC_NA20870_3_dorado0.6.0_sup4.3.0_5mCG_5hmCG.bam	28.15	92.9	https://s3-us-west-2.amazonaws.com/human-pangenomics/working/HPRC/NA20870/raw_data/nanopore/dorado0.6.0_sup4.3.0_5mCG_5hmCG/11_14_23_R1041_HPRC_NA20870_3_dorado0.6.0_sup4.3.0_5mCG_5hmCG.bam	s3://human-pangenomics/working/HPRC/NA20870/raw_data/nanopore/dorado0.6.0_sup4.3.0_5mCG_5hmCG/11_14_23_R1041_HPRC_NA20870_3_dorado0.6.0_sup4.3.0_5mCG_5hmCG.bam	68951	dna_r10.4.1_e8.2_400bps_sup@v4.3.0	SQK-ULK114
NA21093	01_23_24_R1041_HPRC_NA21093_1_dorado0.6.0_sup4.3.0_5mCG_5hmCG.bam	26.34	86.9	https://s3-us-west-2.amazonaws.com/human-pangenomics/working/HPRC/NA21093/raw_data/nanopore/dorado0.6.0_sup4.3.0_5mCG_5hmCG/01_23_24_R1041_HPRC_NA21093_1_dorado0.6.0_sup4.3.0_5mCG_5hmCG.bam	s3://human-pangenomics/working/HPRC/NA21093/raw_data/nanopore/dorado0.6.0_sup4.3.0_5mCG_5hmCG/01_23_24_R1041_HPRC_NA21093_1_dorado0.6.0_sup4.3.0_5mCG_5hmCG.bam	85167	dna_r10.4.1_e8.2_400bps_sup@v4.3.0	SQK-ULK114
NA21093	12_12_23_R1041_HPRC_NA21093_1_dorado0.6.0_sup4.3.0_5mCG_5hmCG.bam	24.21	79.9	https://s3-us-west-2.amazonaws.com/human-pangenomics/working/HPRC/NA21093/raw_data/nanopore/dorado0.6.0_sup4.3.0_5mCG_5hmCG/12_12_23_R1041_HPRC_NA21093_1_dorado0.6.0_sup4.3.0_5mCG_5hmCG.bam	s3://human-pangenomics/working/HPRC/NA21093/raw_data/nanopore/dorado0.6.0_sup4.3.0_5mCG_5hmCG/12_12_23_R1041_HPRC_NA21093_1_dorado0.6.0_sup4.3.0_5mCG_5hmCG.bam	70351	dna_r10.4.1_e8.2_400bps_sup@v4.3.0	SQK-ULK114
NA21093	12_12_23_R1041_HPRC_NA21093_2_dorado0.6.0_sup4.3.0_5mCG_5hmCG.bam	28.97	95.6	https://s3-us-west-2.amazonaws.com/human-pangenomics/working/HPRC/NA21093/raw_data/nanopore/dorado0.6.0_sup4.3.0_5mCG_5hmCG/12_12_23_R1041_HPRC_NA21093_2_dorado0.6.0_sup4.3.0_5mCG_5hmCG.bam	s3://human-pangenomics/working/HPRC/NA21093/raw_data/nanopore/dorado0.6.0_sup4.3.0_5mCG_5hmCG/12_12_23_R1041_HPRC_NA21093_2_dorado0.6.0_sup4.3.0_5mCG_5hmCG.bam	75581	dna_r10.4.1_e8.2_400bps_sup@v4.3.0	SQK-ULK114
NA21093	12_12_23_R1041_HPRC_NA21093_3_dorado0.6.0_sup4.3.0_5mCG_5hmCG.bam	17.03	56.2	https://s3-us-west-2.amazonaws.com/human-pangenomics/working/HPRC/NA21093/raw_data/nanopore/dorado0.6.0_sup4.3.0_5mCG_5hmCG/12_12_23_R1041_HPRC_NA21093_3_dorado0.6.0_sup4.3.0_5mCG_5hmCG.bam	s3://human-pangenomics/working/HPRC/NA21093/raw_data/nanopore/dorado0.6.0_sup4.3.0_5mCG_5hmCG/12_12_23_R1041_HPRC_NA21093_3_dorado0.6.0_sup4.3.0_5mCG_5hmCG.bam	68184	dna_r10.4.1_e8.2_400bps_sup@v4.3.0	SQK-ULK114
NA21102	01_23_24_R1041_HPRC_NA21102_1_dorado0.6.0_sup4.3.0_5mCG_5hmCG.bam	18.45	60.9	https://s3-us-west-2.amazonaws.com/human-pangenomics/working/HPRC/NA21102/raw_data/nanopore/dorado0.6.0_sup4.3.0_5mCG_5hmCG/01_23_24_R1041_HPRC_NA21102_1_dorado0.6.0_sup4.3.0_5mCG_5hmCG.bam	s3://human-pangenomics/working/HPRC/NA21102/raw_data/nanopore/dorado0.6.0_sup4.3.0_5mCG_5hmCG/01_23_24_R1041_HPRC_NA21102_1_dorado0.6.0_sup4.3.0_5mCG_5hmCG.bam	103547	dna_r10.4.1_e8.2_400bps_sup@v4.3.0	SQK-ULK114
NA21102	01_23_24_R1041_HPRC_NA21102_2_dorado0.6.0_sup4.3.0_5mCG_5hmCG.bam	17.81	58.8	https://s3-us-west-2.amazonaws.com/human-pangenomics/working/HPRC/NA21102/raw_data/nanopore/dorado0.6.0_sup4.3.0_5mCG_5hmCG/01_23_24_R1041_HPRC_NA21102_2_dorado0.6.0_sup4.3.0_5mCG_5hmCG.bam	s3://human-pangenomics/working/HPRC/NA21102/raw_data/nanopore/dorado0.6.0_sup4.3.0_5mCG_5hmCG/01_23_24_R1041_HPRC_NA21102_2_dorado0.6.0_sup4.3.0_5mCG_5hmCG.bam	100665	dna_r10.4.1_e8.2_400bps_sup@v4.3.0	SQK-ULK114
NA21102	10_17_23_R1041_HPRC_NA21102_1_dorado0.6.0_sup4.3.0_5mCG_5hmCG.bam	7.47	24.7	https://s3-us-west-2.amazonaws.com/human-pangenomics/working/HPRC/NA21102/raw_data/nanopore/dorado0.6.0_sup4.3.0_5mCG_5hmCG/10_17_23_R1041_HPRC_NA21102_1_dorado0.6.0_sup4.3.0_5mCG_5hmCG.bam	s3://human-pangenomics/working/HPRC/NA21102/raw_data/nanopore/dorado0.6.0_sup4.3.0_5mCG_5hmCG/10_17_23_R1041_HPRC_NA21102_1_dorado0.6.0_sup4.3.0_5mCG_5hmCG.bam	86044	dna_r10.4.1_e8.2_400bps_sup@v4.3.0	SQK-ULK114
NA21102	10_17_23_R1041_HPRC_NA21102_2_dorado0.6.0_sup4.3.0_5mCG_5hmCG.bam	6.93	22.9	https://s3-us-west-2.amazonaws.com/human-pangenomics/working/HPRC/NA21102/raw_data/nanopore/dorado0.6.0_sup4.3.0_5mCG_5hmCG/10_17_23_R1041_HPRC_NA21102_2_dorado0.6.0_sup4.3.0_5mCG_5hmCG.bam	s3://human-pangenomics/working/HPRC/NA21102/raw_data/nanopore/dorado0.6.0_sup4.3.0_5mCG_5hmCG/10_17_23_R1041_HPRC_NA21102_2_dorado0.6.0_sup4.3.0_5mCG_5hmCG.bam	88449	dna_r10.4.1_e8.2_400bps_sup@v4.3.0	SQK-ULK114
NA21102	10_17_23_R1041_HPRC_NA21102_3_dorado0.6.0_sup4.3.0_5mCG_5hmCG.bam	9.12	30.1	https://s3-us-west-2.amazonaws.com/human-pangenomics/working/HPRC/NA21102/raw_data/nanopore/dorado0.6.0_sup4.3.0_5mCG_5hmCG/10_17_23_R1041_HPRC_NA21102_3_dorado0.6.0_sup4.3.0_5mCG_5hmCG.bam	s3://human-pangenomics/working/HPRC/NA21102/raw_data/nanopore/dorado0.6.0_sup4.3.0_5mCG_5hmCG/10_17_23_R1041_HPRC_NA21102_3_dorado0.6.0_sup4.3.0_5mCG_5hmCG.bam	85354	dna_r10.4.1_e8.2_400bps_sup@v4.3.0	SQK-ULK114
NA21106	10_24_23_R1041_HPRC_NA21106_1_dorado0.6.0_sup4.3.0_5mCG_5hmCG.bam	20.94	69.1	https://s3-us-west-2.amazonaws.com/human-pangenomics/working/HPRC/NA21106/raw_data/nanopore/dorado0.6.0_sup4.3.0_5mCG_5hmCG/10_24_23_R1041_HPRC_NA21106_1_dorado0.6.0_sup4.3.0_5mCG_5hmCG.bam	s3://human-pangenomics/working/HPRC/NA21106/raw_data/nanopore/dorado0.6.0_sup4.3.0_5mCG_5hmCG/10_24_23_R1041_HPRC_NA21106_1_dorado0.6.0_sup4.3.0_5mCG_5hmCG.bam	52561	dna_r10.4.1_e8.2_400bps_sup@v4.3.0	SQK-ULK114
NA21106	10_24_23_R1041_HPRC_NA21106_2_dorado0.6.0_sup4.3.0_5mCG_5hmCG.bam	24.08	79.5	https://s3-us-west-2.amazonaws.com/human-pangenomics/working/HPRC/NA21106/raw_data/nanopore/dorado0.6.0_sup4.3.0_5mCG_5hmCG/10_24_23_R1041_HPRC_NA21106_2_dorado0.6.0_sup4.3.0_5mCG_5hmCG.bam	s3://human-pangenomics/working/HPRC/NA21106/raw_data/nanopore/dorado0.6.0_sup4.3.0_5mCG_5hmCG/10_24_23_R1041_HPRC_NA21106_2_dorado0.6.0_sup4.3.0_5mCG_5hmCG.bam	63732	dna_r10.4.1_e8.2_400bps_sup@v4.3.0	SQK-ULK114
NA21106	10_24_23_R1041_HPRC_NA21106_3_dorado0.6.0_sup4.3.0_5mCG_5hmCG.bam	27.32	90.2	https://s3-us-west-2.amazonaws.com/human-pangenomics/working/HPRC/NA21106/raw_data/nanopore/dorado0.6.0_sup4.3.0_5mCG_5hmCG/10_24_23_R1041_HPRC_NA21106_3_dorado0.6.0_sup4.3.0_5mCG_5hmCG.bam	s3://human-pangenomics/working/HPRC/NA21106/raw_data/nanopore/dorado0.6.0_sup4.3.0_5mCG_5hmCG/10_24_23_R1041_HPRC_NA21106_3_dorado0.6.0_sup4.3.0_5mCG_5hmCG.bam	62578	dna_r10.4.1_e8.2_400bps_sup@v4.3.0	SQK-ULK114
NA21106	10_24_23_R1041_HPRC_NA21106_4_dorado0.6.0_sup4.3.0_5mCG_5hmCG.bam	5.32	17.6	https://s3-us-west-2.amazonaws.com/human-pangenomics/working/HPRC/NA21106/raw_data/nanopore/dorado0.6.0_sup4.3.0_5mCG_5hmCG/10_24_23_R1041_HPRC_NA21106_4_dorado0.6.0_sup4.3.0_5mCG_5hmCG.bam	s3://human-pangenomics/working/HPRC/NA21106/raw_data/nanopore/dorado0.6.0_sup4.3.0_5mCG_5hmCG/10_24_23_R1041_HPRC_NA21106_4_dorado0.6.0_sup4.3.0_5mCG_5hmCG.bam	67897	dna_r10.4.1_e8.2_400bps_sup@v4.3.0	SQK-ULK114
NA21110	01_16_24_R1041_HPRC_NA21110_1_dorado0.6.0_sup4.3.0_5mCG_5hmCG.bam	26.17	86.4	https://s3-us-west-2.amazonaws.com/human-pangenomics/working/HPRC/NA21110/raw_data/nanopore/dorado0.6.0_sup4.3.0_5mCG_5hmCG/01_16_24_R1041_HPRC_NA21110_1_dorado0.6.0_sup4.3.0_5mCG_5hmCG.bam	s3://human-pangenomics/working/HPRC/NA21110/raw_data/nanopore/dorado0.6.0_sup4.3.0_5mCG_5hmCG/01_16_24_R1041_HPRC_NA21110_1_dorado0.6.0_sup4.3.0_5mCG_5hmCG.bam	91688	dna_r10.4.1_e8.2_400bps_sup@v4.3.0	SQK-ULK114
NA21110	01_16_24_R1041_HPRC_NA21110_2_dorado0.6.0_sup4.3.0_5mCG_5hmCG.bam	30.01	99.0	https://s3-us-west-2.amazonaws.com/human-pangenomics/working/HPRC/NA21110/raw_data/nanopore/dorado0.6.0_sup4.3.0_5mCG_5hmCG/01_16_24_R1041_HPRC_NA21110_2_dorado0.6.0_sup4.3.0_5mCG_5hmCG.bam	s3://human-pangenomics/working/HPRC/NA21110/raw_data/nanopore/dorado0.6.0_sup4.3.0_5mCG_5hmCG/01_16_24_R1041_HPRC_NA21110_2_dorado0.6.0_sup4.3.0_5mCG_5hmCG.bam	87821	dna_r10.4.1_e8.2_400bps_sup@v4.3.0	SQK-ULK114
NA21110	01_16_24_R1041_HPRC_NA21110_3_dorado0.6.0_sup4.3.0_5mCG_5hmCG.bam	24.74	81.7	https://s3-us-west-2.amazonaws.com/human-pangenomics/working/HPRC/NA21110/raw_data/nanopore/dorado0.6.0_sup4.3.0_5mCG_5hmCG/01_16_24_R1041_HPRC_NA21110_3_dorado0.6.0_sup4.3.0_5mCG_5hmCG.bam	s3://human-pangenomics/working/HPRC/NA21110/raw_data/nanopore/dorado0.6.0_sup4.3.0_5mCG_5hmCG/01_16_24_R1041_HPRC_NA21110_3_dorado0.6.0_sup4.3.0_5mCG_5hmCG.bam	88119	dna_r10.4.1_e8.2_400bps_sup@v4.3.0	SQK-ULK114
NA21144	01_23_24_R1041_HPRC_NA21144_1_dorado0.6.0_sup4.3.0_5mCG_5hmCG.bam	21.7	71.6	https://s3-us-west-2.amazonaws.com/human-pangenomics/working/HPRC/NA21144/raw_data/nanopore/dorado0.6.0_sup4.3.0_5mCG_5hmCG/01_23_24_R1041_HPRC_NA21144_1_dorado0.6.0_sup4.3.0_5mCG_5hmCG.bam	s3://human-pangenomics/working/HPRC/NA21144/raw_data/nanopore/dorado0.6.0_sup4.3.0_5mCG_5hmCG/01_23_24_R1041_HPRC_NA21144_1_dorado0.6.0_sup4.3.0_5mCG_5hmCG.bam	106582	dna_r10.4.1_e8.2_400bps_sup@v4.3.0	SQK-ULK114
NA21144	01_23_24_R1041_HPRC_NA21144_2_dorado0.6.0_sup4.3.0_5mCG_5hmCG.bam	21.67	71.5	https://s3-us-west-2.amazonaws.com/human-pangenomics/working/HPRC/NA21144/raw_data/nanopore/dorado0.6.0_sup4.3.0_5mCG_5hmCG/01_23_24_R1041_HPRC_NA21144_2_dorado0.6.0_sup4.3.0_5mCG_5hmCG.bam	s3://human-pangenomics/working/HPRC/NA21144/raw_data/nanopore/dorado0.6.0_sup4.3.0_5mCG_5hmCG/01_23_24_R1041_HPRC_NA21144_2_dorado0.6.0_sup4.3.0_5mCG_5hmCG.bam	108089	dna_r10.4.1_e8.2_400bps_sup@v4.3.0	SQK-ULK114
NA21144	12_05_23_R1041_HPRC_NA21144_1_dorado0.6.0_sup4.3.0_5mCG_5hmCG.bam	10.12	33.4	https://s3-us-west-2.amazonaws.com/human-pangenomics/working/HPRC/NA21144/raw_data/nanopore/dorado0.6.0_sup4.3.0_5mCG_5hmCG/12_05_23_R1041_HPRC_NA21144_1_dorado0.6.0_sup4.3.0_5mCG_5hmCG.bam	s3://human-pangenomics/working/HPRC/NA21144/raw_data/nanopore/dorado0.6.0_sup4.3.0_5mCG_5hmCG/12_05_23_R1041_HPRC_NA21144_1_dorado0.6.0_sup4.3.0_5mCG_5hmCG.bam	74092	dna_r10.4.1_e8.2_400bps_sup@v4.3.0	SQK-ULK114
NA21144	12_05_23_R1041_HPRC_NA21144_2_dorado0.6.0_sup4.3.0_5mCG_5hmCG.bam	13.14	43.4	https://s3-us-west-2.amazonaws.com/human-pangenomics/working/HPRC/NA21144/raw_data/nanopore/dorado0.6.0_sup4.3.0_5mCG_5hmCG/12_05_23_R1041_HPRC_NA21144_2_dorado0.6.0_sup4.3.0_5mCG_5hmCG.bam	s3://human-pangenomics/working/HPRC/NA21144/raw_data/nanopore/dorado0.6.0_sup4.3.0_5mCG_5hmCG/12_05_23_R1041_HPRC_NA21144_2_dorado0.6.0_sup4.3.0_5mCG_5hmCG.bam	66827	dna_r10.4.1_e8.2_400bps_sup@v4.3.0	SQK-ULK114
NA21144	12_05_23_R1041_HPRC_NA21144_3_dorado0.6.0_sup4.3.0_5mCG_5hmCG.bam	12.4	40.9	https://s3-us-west-2.amazonaws.com/human-pangenomics/working/HPRC/NA21144/raw_data/nanopore/dorado0.6.0_sup4.3.0_5mCG_5hmCG/12_05_23_R1041_HPRC_NA21144_3_dorado0.6.0_sup4.3.0_5mCG_5hmCG.bam	s3://human-pangenomics/working/HPRC/NA21144/raw_data/nanopore/dorado0.6.0_sup4.3.0_5mCG_5hmCG/12_05_23_R1041_HPRC_NA21144_3_dorado0.6.0_sup4.3.0_5mCG_5hmCG.bam	77041	dna_r10.4.1_e8.2_400bps_sup@v4.3.0	SQK-ULK114
NA21309	02_22_23_R1041_NA21309_1_dorado0.7.2_sup4.1.0_5mCG_5hmCG.bam	29.4	97.0	https://s3-us-west-2.amazonaws.com/human-pangenomics/working/HPRC_PLUS/NA21309/raw_data/nanopore/dorado0.7.2_sup4.1.0_5mCG_5hmCG/02_22_23_R1041_NA21309_1_dorado0.7.2_sup4.1.0_5mCG_5hmCG.bam	s3://human-pangenomics/working/HPRC_PLUS/NA21309/raw_data/nanopore/dorado0.7.2_sup4.1.0_5mCG_5hmCG/02_22_23_R1041_NA21309_1_dorado0.7.2_sup4.1.0_5mCG_5hmCG.bam	87919	dna_r10.4.1_e8.2_400bps_sup@v4.1.0	SQK-ULK110
NA21309	02_22_23_R1041_NA21309_2_dorado0.7.2_sup4.1.0_5mCG_5hmCG.bam	20.8	68.7	https://s3-us-west-2.amazonaws.com/human-pangenomics/working/HPRC_PLUS/NA21309/raw_data/nanopore/dorado0.7.2_sup4.1.0_5mCG_5hmCG/02_22_23_R1041_NA21309_2_dorado0.7.2_sup4.1.0_5mCG_5hmCG.bam	s3://human-pangenomics/working/HPRC_PLUS/NA21309/raw_data/nanopore/dorado0.7.2_sup4.1.0_5mCG_5hmCG/02_22_23_R1041_NA21309_2_dorado0.7.2_sup4.1.0_5mCG_5hmCG.bam	83591	dna_r10.4.1_e8.2_400bps_sup@v4.1.0	SQK-ULK110
NA21309	02_22_23_R1041_NA21309_3_dorado0.7.2_sup4.1.0_5mCG_5hmCG.bam	22.86	75.4	https://s3-us-west-2.amazonaws.com/human-pangenomics/working/HPRC_PLUS/NA21309/raw_data/nanopore/dorado0.7.2_sup4.1.0_5mCG_5hmCG/02_22_23_R1041_NA21309_3_dorado0.7.2_sup4.1.0_5mCG_5hmCG.bam	s3://human-pangenomics/working/HPRC_PLUS/NA21309/raw_data/nanopore/dorado0.7.2_sup4.1.0_5mCG_5hmCG/02_22_23_R1041_NA21309_3_dorado0.7.2_sup4.1.0_5mCG_5hmCG.bam	79583	dna_r10.4.1_e8.2_400bps_sup@v4.1.0	SQK-ULK110
